Sr. No.,CAB Id,CAB Name,User Name,Standard,Field,Assessment Type,Contact Person,Email,Mobile,Address,State,City,Pincode,Status,Discipline/Category,Group/Activity(s),Certificate Number,Certificate Issue Date,Certificate Valid Till,Certificate Extend Date,Certificate Ammendment Date,Do Alloted,Created On
1,M-6303,Sri Vijaya Diagnostic Centre,NABL6303,2022,Medical,,K. Murali Krishna Rao,vijayalab.palakol@gmail.com,9396955555,"11-2-19/7/D2, Journalist Colony, Palakole, West Godavari, Andhra Pradesh",Andhra Pradesh,Palakole,,,"Clinical Biochemistry,Haematology & Immunohaematology",,MC-7973,13/03/2026,12/03/2030,,,,Apr 6 2026 10:37AM
2,M-1504,PANCHASHEEL MEDICAL SERVICES PRIVATE LIMITED-LAB DIVISION,nabl000168,2022,Medical,Renewal of Accreditation,RAJA VOJJALA,drraaj@hotmail.com,9885732699,"1-1-130 TO 139, 140 TO 144, OFFICE NO 401 A & B, FOURTH FLOOR, NAVKETAN COMPLEX, CLOCK TOWER, SAROJINI DEVI ROAD (SD ROAD), SECUNDERABAD",Telangana,Hyderabad,500003,Accreditation Certificate Approved and Issued,"Clinical Biochemistry,Haematology,Clinical Pathology,Microbiology & Infectious disease serology",,MC-2920,16/11/2025,15/11/2029,,18/11/2025,Archive Applications,Oct 3 2026 7:30AM
3,M-0214,DEPARTMENT OF LABORATORY MEDICINE - DR L H HIRANANDANI HOSPITAL,nabl000184,2022,Medical,Renewal of Accreditation,SUVIN SHETTY,drsuvinshetty@gmail.com,9930928324,"FIRST FLOOR, HILLSIDE AVENUE, HIRANANDANI GARDENS, POWAI",Maharashtra,Mumbai,400076,Accreditation Certificate Approved and Issued,"Clinical Biochemistry,Clinical Pathology,Microbiology & Infectious disease serology,Haematology & Immunohaematology",,NABLM0626MH08138,12/04/2026,11/04/2030,,03/08/2026,Mandeep Dalal,Oct 3 2026 7:30AM
4,M-1517,"DEPARTMENT OF MICROBIOLOGY,GMERS MEDICAL COLLEGE AND HOSPITAL",nabl000194,2022,Medical,Renewal of Accreditation,Nidhi Sood,sola.microbiology@gmail.com,9429069369,"SG HIGHWAY, SOLA",Gujarat,Ahmedabad,380060,Accreditation Certificate Approved and Issued,"Molecular Testing,Microbiology & Infectious disease serology",,MC-2867,14/10/2024,13/10/2028,,,Archive Applications,Oct 3 2026 7:30AM
5,M-0283,"LABORATORY SERVICES, CIVIL HOSPITAL (B. J. MEDICAL COLLEGE)",nabl000222,2022,Medical,Renewal of Accreditation,Sima Bhatt,lsbjmc@gmail.com,9898462416,ASARWA,Gujarat,Ahmedabad,380016,Accreditation Certificate Approved and Issued,"Clinical Biochemistry,Cytopathology,Molecular Testing,Haematology,Histopathology,Clinical Pathology,Microbiology & Infectious disease serology",,MC-2873,08/07/2025,07/07/2029,,,Archive Applications,Oct 3 2026 7:30AM
6,M-1527,SABOO DIAGNOSTICS,nabl000338,2022,Medical,Renewal of Accreditation,SANDEEP R SABOO,deep5870@gmail.com,9849452520,"14-7-24/27, BEGUM BAZAR",Telangana,Hyderabad,500012,Accreditation Certificate Approved and Issued,"Clinical Biochemistry,Haematology,Clinical Pathology",,MC-7433,13/06/2025,12/06/2029,,,Archive Applications,Oct 3 2026 7:30AM
7,M-1540,GLOCAL HOSPITAL LABORATORY DIVISION,nabl000452,2022,Medical,Renewal of Accreditation,Vijay Kumar Jha,bh-bgsr@glocal.healthcare,8210892916,"GLOCAL HOSPITAL, NH 31, SUSHIL NAGAR CHOWK",Bihar,Begusarai,851134,Accreditation Certificate Approved and Issued,"Clinical Biochemistry,Haematology,Clinical Pathology",,MC-6965,13/11/2024,12/11/2028,,,Archive Applications,Oct 3 2026 7:30AM
8,M-1623,"DEPARTMENT OF LABORATORY SERVICES, SRI SANKARADEVA NETHRALAYA, SRI KANCHI SANKARA HEALTH AND EDUCATIONAL FOUNDATION",nabl000521,2022,Medical,Renewal of Accreditation,KRISHNA GOGOI,ssnlabghy@gmail.com,9864015831,"96, BASISTHA ROAD",Assam,Guwahati,781028,Accreditation Certificate Approved and Issued,"Clinical Biochemistry,Molecular Diagnostics,Histopathology,Clinical Pathology,Microbiology & Infectious disease serology,Haematology & Immunohaematology",,MC-6244,04/01/2026,03/01/2030,,16/01/2026,Shweta Sinha,Oct 3 2026 7:30AM
9,M-1541,"DEPARTMENT OF LAB MEDICINE, ALCHEMIST DIAGNOSTIC CENTRE, A UNIT OF ALCHEMIST HOSPITALS Limited",nabl000562,2022,Medical,Renewal of Accreditation,Sangeeta Verma,sangeeta.verma@alchemisthospitals.com,9780887047,"SCO 99, SECTOR 21",Haryana,Panchkula,134112,Accreditation Certificate Approved and Issued,"Clinical Biochemistry,Cytopathology,Haematology,Clinical Pathology,Microbiology & Infectious disease serology",,MC-6137,21/11/2025,20/11/2029,,,Archive Applications,Oct 3 2026 7:30AM
10,M-1553,MATRIX- UNIT OF APACE IMAGING AND DIAGNOSTIC CENTRE PRIVATE LIMITED,nabl000581,2022,Medical,Renewal of Accreditation,Tutumoni Das,matrixlabghy@gmail.com,8638232847,"NEXIA PARK, CHRISTIAN BASTI",Assam,Guwahati,781005,Accreditation Certificate Approved and Issued,"Clinical Biochemistry,Clinical Pathology,Haematology & Immunohaematology",,NABLM0626AS08116,13/06/2026,12/06/2030,,,Archive Applications,Oct 3 2026 7:30AM
11,M-1550,"DEPARTMENT OF LABORATORY SERVICES, JABALPUR HOSPITAL AND RESEARCH CENTER",nabl000583,2022,Medical,Renewal of Accreditation,Namrata Seth,JHRCPATHLAB@GMAIL.COM,8839256492,837 NAPIER TOWN RUSSEL CROSSING,Madhya Pradesh,Jabalpur,482002,Accreditation Certificate Approved and Issued,"Clinical Biochemistry,Clinical Pathology,Haematology & Immunohaematology",,MC-3015,08/04/2026,07/04/2030,,,Archive Applications,Oct 3 2026 7:30AM
12,M-0484,PATHOLOGY LABORATORY - NARINDER MOHAN HOSPITAL & HEART CENTRE,nabl000665,2022,Medical,Renewal of Accreditation,MANOJ KUMAR,manojkripi@gmail.com,9818763794,"PLOT NO: 16-17, GT ROAD, MOHAN NAGAR",Uttar Pradesh,Ghaziabad,201007,Accreditation Certificate Approved and Issued,"Clinical Biochemistry,Cytopathology,Molecular Testing,Haematology,Clinical Pathology,Microbiology & Infectious disease serology",,MC-2273,16/08/2025,15/08/2029,,,Archive Applications,Oct 3 2026 7:30AM
13,M-0035,"CENTRAL LABORATORY, SYNGENE INTERNATIONAL LIMITED",nabl000707,2022,Medical,Renewal of Accreditation,Mahathevan Pillai,mahathevan.pillai@syngeneintl.com,8105572838,"TOWER-1, SEMICON PARK, ELECTRONIC CITY PHASE-II, HOSUR ROAD",Karnataka,Bengaluru,560100,Accreditation Certificate Approved and Issued,"Clinical Biochemistry,Clinical Pathology,Microbiology & Infectious disease serology,Haematology & Immunohaematology",,MC-3124,03/02/2026,02/02/2030,,02/03/2026,Archive Applications,Oct 3 2026 7:30AM
14,M-1197,DR GIRIJAS DIAGNOSTIC LABS AND SCANS LLP,nabl000721,2022,Medical,Renewal of Accreditation,Deepa K Nair,girijasnabl@gmail.com,9663917947,MAK'S COMPLEX,Kerala,Attingal,695101,Accreditation Certificate Approved and Issued,"Clinical Biochemistry,Haematology,Clinical Pathology",,MC-5689,26/05/2025,25/05/2029,,28/05/2025,Archive Applications,Oct 3 2026 7:30AM
15,M-0357,"DEPARTMENT OF LAB SCIENCES, RAJIV GANDHI CANCER INSTITUTE AND RESEARCH CENTRE (A UNIT OF INDRAPRASTHA CANCER SOCIETY AND RESEARCH CENTRE)",nabl000722,2022,Medical,Renewal of Accreditation,ADITI GUPTA,gupta.aditi@rgcirc.org,9560102638,"BLOCK A, BASEMENT, PLOT NO D-18, SECTOR 5, ROHINI INSTITUTIONAL AREA, NORTH WEST",Delhi,Delhi,110085,Accreditation Certificate Approved and Issued,"Clinical Biochemistry,Cytopathology,Molecular Testing,Cytogenetics,Haematology,Histopathology,Clinical Pathology,Flow Cytometry,Microbiology & Infectious disease serology",",--Select Group--",MC-2143,06/05/2025,05/05/2029,,,Archive Applications,Oct 3 2026 7:30AM
16,M-1156,PXL LABORATORY - KUKREJA HOSPITAL,nabl000778,2022,Medical,Renewal of Accreditation,Rumeet S Kukreja,kukrejahospitaldelhi@gmail.com,9810064867,"D-36, ACHARYA NIKETAN, MAYUR VIHAR, PASE - 1",Delhi,Delhi,110091,Accreditation Certificate Approved and Issued,"Clinical Biochemistry,Haematology & Immunohaematology",",--Select Group--",MC-6451,12/04/2026,11/04/2030,,28/04/2026,Shweta Sinha,Oct 3 2026 7:30AM
17,M-0130,CITY X RAY & SCAN CLINIC PRIVATE LIMITED,nabl000802,2022,Medical,Renewal of Accreditation,Asha Kalra,drkapoor.city@gmail.com,8800999400,"5A/34, TILAK NAGAR",Delhi,New Delhi,110018,Accreditation Certificate Approved and Issued,"Clinical Biochemistry,Cytopathology,Molecular Testing,Haematology,Histopathology,Clinical Pathology,Microbiology & Infectious disease serology",,MC-2459,28/12/2025,27/12/2029,,18/05/2026,Gayathri S,Oct 3 2026 7:30AM
18,M-0467,CHANRE DIAGNOSTIC LABORATORY (A UNIT OF DR. LAL PATHLABS),nabl000821,0,Medical,NABL 201,DR RENUKA P,drrenuka@chanrediagnostic.com,9243420431,"# 121/1, 3RD MAIN, MARGOSA ROAD, MALLESWARAM",Karnataka,Bengaluru,560003,Accreditation Certificate Approved and Issued,"Clinical Biochemistry,Cytopathology,Molecular Diagnostics,Histopathology,Clinical Pathology,Microbiology & Infectious disease serology,Haematology & Immunohaematology",,MC-3018,31/07/2026,18/11/2028,,,Gayathri S,Oct 3 2026 7:30AM
19,M-0903,"CENTRAL LABORATORY, KIMS",nabl000871,2022,Medical,Renewal of Accreditation,Rajlaxmi Sarangi,rajlaxmi.sarangi@kims.ac.in,8940222185,"KIIT, CAMPUS-5, PATIA",Odisha,Bhubaneswar,751024,Accreditation Certificate Approved and Issued,"Clinical Biochemistry,Cytopathology,Molecular Testing,Haematology,Clinical Pathology,Microbiology & Infectious disease serology",,MC-5780,10/07/2025,09/07/2029,,,Archive Applications,Oct 3 2026 7:30AM
20,M-0711,"DEPARTMENT OF LABORATORY MEDICINE, BHAILAL AMIN GENERAL HOSPITAL",nabl000895,2022,Medical,Renewal of Accreditation,RAKESH VAIDYA,rakesh.vaidya@baghospital.com,9824136084,"3RD. FLOOR, LEGACY BUILDING, BHAILAL AMIN MARG (ALEMBIC ROAD), GORWA",Gujarat,Vadodara,390003,Accreditation Certificate Approved and Issued,"Clinical Biochemistry,Cytopathology,Molecular Testing,Haematology,Histopathology,Clinical Pathology,Microbiology & Infectious disease serology",,MC-3004,13/12/2025,12/12/2029,,26/12/2025,Archive Applications,Oct 3 2026 7:30AM
21,M-1350,"ASRAM CENTRAL LABORATORY, ALLURI SITARAMA RAJU ACADEMY OF MEDICAL SCIENCES (ASRAM)",nabl000905,2022,Medical,Renewal of Accreditation,SUCHITRA,"suchikavuri@gmail.com, info@ asram.in",9490857145,"MALKAPURAM, NH-5, VIJAYAWADA-VISAKHAPATNAM ROAD",Andhra Pradesh,Eluru,534005,Accreditation Certificate Approved and Issued,"Clinical Biochemistry,Molecular Diagnostics,Clinical Pathology,Microbiology & Infectious disease serology,Haematology & Immunohaematology",,MC-6304,02/02/2026,01/02/2030,,06/02/2026,Archive Applications,Oct 3 2026 7:30AM
22,M-0971,"GOYAL HOSPITAL & RESEARCH CENTRE PRIVATE LIMITED, DEPARTMENT OF PATHOLOGY",nabl000935,2022,Medical,Renewal of Accreditation,Vandana Mishra,info@goyalhospital.org,9929098144,"961/2, RESIDENCY ROAD",Rajasthan,Jodhpur,342003,Accreditation Certificate Approved and Issued,"Clinical Biochemistry,Haematology",,MC-3048,15/12/2025,14/12/2029,,,Archive Applications,Oct 3 2026 7:30AM
23,M-1888,SIGMA DIAGNOSTIC & IMAGING CENTRE,nabl000979,2022,Medical,Renewal of Accreditation,RAMINDER SINGH BHATIA,sigma_dic@yahoo.co.in,9999990201,"17, TARUN ENCLAVE, PITAMPURA",Delhi,New Delhi,110034,Accreditation Certificate Approved and Issued,"Clinical Biochemistry,Haematology,Clinical Pathology",,MC-6275,25/01/2026,24/01/2030,,,Archive Applications,Oct 3 2026 7:30AM
24,M-0515,"DEPARTMENT OF PATHOLOGY AND LABORATORY MEDICINE, MEDANTA -THE MEDICITY",nabl001005,2022,Medical,Renewal of Accreditation,Shalini Goel,shalini.goel@medanta.org,9650805229,SECTOR 38,Haryana,Gurgaon,122001,Accreditation Certificate Approved and Issued,"Clinical Biochemistry,Cytopathology,Molecular Testing,Cytogenetics,Haematology,Histopathology,Clinical Pathology,Flow Cytometry,Microbiology & Infectious disease serology",",--Select Group--",MC-2346,05/10/2025,04/10/2029,,,Archive Applications,Oct 3 2026 7:30AM
25,M-1232,VAIDYA LAB THANE UNIT OF MILLENNIUM SPECIAL LAB PRIVATE LIMITED,nabl001008,2022,Medical,Renewal of Accreditation,MADHU NANGLA,qm@millenniumpathlabs.com,9619432268,"ODYSSEY PARK, 2ND FLOOR, 201, RAGHUNATH NAGAR, WAGLE ESTATE",Maharashtra,Thane,400604,Accreditation Certificate Approved and Issued,"Clinical Biochemistry,Molecular Diagnostics,Clinical Pathology,Microbiology & Infectious disease serology,Haematology & Immunohaematology",,MC-2107,06/03/2026,05/03/2030,,,Archive Applications,Oct 3 2026 7:30AM
26,M-0731,BURDWAN SCAN CENTRE PRIVATE LIMITED,nabl001029,2022,Medical,Renewal of Accreditation,JOY DUTTA,bscpl.burdwan2024@gmail.com,6297571742,"7, R.B.GHOSH ROAD, KHOSHBAGAN",West Bengal,Barddhaman,713101,Accreditation Certificate Approved and Issued,"Clinical Biochemistry,Haematology,Clinical Pathology",",--Select Group--",MC-2106,15/03/2025,14/03/2029,,20/03/2025,Archive Applications,Oct 3 2026 7:30AM
27,M-0341,NEW CIVIL HOSPITAL SURAT LABORATORY SERVICES,nabl001038,2022,Medical,Renewal of Accreditation,R.N. Hathila,nchslsnchs@gmail.com,9825641338,"NEW CIVIL HOSPITAL, MAJURA GATE",Gujarat,Surat,395001,Accreditation Certificate Approved and Issued,"Clinical Biochemistry,Cytopathology,Molecular Testing,Haematology,Histopathology,Clinical Pathology,Microbiology & Infectious disease serology",,MC-6909,11/10/2024,10/10/2028,,,Archive Applications,Oct 3 2026 7:30AM
28,M-0927,GARG PATHOLOGY PRIVATE LIMITED,nabl001072,2022,Medical,Renewal of Accreditation,MONIKA GARG,gargpath2018@gmail.com,8126777454,"PLOT NO.10, GARDEN HOUSE COLONY, JANTA NAGAR, GARH ROAD",Uttar Pradesh,Meerut,250002,Accreditation Certificate Approved and Issued,"Clinical Biochemistry,Haematology,Clinical Pathology",,MC-2983,28/11/2025,27/11/2029,,,Archive Applications,Oct 3 2026 7:30AM
29,M-0946,"HIV TESTING LABORATORY, GOVT. THENI MEDICAL COLLEGE",nabl001078,2022,Medical,Renewal of Accreditation,K Anusha,anukalasans@gmail.com,8220365645,"SHANMUGASUNDARAPURAM VILLAGE, ANDIPATTI POST",Tamil Nadu,Theni,625512,Accreditation Certificate Approved and Issued,"Flow Cytometry,Microbiology & Infectious disease serology",,MC-2998,23/10/2025,22/10/2029,,,Archive Applications,Oct 3 2026 7:30AM
30,M-1565,"DEPARTMENT OF LABORATORY MEDICINE, N.M. VIRANI WOCKHARDT HOSPITAL",nabl001105,2022,Medical,Renewal of Accreditation,Parth Kachhadiya,PARTHKUMAR.KACHHADIYA@WOCKHARDTHOSPITALS.COM,9979677771,KALAWAD ROAD,Gujarat,Rajkot,360007,Accreditation Certificate Approved and Issued,"Clinical Biochemistry,Haematology,Clinical Pathology,Microbiology & Infectious disease serology",,MC-2974,10/10/2025,09/10/2029,,,Archive Applications,Oct 3 2026 7:30AM
31,M-0951,SN GENELAB,nabl001125,2022,Medical,Renewal of Accreditation,MEGHA JAIN,contact@sngenelab.com,9586177755,"2ND FLOOR, PRESIDENT PLAZA A, NANPURA",Gujarat,Surat,395005,Accreditation Certificate Approved and Issued,"Molecular Testing,Cytogenetics",,MC-7414,04/06/2025,03/06/2029,,,Archive Applications,Oct 3 2026 7:30AM
32,M-1556,"LABORATORY SERVICES, BHARDWAJ HOSPITAL",nabl001131,2022,Medical,Renewal of Accreditation,Juhee Chandra,chandrajuhee@gmail.com,9810194704,"NH-1,SEC-29",Uttar Pradesh,Noida,201301,Accreditation Certificate Approved and Issued,"Clinical Biochemistry,Haematology,Clinical Pathology,Microbiology & Infectious disease serology",,MC-2939,11/09/2025,10/09/2029,,,Archive Applications,Oct 3 2026 7:30AM
33,M-1563,KAMINENI INSTITUTE OF MEDICAL SCIENCES DIAGNOSTIC LABORATORY,nabl001171,2022,Medical,Renewal of Accreditation,Y DivyaPrafulla,kimsdl2018@gmail.com,9030583380,"KAMINENI INSTITUTE OF MEDICAL SCIENCES HOSPITAL, SREEPURAM, NARKATPALLY",Telangana,Nalgonda,508254,Accreditation Certificate Approved and Issued,"Clinical Biochemistry,Molecular Diagnostics,Clinical Pathology,Microbiology & Infectious disease serology,Haematology & Immunohaematology",",--Select Group--",MC-8068,30/04/2026,29/04/2030,,,Archive Applications,Oct 3 2026 7:30AM
34,M-0049,METROPOLIS HEALTHCARE LIMITED,nabl001188,2022,Medical,Scope Extension,Niaz Ahmed,niaz.ahmed@metropolisindia.com,9999589860,"CONSTRUCTION HOUSE, GROUND FLOOR, FIRST FLOOR, BHANDARKAR ROAD, 796/189/B, DECCAN GYMKHANA",Maharashtra,Pune,411004,Accreditation Certificate Approved and Issued,"Clinical Biochemistry,Molecular Diagnostics,Clinical Pathology,Microbiology & Infectious disease serology,Haematology & Immunohaematology",",--Select Group--",MC-2034,11/12/2024,10/12/2028,,06/08/2026,Gayathri S,Oct 3 2026 7:30AM
35,M-1192,SHAH PATH LAB LLP,nabl001192,2022,Medical,Renewal of Accreditation,SAMEER SHAH,shahpathlabllp@gmail.com,9822050653,29 JAI NAGAR,Maharashtra,Jalgaon,425002,Accreditation Certificate Approved and Issued,Clinical Biochemistry,,MC-6218,27/12/2025,26/12/2029,,,Archive Applications,Oct 3 2026 7:30AM
36,M-3669,"LABORATORY, MANIPAL HOSPITAL YESHWANTHPUR",nabl001203,2022,Medical,Renewal of Accreditation,Shwetha R Bangalore,shwetha.r@manipalhospitals.com,9535871458,"#26/4, BRIGADE GATEWAY, MALLESHWARAM WEST",Karnataka,Bengaluru,560055,Accreditation Certificate Approved and Issued,"Clinical Biochemistry,Cytopathology,Haematology,Histopathology,Clinical Pathology,Microbiology & Infectious disease serology",",--Select Group--",MC-6279,23/01/2026,22/01/2030,,,Archive Applications,Oct 3 2026 7:30AM
37,M-1609,RAJAGIRI HOSPITAL LABORATORY SERVICES,nabl001209,2022,Medical,Renewal of Accreditation,SUNITHA THOMAS,sunitha.thomas@rajagirihospital.com,9495010746,CHUNANGAMVELY,Kerala,Aluva,683112,Accreditation Certificate Approved and Issued,"Clinical Biochemistry,Cytopathology,Molecular Diagnostics,Histopathology,Clinical Pathology,Flow Cytometry,Microbiology & Infectious disease serology,Haematology & Immunohaematology",,MC-3159,23/04/2026,22/04/2030,,30/04/2026,Archive Applications,Oct 3 2026 7:30AM
38,M-1159,PRECISION PATH LAB PRIVATE LIMITED,nabl001240,2022,Medical,NABL 201,SAMEER AGARWAL,drsam937@gmail.com,9983117003,"72/02, SHIPRA PATH, MANSAROVAR",Rajasthan,Jaipur,302020,Accreditation Certificate Approved and Issued,"Clinical Biochemistry,Molecular Diagnostics,Clinical Pathology,Microbiology & Infectious disease serology,Haematology & Immunohaematology",,MC-3002,13/09/2026,22/10/2029,,,Archive Applications,Oct 3 2026 7:30AM
39,M-1572,TENET DIAGNOSTICS (A UNIT OF TENET MEDCORP PRIVATE LIMITED),nabl001273,2022,Medical,Renewal of Accreditation,Syed Basheer Uddin,basheer@tenetmedcorp.com,9989422226,"PLOT NO.51, KINETA TOWERS, JOURNALIST COLONY, ROAD NO.3, BANJARA HILLS",Telangana,Hyderabad,500034,Accreditation Certificate Approved and Issued,"Clinical Biochemistry,Cytopathology,Molecular Testing,Cytogenetics,Haematology,Histopathology,Clinical Pathology,Flow Cytometry,Microbiology & Infectious disease serology",,MC-2977,23/10/2025,09/10/2029,,07/11/2025,Archive Applications,Oct 3 2026 7:30AM
40,M-0607,"ARTEMIS HOSPITAL, LAB SERVICES (A UNIT OF ARTEMIS MEDICARE SERVICES LTD.)",nabl001290,2022,Medical,Renewal of Accreditation,PARMA NAND BAHUGUNA,parmanand@artemishospitals.com,9716019999,SECTOR - 51,Haryana,Gurugram,122001,Accreditation Certificate Approved and Issued,"Clinical Biochemistry,Cytopathology,Molecular Testing,Haematology,Histopathology,Clinical Pathology,Microbiology & Infectious disease serology",,MC-3061,15/12/2025,14/12/2029,,,Archive Applications,Oct 3 2026 7:30AM
41,M-0084,THE CALCUTTA MEDICAL RESEARCH INSTITUTE (DEPARTMENT OF PATHOLOGY),nabl001314,2022,Medical,Scope Extension,ARINDAM MONDAL,arindam.mondal@ckbirlahospitals.com,8017658816,7/2 DIAMOND HARBOUR ROAD,West Bengal,Kolkata,700027,Accreditation Certificate Approved and Issued,"Clinical Biochemistry,Cytopathology,Molecular Testing,Haematology,Histopathology,Clinical Pathology,Microbiology & Infectious disease serology",",--Select Group--",MC-2110,19/12/2024,18/12/2028,,04/12/2025,Archive Applications,Oct 3 2026 7:30AM
42,M-0611,"LABORATORY SERVICES, SARVODAYA HOSPITAL AND RESEARCH CENTER",nabl001321,2022,Medical,Renewal of Accreditation,Deepika Parwan,deepika.parwan@sarvodayahospital.com,9711811080,"YMCA ROAD, SECTOR - 8",Haryana,Faridabad,121006,Accreditation Certificate Approved and Issued,"Clinical Biochemistry,Cytopathology,Molecular Testing,Haematology,Histopathology,Clinical Pathology,Microbiology & Infectious disease serology",,MC-2277,23/09/2025,22/09/2029,,,Archive Applications,Oct 3 2026 7:30AM
43,M-0083,B. M. BIRLA HEART RESEARCH CENTRE (DEPARTMENT OF LABORATORY SERVICES),nabl001357,2022,Medical,Renewal of Accreditation,Soniya Karmakar,soniya.karmakar@ckbirlahospitals.com,9874793513,"1/1, NATIONAL LIBRARY AVENUE",West Bengal,Kolkata,700027,Accreditation Certificate Approved and Issued,"Clinical Biochemistry,Clinical Pathology,Microbiology & Infectious disease serology,Haematology & Immunohaematology",,MC-3102,24/02/2026,23/02/2030,,,Gayathri S,Oct 3 2026 7:30AM
44,M-0422,APEX HOSPITALS PVT. LTD. LAB,nabl001398,2022,Medical,Renewal of Accreditation,Mayuree Rahangdale,quality@apexhospitals.com,9691785612,"SP 4 & 6, MALVIYA INDUSTRIAL AREA, MALVIYA NAGAR",Rajasthan,Jaipur,302017,Accreditation Certificate Approved and Issued,"Clinical Biochemistry,Cytopathology,Molecular Testing,Haematology,Histopathology,Clinical Pathology,Microbiology & Infectious disease serology",,MC-6208,15/12/2025,14/12/2029,,,Archive Applications,Oct 3 2026 7:30AM
45,M-1107,"DEPARTMENT OF PATHOLOGY, MARIAMPUR HOSPITAL",nabl001401,2022,Medical,Renewal of Accreditation,ARPITHA MATHEW,mariampurlab@gmail.com,9170007397,"GOVIND NAGAR RD, SHASTRI NAGAR",Uttar Pradesh,Kanpur,208005,Accreditation Certificate Approved and Issued,"Clinical Biochemistry,Clinical Pathology,Microbiology & Infectious disease serology,Haematology & Immunohaematology",,MC-2962,16/03/2026,15/03/2030,,,Shweta Sinha,Oct 3 2026 7:30AM
46,M-0318,MEDICAL TESTING LABORATORY - YASHODA HOSPITAL & RESEARCH CENTRE,nabl001409,2022,Medical,Renewal of Accreditation,Dr shuchi,drshuchichopra@gmail.com,9591037043,III-M NEHRU NAGAR,Uttar Pradesh,Ghaziabad,201001,Accreditation Certificate Approved and Issued,"Clinical Biochemistry,Cytopathology,Haematology,Histopathology,Clinical Pathology,Microbiology & Infectious disease serology",",--Select Group--",MC-3022,27/10/2025,26/10/2029,,05/11/2025,Archive Applications,Oct 3 2026 7:30AM
47,M-0912,"DEPARTMENT OF PATHOLOGY, HEILEN CROSS DIAGNOSTICS PRIVATE LIMITED",nabl001414,2022,Medical,Renewal of Accreditation,Aruna Chakraborty,heilencross@hotmail.com,9830421759,"40 A, HINDUSTAN PARK",West Bengal,Kolkata,700029,Accreditation Certificate Approved and Issued,"Clinical Biochemistry,Clinical Pathology,Haematology & Immunohaematology",,MC-6427,28/03/2026,27/03/2030,,31/03/2026,Archive Applications,Oct 3 2026 7:30AM
48,M-0981,"WOCKHARDT RESEARCH CENTRE, IMMUNO DIAGNOSTIC LAB",nabl001451,2022,Medical,Renewal of Accreditation,Ramdas Bargal,RBargal@wockhardt.com,9767109772,"IMMUNO DIAGNOSTIC LAB, 1ST FLOOR, CPB DEPARTMENT, WOCKHARDT RESEARCH & DEVELOPMENT CENTRE",Maharashtra,Aurangabad,431006,Accreditation Certificate Approved and Issued,"Clinical Biochemistry,Haematology,Clinical Pathology,Microbiology & Infectious disease serology",,MC-7281,28/03/2025,27/03/2029,,,Archive Applications,Oct 3 2026 7:30AM
49,M-0802,"LAB SERVICES, APOLLO SPECIALITY HOSPITALS",nabl001456,2022,Medical,Renewal of Accreditation,K R Vijayabasker Mithun,drmithun_kr@apollohospitals.com,9524744211,"P 3, KK NAGAR EAST 1ST STREET",Tamil Nadu,Madurai,625020,Accreditation Certificate Approved and Issued,"Clinical Biochemistry,Cytopathology,Molecular Testing,Haematology,Histopathology,Clinical Pathology,Microbiology & Infectious disease serology",",--Select Group--",MC-2997,31/10/2025,30/10/2029,,01/11/2025,Archive Applications,Oct 3 2026 7:30AM
50,M-0968,EKOPATH METROPOLIS LAB SERVICES PRIVATE LIMITED,nabl001458,2022,Medical,NABL 201,Subhajit Paul,subhajit.ekopath@metropolisindia.com,9508493527,"4TH FLOOR, SWAGOTA ENVISION, GS ROAD, KHANAPARA",Assam,Guwahati,781022,Accreditation Certificate Approved and Issued,"Clinical Biochemistry,Cytopathology,Molecular Diagnostics,Histopathology,Clinical Pathology,Microbiology & Infectious disease serology,Haematology & Immunohaematology",,MC-2368,15/12/2024,14/12/2028,,30/06/2026,Shweta Sinha,Oct 3 2026 7:30AM
51,M-0307,N G MEDICARE & CALCUTTA HOPE INFERTILITY CLINIC (DEPARTMENT OF PATHOLOGY),nabl001486,2022,Medical,Renewal of Accreditation,SAYED M. NADEEM,nadeemsm_2006@hotmail.com,9830026389,"123 A, RASHBEHARI AVENUE",West Bengal,Kolkata,700029,Accreditation Certificate Approved and Issued,"Clinical Biochemistry,Haematology,Clinical Pathology",,MC-3067,13/12/2025,12/12/2029,,,Gayathri S,Oct 3 2026 7:30AM
52,M-0368,SURBHI HOSPITAL LABORATORY DIVISION,nabl001547,2022,Medical,Renewal of Accreditation,MEENU AGGARWAL,happymeenu@yahoo.com,9999014599,"K NO. 332, MORNA, GOLF COURSE ROAD",Uttar Pradesh,Noida,201301,Accreditation Certificate Approved and Issued,"Clinical Biochemistry,Haematology,Clinical Pathology,Microbiology & Infectious disease serology",,MC-3001,20/11/2025,19/11/2029,,,Gayathri S,Oct 3 2026 7:30AM
53,M-1227,AARTHI SCANS & LABS (A UNIT OF AARTHI SCANS PRIVATE LIMITED),nabl001574,2022,Medical,Renewal of Accreditation,AARTHI G,aarthiscansandlabs.nabl@gmail.com,9940022447,"NO.60, HUNDRED FEET ROAD, VADAPALANI",Tamil Nadu,Chennai,600026,Accreditation Certificate Approved and Issued,"Clinical Biochemistry,Molecular Diagnostics,Clinical Pathology,Microbiology & Infectious disease serology,Haematology & Immunohaematology",,MC-6396,16/03/2026,15/03/2030,,17/03/2026,Shweta Sinha,Oct 3 2026 7:30AM
54,M-1615,"HIV TESTING LABORATORY, DEPARTMENT OF MICROBIOLOGY, JAWAHARLAL NEHRU INSTITUTE OF MEDICAL SCIENCES (JNIMS)",nabl001672,2022,Medical,Renewal of Accreditation,ROSHAN SINGH,srl.manipur.jnmc@gmail.com,3853566805,POROMPAT,Manipur,Imphal,795005,Accreditation Certificate Approved and Issued,Microbiology & Infectious disease serology,,NABLM0626MN08107,13/06/2026,12/06/2030,,06/06/2026,Shweta Sinha,Oct 3 2026 7:30AM
55,M-0197,P.S.G HOSPITALS DIAGNOSTIC CENTRE,nabl001676,2022,Medical,Renewal of Accreditation,VIJAYA DORAISWAMY,viyasou@yahoo.co.in,9443065415,"AVINASHI ROAD, PEELAMEDU",Tamil Nadu,Coimbatore,641004,Accreditation Certificate Approved and Issued,"Clinical Biochemistry,Cytopathology,Molecular Testing,Haematology,Histopathology,Clinical Pathology,Microbiology & Infectious disease serology",,MC-2799,18/06/2025,17/06/2029,,24/06/2025,Archive Applications,Oct 3 2026 7:30AM
56,M-0746,ANJALI PATHOLOGY LABORATORY LLP,nabl001681,2022,Medical,NABL 201,C P BHALE,drcpbhale@rediffmail.com,9371012383,"SHREE GANESH HOS, CIDCO N-9 D",Maharashtra,Aurangabad,431003,Accreditation Certificate Approved and Issued,"Clinical Biochemistry,Clinical Pathology,Microbiology & Infectious disease serology,Haematology & Immunohaematology",,NABLM0626MH08128,10/07/2026,15/06/2030,,,Gayathri S,Oct 3 2026 7:30AM
57,M-0412,HINDLABS,nabl001689,2022,Medical,Renewal of Accreditation,Swapna Anand,swapnapawan@gmail.com,8447599263,"GROUND FLOOR, CGHS DISPENSARY, SECTOR 12, R K PURAM",Delhi,New Delhi,110022,Accreditation Certificate Approved and Issued,"Clinical Biochemistry,Clinical Pathology,Microbiology & Infectious disease serology,Haematology & Immunohaematology",,MC-2041,18/01/2026,17/01/2030,,11/02/2026,Gayathri S,Oct 3 2026 7:30AM
58,M-1577,"DEPARTMENT OF LABORATORY MEDICINE, NU HOSPITALS",nabl001692,2022,Medical,Renewal of Accreditation,Ashvini,dr.k.ashvini@nuhospitals.com,9880611752,"4/1 WEST OF CHORD ROAD, RAJAJINAGAR",Karnataka,Bengaluru,560010,Accreditation Certificate Approved and Issued,"Clinical Biochemistry,Haematology,Clinical Pathology",,MC-3006,03/11/2025,02/11/2029,,,Archive Applications,Oct 3 2026 7:30AM
59,M-1231,YENEPOYA MEDICAL COLLEGE HOSPITAL LABORATORY,nabl001706,2022,Medical,Renewal of Accreditation,Khalida Parveen Adnan,drkhalida@yenepoya.edu.in,9742023699,"NITHYANANDA NAGAR, DERLAKATTE",Karnataka,Mangaluru,575018,Accreditation Certificate Approved and Issued,"Clinical Biochemistry,Cytopathology,Molecular Diagnostics,Histopathology,Clinical Pathology,Flow Cytometry,Microbiology & Infectious disease serology,Haematology & Immunohaematology",,MC-8038,15/04/2026,14/04/2030,,,Archive Applications,Oct 3 2026 7:30AM
60,M-0573,TAGORE HOSPITAL AND RESEARCH INSTITUTE - LABORATORY DIVISION,nabl001774,2022,Medical,Renewal of Accreditation,Ruchi,tagorequality2021@gmail.com,8209725639,"SECTOR 7, SHIPRAPATH, MADHYAM MARG",Rajasthan,Jaipur,302020,Accreditation Certificate Approved and Issued,"Clinical Biochemistry,Haematology & Immunohaematology",,MC-3021,02/04/2026,01/04/2030,,01/05/2026,Gayathri S,Oct 3 2026 7:30AM
61,M-0825,"DEPARTMENT OF MICROBIOLOGY, GOVERNMENT MEDICAL COLLEGE, AURANGABAD",nabl001816,2022,Medical,Renewal of Accreditation,JYOTI IRAVANE,jairavane@hotmail.com,9823233245,PANCHAKKI ROAD,Maharashtra,Aurangabad,431001,Accreditation Certificate Approved and Issued,"Molecular Testing,Flow Cytometry,Microbiology & Infectious disease serology",,MC-2484,19/12/2025,18/12/2029,,,Archive Applications,Oct 3 2026 7:30AM
62,M-0717,HIMALAYAN CENTRAL DIAGNOSTIC AND RESEARCH LABORATORY,nabl001834,2022,Medical,Renewal of Accreditation,Dushyant Singh Gaur,dsgaur@srhu.edu.in,9837020745,"HIMALAYAN INSTITUTE OF MEDICAL SCIENCES, JOLLY GRANT",Uttarakhand,Dehradun,248016,Accreditation Certificate Approved and Issued,"Clinical Biochemistry,Cytopathology,Molecular Testing,Haematology,Histopathology,Clinical Pathology,Microbiology & Infectious disease serology",",--Select Group--",MC-2370,15/12/2025,14/12/2029,,17/12/2025,Archive Applications,Oct 3 2026 7:30AM
63,M-1183,MICROPHASE DIAGNOSTICS,nabl001845,2022,Medical,Renewal of Accreditation,ABDUL QUDDUS SHAIKH,microphasediagnostics@gmail.com,9860920360,"JUNA BAZAR, NARALIBAG",Maharashtra,Aurangabad,431001,Accreditation Certificate Approved and Issued,"Clinical Biochemistry,Haematology",,MC-3042,26/11/2025,25/11/2029,,,Archive Applications,Oct 3 2026 7:30AM
64,M-0499,ASWINI DIAGNOSTIC SERVICES (A UNIT OF ADS RESEARCH CENTRE LLP),nabl002019,2022,Medical,Renewal of Accreditation,FASHNAMOL C P,qm@aswinicalicut.net,7592007500,"CHINTHAVALAPPU JUNCTION, JAIL ROAD, CALICUT",Kerala,Kozhikode,673004,Accreditation Certificate Approved and Issued,"Clinical Biochemistry,Cytopathology,Molecular Diagnostics,Histopathology,Clinical Pathology,Microbiology & Infectious disease serology,Haematology & Immunohaematology",",--Select Group--",MC-3108,18/01/2026,17/01/2030,,19/01/2026,Archive Applications,Oct 3 2026 7:30AM
65,M-0397,"LABORATORY, MANIPAL HOSPITAL - HEBBAL",nabl002064,2022,Medical,Renewal of Accreditation,Sangeetha,sangeetha.rm@manipalhospitals.com,9986626229,"KIRLOSKAR BUSINESS PARK, BELLARY ROAD, HEBBAL",Karnataka,Bengaluru,560024,Accreditation Certificate Approved and Issued,"Clinical Biochemistry,Cytopathology,Haematology,Clinical Pathology",,MC-2397,05/10/2025,04/10/2029,,07/10/2025,Archive Applications,Oct 3 2026 7:30AM
66,M-0413,"DEPARTMENT OF LAB SCIENCES, REGENCY HOSPITAL LTD.",nabl002098,2022,Medical,Renewal of Accreditation,Anjali Tewari,anjalitew@gmail.com,9839027404,"A-2, SARVODAYA NAGAR",Uttar Pradesh,Kanpur,208005,Accreditation Certificate Approved and Issued,"Clinical Biochemistry,Molecular Testing,Haematology,Clinical Pathology,Microbiology & Infectious disease serology",",--Select Group--",MC-3139,29/12/2025,28/12/2029,,,Archive Applications,Oct 3 2026 7:30AM
67,M-0664,SITEC LABS LIMITED,nabl002130,2022,Medical,Scope Extension,ZAKI DANGE,zaki.dange@siteclabs.com,9665883032,"JAYSHREE PLAZA, 1ST FLOOR, LBS MARG, BHANDUP WEST",Maharashtra,Mumbai,400078,Accreditation Certificate Approved and Issued,"Clinical Biochemistry,Haematology,Clinical Pathology,Microbiology & Infectious disease serology",,MC-2371,09/10/2025,08/10/2029,,23/12/2025,Archive Applications,Oct 3 2026 7:30AM
68,M-0045,VIJAYA DIAGNOSTIC CENTRE LIMITED,nabl002143,2022,Medical,Renewal of Accreditation,VIJAYA SREE MATHE,vijayasree.mathe@vijayadiagnostic.in,9989701120,"#3-6-16 & 17, STREET NO. 19, HIMAYATH NAGAR",Telangana,Hyderabad,500026,Accreditation Certificate Approved and Issued,"Clinical Biochemistry,Cytopathology,Cytogenetics,Molecular Diagnostics,Histopathology,Clinical Pathology,Flow Cytometry,Microbiology & Infectious disease serology,Haematology & Immunohaematology",,MC-2657,16/03/2026,15/03/2030,,,Archive Applications,Oct 3 2026 7:30AM
69,M-1210,DR. MONA NAYYAR'S DIAGNOSTIC CENTRE,nabl002145,2022,Medical,Renewal of Accreditation,MONA NAYYAR,drmonanayyar@gmail.com,9818543999,"2A, FRUIT GARDEN, NH5, NIT",Haryana,Faridabad,121001,Accreditation Certificate Approved and Issued,"Clinical Biochemistry,Haematology,Clinical Pathology",",--Select Group--",MC-2116,28/10/2024,27/10/2028,,,Archive Applications,Oct 3 2026 7:30AM
70,M-1209,SUMITRA HOSPITAL: DEPARTMENT OF LABORATORY MEDICINE,nabl002152,2022,Medical,Renewal of Accreditation,AMITA SAIGAL,saigalamita2006@yahoo.co.in,9818875332,"A-119 A, SECTOR-35",Uttar Pradesh,Noida,201301,Accreditation Certificate Approved and Issued,"Clinical Biochemistry,Clinical Pathology,Haematology & Immunohaematology",,MC-2099,13/01/2026,12/01/2030,,14/01/2026,Shweta Sinha,Oct 3 2026 7:30AM
71,M-0162,KAMALNAYAN BAJAJ HOSPITAL PATHOLOGY LABORATORY,nabl002196,2022,Medical,Renewal of Accreditation,Shrinivas Panchal,pathology@bajajhospital.com,9604099826,"GUT NO 43, SATARAPARISAR, BEED BYPASS ROAD",Maharashtra,Aurangabad,431010,Accreditation Certificate Approved and Issued,"Clinical Biochemistry,Haematology,Histopathology,Clinical Pathology,Microbiology & Infectious disease serology",,MC-7960,16/02/2026,15/02/2030,,,Archive Applications,Oct 3 2026 7:30AM
72,M-1148,LABORATORY SERVICES- ROG NIDAN KENDRA,nabl002198,2022,Medical,Renewal of Accreditation,SJS CHAWLA,rognidankendra@gmail.com,9312257001,"E-191, INDIRA PARK, SHASTRI NAGAR, NEW DELHI",Delhi,Delhi,110052,Accreditation Certificate Approved and Issued,"Clinical Biochemistry,Hematology & Immunohematology,Clinical Pathology",",--Select Group--,--No Data--",MC-3069,07/12/2025,06/12/2029,,24/04/2026,Swati Gogna,Oct 3 2026 7:30AM
73,M-0586,SAHYADRI SPECIALITY LABS,nabl002206,2022,Medical,Renewal of Accreditation,MAITHILI KAVATHEKAR,maithili.kavathekar@manipalhospitals.com,9673338122,"PLOT NO.54, S.NO. 89-90, LOKMANYA COLONY, KOTHRUD",Maharashtra,Pune,411038,Accreditation Certificate Approved and Issued,"Clinical Biochemistry,Cytopathology,Molecular Testing,Molecular Diagnostics,Haematology,Histopathology,Clinical Pathology,Flow Cytometry,Microbiology & Infectious disease serology,Haematology & Immunohaematology",",--Select Group--,--No Data--",MC-2048,05/02/2026,04/02/2030,,,Archive Applications,Oct 3 2026 7:30AM
74,M-0555,BASAVATARAKAM INDO AMERICAN CANCER HOSPITAL AND RESEARCH INSTITUTE,nabl002290,2022,Medical,Renewal of Accreditation,Suseela Kodandapani,suseela.kpani@gmail.com,8184840668,"ROAD NO.10, BANJARA HILLS",Telangana,Hyderabad,500034,Accreditation Certificate Approved and Issued,"Clinical Biochemistry,Cytopathology,Molecular Diagnostics,Histopathology,Clinical Pathology,Microbiology & Infectious disease serology,Haematology & Immunohaematology",,MC-2050,20/01/2026,19/01/2030,,11/02/2026,Archive Applications,Oct 3 2026 7:30AM
75,M-0432,PALIWAL DIAGNOSTICS PVT. LTD.,nabl002309,2022,Medical,Renewal of Accreditation,MRIDULA PALIWAL,pdpl.mridula@gmail.com,9307219201,"117/H1/02, PANDU NAGAR",Uttar Pradesh,Kanpur,208005,Accreditation Certificate Approved and Issued,"Clinical Biochemistry,Molecular Testing,Haematology,Clinical Pathology,Microbiology & Infectious disease serology",,MC-7287,30/03/2025,29/03/2029,,,Archive Applications,Oct 3 2026 7:30AM
76,M-1150,DR. ROY'S DIAGNOSTIC & IMAGING CENTRE PRIVATE LIMITED (DEPARTMENT OF LABORATORY SERVICES),nabl002323,2022,Medical,Renewal of Accreditation,Uttam Banik,drdic1967@gmail.com,8240758942,295/1 A. P. C. ROAD,West Bengal,Kolkata,700009,Accreditation Certificate Approved and Issued,"Clinical Biochemistry,Clinical Pathology,Haematology & Immunohaematology",,NABLM0526WB08100,29/05/2026,28/05/2030,,,Shweta Sinha,Oct 3 2026 7:30AM
77,M-1239,"CARDINAL GRACIAS MEMORIAL HOSPITAL TRUST, PATHOLOGY LABORATORY",nabl002414,2022,Medical,Renewal of Accreditation,Suchita Vaity,cardinalgraciaspathology@gmail.com,7875338078,"BANGLI, SANDOR",Maharashtra,Vasai,401201,Accreditation Certificate Approved and Issued,"Clinical Biochemistry,Clinical Pathology,Microbiology & Infectious disease serology,Haematology & Immunohaematology",",--Select Group--",MC-2028,18/05/2026,17/05/2030,,,Shweta Sinha,Oct 3 2026 7:30AM
78,M-0622,JDAR PATHOLOGY LABORATORY LLP,nabl002425,2022,Medical,Renewal of Accreditation,DR URMIL GOEL,drsaurabh.del@gmail.com,8595683746,"HOUSE NO. 6, STREET NO. 2 (2/6), SHANTI NIKETAN",Delhi,New Delhi,110021,Accreditation Certificate Approved and Issued,"Clinical Biochemistry,Molecular Testing,Haematology,Clinical Pathology,Microbiology & Infectious disease serology",",--Select Group--",MC-2035,20/01/2026,19/01/2030,,,Archive Applications,Oct 3 2026 7:30AM
79,M-1241,"DEPARTMENT OF MICROBIOLOGY, BANGALORE MEDICAL COLLEGE & RESEARCH INSTITUTE",nabl002438,2022,Medical,Renewal of Accreditation,SATHYANARAYAN M S,drsathyams@gmail.com,9686807600,"VICTORIA HOSPITAL CAMPUS, K.R. ROAD, FORT",Karnataka,Bengaluru,560002,Accreditation Certificate Approved and Issued,"Molecular Diagnostics,Microbiology & Infectious disease serology",",--Select Group--",MC-3050,11/02/2026,10/02/2030,,02/03/2026,Shweta Sinha,Oct 3 2026 7:30AM
80,M-0811,"HIV LABORATORY, DEPARTMENT OF MICROBIOLOGY, MAULANA AZAD MEDICAL COLLEGE",nabl002458,2022,Medical,Renewal of Accreditation,ROHIT CHAWLA,rohitchawla75@gmail.com,9968604393,"ROOM NO. 274, 2ND FLOOR, PATHOLOGY BLOCK, MAULANA AZAD MEDICAL COLLEGE, GOVT. OF NCT OF DELHI, BSZ MARG",Delhi,New Delhi,110002,Accreditation Certificate Approved and Issued,"Flow Cytometry,Microbiology & Infectious disease serology",,MC-8069,30/04/2026,29/04/2030,,,Shweta Sinha,Oct 3 2026 7:30AM
81,M-1643,"DEPARTMENT OF LABORATORY SERVICES, ACTION CANCER HOSPITAL",nabl002497,2022,Medical,NABL 201,NAVEEN KUMAR AGARWAL,drnagarwal@actioncancerhospital.com,9811050577,"H-2, FC-34, A-4, PASCHIM VIHAR",Delhi,New Delhi,110063,Accreditation Certificate Approved and Issued,"Clinical Biochemistry,Cytopathology,Cytogenetics,Molecular Diagnostics,Histopathology,Flow Cytometry,Microbiology & Infectious disease serology,Haematology & Immunohaematology",,MC-3133,21/02/2026,20/02/2030,,12/05/2026,Shweta Sinha,Oct 3 2026 7:30AM
82,M-1621,"CENTRAL CLINICAL LABORATORY, CHIRAYU MEDICAL COLLEGE AND HOSPITAL",nabl002508,2022,Medical,Renewal of Accreditation,Rishabh Sahai,labdirector@cmchbhopal.com,7204161924,"BHOPAL INDORE HIGHWAY, BHAISAKHEDI",Madhya Pradesh,Bhopal,462030,Accreditation Certificate Approved and Issued,"Clinical Biochemistry,Cytopathology,Molecular Testing,Haematology,Histopathology,Clinical Pathology,Microbiology & Infectious disease serology",,MC-3099,10/01/2026,09/01/2030,,,Archive Applications,Oct 3 2026 7:30AM
83,M-0502,BANGALORE BAPTIST HOSPITAL LABORATORY,nabl002530,2022,Medical,Renewal of Accreditation,MAHALAXMI SUBRAMANIAM,bbhlaboratory@gmail.com,9164146212,"BELLARY ROAD, HEBBAL",Karnataka,Bengaluru,560024,Accreditation Certificate Approved and Issued,"Clinical Biochemistry,Cytopathology,Molecular Testing,Haematology,Histopathology,Clinical Pathology,Flow Cytometry,Microbiology & Infectious disease serology",",--Select Group--",MC-2009,05/04/2025,04/04/2029,,08/04/2025,Archive Applications,Oct 3 2026 7:30AM
84,M-0605,UNIPATH SPECIALTY LABORATORY LIMITED,nabl002550,2022,Medical,Renewal of Accreditation,PURVI SHAH,purvi.shah@unipath.in,9824804449,"7 PASL HOUSE ,PANJARA POLE, AMBAWADI",Gujarat,Ahmedabad,380015,Accreditation Certificate Approved and Issued,"Clinical Biochemistry,Cytopathology,Molecular Diagnostics,Histopathology,Clinical Pathology,Flow Cytometry,Microbiology & Infectious disease serology,Haematology & Immunohaematology",",--Select Group--",MC-2024,20/01/2026,19/01/2030,,,Archive Applications,Oct 3 2026 7:30AM
85,M-1225,VIJAYA DIAGNOSTIC CENTRE LIMITED,nabl002556,2022,Medical,Onsite Surveillance,VIJAYA SREE MATHE,vijayasree.mathe@vijayadiagnostic.in,9989701120,"H.NO. 6-3-28/29, PINJARLA STREET, HANAMKONDA",Telangana,Warangal,506011,Accreditation Certificate Approved and Issued,"Clinical Biochemistry,Cytopathology,Haematology,Clinical Pathology,Microbiology & Infectious disease serology",,MC-2025,08/02/2025,07/02/2029,,19/01/2026,Archive Applications,Oct 3 2026 7:30AM
86,M-0284,"ADITYA BIRLA MEMORIAL HOSPITAL - LABORATORY, UNIT OF ADITYA BIRLA HEALTH SERVICES PVT. LTD.",nabl002569,2022,Medical,Renewal of Accreditation,Sohini Arora,sohini.arora@adityabirla.com,9881063998,"ADITYA BIRLA MARG, CHINCHWAD",Maharashtra,Pune,411033,Accreditation Certificate Approved and Issued,"Clinical Biochemistry,Cytopathology,Molecular Testing,Haematology,Histopathology,Clinical Pathology,Microbiology & Infectious disease serology",,MC-3126,07/02/2025,06/02/2029,,10/02/2025,Archive Applications,Oct 3 2026 7:30AM
87,M-0131,LABORATORY SERVICES OF AMRITA INSTITUTE OF MEDICAL SCIENCES AND RESEARCH CENTRE,nabl002572,2022,Medical,Scope Extension,SACHIN DAVID,sachindavid@aims.amrita.edu,9791731473,AIMS-PONEKKARA,Kerala,Kochi,682041,Accreditation Certificate Approved and Issued,"Clinical Biochemistry,Cytopathology,Cytogenetics,Molecular Diagnostics,Histopathology,Clinical Pathology,Flow Cytometry,Microbiology & Infectious disease serology,Haematology & Immunohaematology",,MC-3039,20/10/2025,19/10/2029,,21/08/2026,Archive Applications,Oct 3 2026 7:30AM
88,M-0105,TOPRANI ADVANCED LAB SYSTEMS,nabl002576,2022,Medical,Renewal of Accreditation,PAYAL PATEL,quality@topranilabs.in; drpayalpatel1979@gmail.com,9998959877,"18, URMI SOCIETY, AKOTA , VADODARA",Gujarat,Vadodara,390020,Accreditation Certificate Approved and Issued,"Clinical Biochemistry,Cytopathology,Molecular Testing,Haematology,Histopathology,Clinical Pathology,Flow Cytometry,Microbiology & Infectious disease serology",",--Select Group--",MC-2135,10/04/2025,09/04/2029,,07/04/2026,Gayathri S,Oct 3 2026 7:30AM
89,M-1629,PATHKIND DIAGNOSTICS PVT. LTD.,nabl002584,2022,Medical,Renewal of Accreditation,AMIT PRUTHI,amit.pruthi@pathkindlabs.com,9818548428,"PLOT NO 55 - 56, PHASE 4, UDYOG VIHAR, SECTOR-18",Haryana,Gurgaon,122015,Accreditation Certificate Approved and Issued,"Clinical Biochemistry,Cytopathology,Cytogenetics,Molecular Diagnostics,Histopathology,Clinical Pathology,Flow Cytometry,Microbiology & Infectious disease serology,Haematology & Immunohaematology,Histocompatibility & Immunogenetics",",--Select Group--",MC-3055,07/12/2025,06/12/2029,,,Archive Applications,Oct 3 2026 7:30AM
90,M-0663,"DEPARTMENT OF LABORATORY SERVICES, ASIAN INSTITUTE OF MEDICAL SCIENCES - TRADE NAME OF BLUE SAPPHIRE HEALTHCARES PRIVATE LIMITED",nabl002617,2022,Medical,NABL 201,UMA RANI,uma.rani@aimsindia.com,9650099052,SECTOR 21 A,Haryana,Faridabad,121001,Accreditation Certificate Approved and Issued,"Clinical Biochemistry,Cytopathology,Haematology,Histopathology,Clinical Pathology,Microbiology & Infectious disease serology",,MC-3066,07/07/2025,14/12/2028,,,Archive Applications,Oct 3 2026 7:30AM
91,M-0725,M M DIAGNOSTICS (A UNIT OF DR V K GOEL DIAGNOSTICS LLP),nabl002641,2022,Medical,Renewal of Accreditation,DIVYA GOEL,dgpath@gmail.com,9760016106,GMD ROAD,Uttar Pradesh,Moradabad,244001,Accreditation Certificate Approved and Issued,"Clinical Biochemistry,Clinical Pathology,Microbiology & Infectious disease serology,Haematology & Immunohaematology",,MC-3110,28/02/2026,27/02/2030,,02/03/2026,Gayathri S,Oct 3 2026 7:30AM
92,M-1702,"DEPARTMENT OF MICROBIOLOGY, ALL INDIA INSTITUTE OF MEDICAL SCIENCES (AIIMS), NEW DELHI",nabl002646,2022,Medical,Renewal of Accreditation,Hitender Gautam,drhitender@gmail.com,9911188824,"DEPARTMENT OF MICROBIOLOGY, SECOND FLOOR, TEACHING BLOCK, ALL INDIA INSTITUE OF MEDICAL SCIENCES, ANSARI NAGAR",Delhi,New Delhi,110029,Accreditation Certificate Approved and Issued,"Molecular Testing,Microbiology & Infectious disease serology",,MC-3267,11/12/2025,14/11/2029,,26/12/2025,Archive Applications,Oct 3 2026 7:30AM
93,M-0604,OMNI HOSPITALS CLINICAL LABORATORY (A UNIT OF INCOR HOSPITALS PRIVATE LIMITED),nabl002657,2022,Medical,Renewal of Accreditation,PRASAD KALEVELA,kvp_bio@rediffmail.com,9505188999,"OMNI HOSPITALS, KOTHAPET X ROAD",Telangana,Hyderabad,500036,Accreditation Certificate Approved and Issued,"Clinical Biochemistry,Clinical Pathology,Haematology & Immunohaematology",",--Select Group--",MC-6356,05/03/2026,04/03/2030,,31/03/2026,Archive Applications,Oct 3 2026 7:30AM
94,M-0719,CHARAK PATHOLOGY CLINIC (A UNIT OF PADMANABH HEALTHCARE PVT. LTD).,nabl002684,2022,Medical,Renewal of Accreditation,ARUN KUMAR,charak.pathology@gmail.com,7534001347,SYNERGY HOSPITAL LOWER GROUND FLOOR,Uttarakhand,Dehradun,248001,Accreditation Certificate Approved and Issued,"Clinical Biochemistry,Haematology,Clinical Pathology,Microbiology & Infectious disease serology",,MC-3060,13/12/2025,12/12/2029,,,Archive Applications,Oct 3 2026 7:30AM
95,M-1639,SK DIAGNOSTICS,nabl002709,2022,Medical,Renewal of Accreditation,K KIRAN,skdiagnostics2015@gmail.com,7386815850,"LSR PLAZA, 1-8-64/2, PLOT NO.2, NORTH KAMALA NAGAR, ECIL",Telangana,Hyderabad,500062,Accreditation Certificate Approved and Issued,"Clinical Biochemistry,Haematology,Microbiology & Infectious disease serology",",--Select Group--",MC-6094,01/11/2025,31/10/2029,,,Archive Applications,Oct 3 2026 7:30AM
96,M-1000,BILLROTH HOSPITALS - CLINICAL LABORATORY SERVICES,nabl002724,2022,Medical,Renewal of Accreditation,Dr Selvakumar K,qm@billrothhospitals.com,8695873986,"OLD NO.56 & 57, NEW NO.5 & 7, SECOND FLOOR, GAJAPATHY STREET, SHENOY NAGAR",Tamil Nadu,Chennai,600030,Accreditation Certificate Approved and Issued,"Clinical Biochemistry,Molecular Diagnostics,Clinical Pathology,Microbiology & Infectious disease serology,Haematology & Immunohaematology",,MC-6338,26/02/2026,25/02/2030,,02/03/2026,Shweta Sinha,Oct 3 2026 7:30AM
97,M-1228,METROPOLIS HEALTHCARE LIMITED,nabl002726,2022,Medical,Scope Extension,Rajan Mestri,rajan.mestri@metropolisindia.com,9773315523,"PLOT NO.41, WANKHEDE HOUSE, CONGRESS NAGAR T-POINT",Maharashtra,Nagpur,440012,Accreditation Certificate Approved and Issued,"Clinical Biochemistry,Molecular Diagnostics,Clinical Pathology,Microbiology & Infectious disease serology,Haematology & Immunohaematology",",--Select Group--",MC-2101,21/02/2026,20/02/2030,,23/06/2026,Archive Applications,Oct 3 2026 7:30AM
98,M-1616,"CENTRAL RESEARCH LABORATORY, A UNIT OF RAJYA VOKKALIGARA SANGHA",nabl002748,2022,Medical,Renewal of Accreditation,Geetha N,crlkimsb@gmail.com,9448605734,"KEMPEGOWDA INSTITUTE OF MEDICAL SCIENCES, ATHIBABBE ROAD, BANASHANKARI II STAGE",Karnataka,Bengaluru,560070,Accreditation Certificate Approved and Issued,"Molecular Diagnostics,Microbiology & Infectious disease serology",,MC-7999,17/03/2026,16/03/2030,,,Shweta Sinha,Oct 3 2026 7:30AM
99,M-0136,LABORATORY MEDICINE OF BATRA HOSPITAL AND MEDICAL RESEARCH CENTRE,nabl002753,2022,Medical,Renewal of Accreditation,NEELAM KHANNA,nkhanna14@yahoo.co.in,9871059176,"1, TUGHLAKABAD INSTITUTIONAL AREA, M.B. ROAD",Delhi,New Delhi,110062,Accreditation Certificate Approved and Issued,"Clinical Biochemistry,Cytopathology,Molecular Diagnostics,Histopathology,Clinical Pathology,Microbiology & Infectious disease serology,Haematology & Immunohaematology",,MC-2156,23/02/2026,22/02/2030,,05/03/2026,Archive Applications,Oct 3 2026 7:30AM
100,M-0347,DEPARTMENT OF LABORATORY MEDICINE-KAILASH HOSPITAL & HEART INSTITUTE,nabl002763,2022,Medical,Renewal of Accreditation,Sonali Jain,lab.noida@kailashhealthcare.com,9650664665,"H-33, SECTOR -27, GAUTAM BUDDHA NAGAR",Uttar Pradesh,Noida,201301,Accreditation Certificate Approved and Issued,"Clinical Biochemistry,Cytopathology,Molecular Diagnostics,Histopathology,Clinical Pathology,Microbiology & Infectious disease serology,Haematology & Immunohaematology",,MC-3071,24/02/2026,23/02/2030,,,Archive Applications,Oct 3 2026 7:30AM
1,M-1695,DEPARTMENT OF LABORATORY - LALA HARBHAGWAN DASS MEMORIAL AND DR. PREM HOSPITAL PRIVATE LIMITED,nabl002789,2022,Medical,Renewal of Accreditation,PANKAJ MUTNEJA,admin@drpremhospital.com,9812030191,BISHAN SWAROOP COLONY,Haryana,Panipat,132103,Accreditation Certificate Approved and Issued,"Clinical Biochemistry,Haematology",,MC-3244,17/10/2025,16/10/2029,,,Archive Applications,Oct 3 2026 7:30AM
2,M-1226,"MAX LAB, MAX SUPERSPECIALITY HOSPITAL (A UNIT OF CROSSLAY REMEDIES LIMITED)",nabl002794,2022,Medical,Renewal of Accreditation,MEENAL MEHTA,rupathakur@maxhealthcare.com,8447350796,"W-3, SEC -1, VAISHALI",Uttar Pradesh,Ghaziabad,201012,Accreditation Certificate Approved and Issued,"Clinical Biochemistry,Cytopathology,Molecular Diagnostics,Histopathology,Clinical Pathology,Flow Cytometry,Microbiology & Infectious disease serology,Haematology & Immunohaematology",",--Select Group--",MC-2004,21/02/2026,20/02/2030,,22/02/2026,Archive Applications,Oct 3 2026 7:30AM
3,M-1243,JEHANGIR HOSPITAL LABORATORY,nabl002816,2022,Medical,Renewal of Accreditation,Bhakti Dangmali,bhakti.dangmali@jehangirhospital.com,9923469149,32 SASSOON ROAD,Maharashtra,Pune,411001,Accreditation Certificate Approved and Issued,"Clinical Biochemistry,Cytopathology,Molecular Diagnostics,Histopathology,Clinical Pathology,Microbiology & Infectious disease serology,Haematology & Immunohaematology",",--Select Group--",MC-6391,16/03/2026,15/03/2030,,,Archive Applications,Oct 3 2026 7:30AM
4,M-1015,DR LAL PATHLABS LTD.,nabl002817,2022,Medical,Scope Extension,Kusha Gupta,Kusha.Gupta@lalpathlabs.com,8879667548,"BUILDING NO.1, LSC, SECTOR-B/7, VASANT KUNJ",Delhi,New Delhi,110070,Accreditation Certificate Approved and Issued,"Clinical Biochemistry,Clinical Pathology,Microbiology & Infectious disease serology,Haematology & Immunohaematology",,MC-2011,23/02/2026,22/02/2030,,06/04/2026,Archive Applications,Oct 3 2026 7:30AM
5,M-1627,HEALTH PLUS DIAGNOSTIC PRIVATE LIMITED,nabl002858,2022,Medical,Renewal of Accreditation,SONIA MEHTA,statutory@healthplusdiagnostic.com,8420276373,"C/5, CHALANTIKA, FARTABAD MORE, GARIA STATION ROAD",West Bengal,Kolkata,700084,Accreditation Certificate Approved and Issued,"Clinical Biochemistry,Clinical Pathology,Microbiology & Infectious disease serology,Haematology & Immunohaematology",,MC-8066,30/04/2026,29/04/2030,,,Archive Applications,Oct 3 2026 7:30AM
6,M-0944,"HIV TESTING LABORATORY, DEPARTMENT OF MICROBIOLOGY, SN MEDICAL COLLEGE",nabl002888,2022,Medical,Renewal of Accreditation,Arti Agrawal,srl.up.snmc@gmail.com,9457104295,"ROOM NO.218, SECOND FLOOR, ACADEMIC BLOCK, S. N. MEDICAL COLLEGE, MOTI KATRA",Uttar Pradesh,Agra,282002,Accreditation Certificate Approved and Issued,Microbiology & Infectious disease serology,,MC-6222,28/12/2025,27/12/2029,,,Archive Applications,Oct 3 2026 7:30AM
7,M-1618,"LABORATORY SERVICES, APOLLO BGS HOSPITALS",nabl002907,2022,Medical,Renewal of Accreditation,Satish Kumar Reddy,drsatish_k@apollohospitals.com,9591498487,ADHICHUNCHANAGIRI ROAD,Karnataka,Mysuru,570023,Accreditation Certificate Approved and Issued,"Clinical Biochemistry,Cytopathology,Haematology,Histopathology,Clinical Pathology,Microbiology & Infectious disease serology",,MC-6008,26/09/2025,25/09/2029,,,Archive Applications,Oct 3 2026 7:30AM
8,M-0721,DIAGNOSEARCH CENTRAL LABORATORY OF DIAGNOSEARCH LIFE SCIENCES PVT. LTD.,nabl002908,2022,Medical,Renewal of Accreditation,Manisha Dhumne,manisha.dhumne@diagnosearch.com,9820918625,"702, DOSTI PINNACLE, E-7, ROAD 22",Maharashtra,Thane,400604,Accreditation Certificate Approved and Issued,"Clinical Biochemistry,Haematology,Clinical Pathology",,MC-2055,29/01/2025,17/01/2029,,21/02/2025,Archive Applications,Oct 3 2026 7:30AM
9,M-0188,"KRISHNA INSTITUTE OF MEDICAL SCIENCES LTD., DEPARTMENT OF LABORATORY SERVICES",nabl002942,2022,Medical,Scope Extension,VIJAY KUMAR,kims.dls@kimshospitals.com,9885778068,"1-8-31/1, MINISTER ROAD",Telangana,Secunderabad,500003,Accreditation Certificate Approved and Issued,"Clinical Biochemistry,Cytopathology,Molecular Testing,Cytogenetics,Haematology,Histopathology,Clinical Pathology,Flow Cytometry,Microbiology & Infectious disease serology",",--Select Group--",MC-2071,21/04/2025,20/04/2029,,22/09/2025,Archive Applications,Oct 3 2026 7:30AM
10,M-0660,MEDIVISION SCAN AND DIAGNOSTIC RESEARCH CENTRE PRIVATE LIMITED,nabl002943,2022,Medical,Renewal of Accreditation,Bibu Punnooran,punnooran@medivision.in,9447155775,"SREEKANDATH ROAD,RAVIPURAM",Kerala,Kochi,682016,Accreditation Certificate Approved and Issued,"Clinical Biochemistry,Molecular Diagnostics,Clinical Pathology,Microbiology & Infectious disease serology,Haematology & Immunohaematology",,MC-8072,04/05/2026,03/05/2030,,,Archive Applications,Oct 3 2026 7:30AM
11,M-1651,IPSUM MEDICARE PRIVATE LIMITED,nabl002957,2022,Medical,Renewal of Accreditation,Tabassum,ipsummedicare@gmail.com,6391000070,"KS-14, ALIGANJ HOUSING SCHEME, SITAPUR ROAD",Uttar Pradesh,Lucknow,226021,Accreditation Certificate Approved and Issued,Clinical Biochemistry,,MC-3211,12/11/2025,09/11/2029,,17/11/2025,Archive Applications,Oct 3 2026 7:30AM
12,M-1636,SPANDAN HEALTH CARE,nabl002983,2022,Medical,Renewal of Accreditation,SAIKAT ROY,saikat.roy@spandanhealthcare.in,9735390900,J L BANERJEE ROAD,West Bengal,Siuri,731101,Accreditation Certificate Approved and Issued,Clinical Biochemistry,,MC-3161,23/04/2026,22/04/2030,,,Archive Applications,Oct 3 2026 7:30AM
13,M-1057,"DEPARTMENT OF LABORATORY SERVICES, CHANDNI HOSPITAL PRIVATE LIMITED",nabl002995,2022,Medical,Renewal of Accreditation,MANINDER KAUR SONI,chandnihospital@gmail.com,6307692502,"9/60, ARYA NAGAR",Uttar Pradesh,Kanpur,208002,Accreditation Certificate Approved and Issued,"Clinical Biochemistry,Haematology & Immunohaematology",,MC-6482,24/04/2026,23/04/2030,,,Archive Applications,Oct 3 2026 7:30AM
14,M-0061,DR.LAL PATH LABS LIMITED,nabl003017,2022,Medical,Renewal of Accreditation,Ankur Karnawat,Ankur.Karnawat@LALPATHLABS.COM,9079264710,"C-1/B, CLEAR VIEW BUILDING, OLD DLF COLONY, SEC 14",Haryana,Gurgaon,122001,Accreditation Certificate Approved and Issued,"Clinical Biochemistry,Clinical Pathology,Microbiology & Infectious disease serology,Haematology & Immunohaematology",,MC-2133,28/03/2026,27/03/2030,,16/04/2026,Archive Applications,Oct 3 2026 7:30AM
15,M-0004,DR LAL PATHLABS LIMITED,nabl003034,2022,Medical,NABL 201,Seema Kochhar,Seema.Kochhar@lalpathlabs.com,9811123263,"NATIONAL REFERENCE LABORATORY, SECTOR 18, BLOCK E",Delhi,New Delhi,110085,Accreditation Certificate Approved and Issued,"Clinical Biochemistry,Cytopathology,Cytogenetics,Molecular Diagnostics,Histopathology,Clinical Pathology,Flow Cytometry,Microbiology & Infectious disease serology,Haematology & Immunohaematology",",--Select Group--",MC-2113,05/11/2024,04/11/2028,,03/03/2026,Archive Applications,Oct 3 2026 7:30AM
16,M-0362,GLOBAL DIAGNOSTIC LABORATORY - BHATIA GLOBAL HOSPITAL & ENDOSURGERY INSTITUTE.,nabl003043,2022,Medical,Renewal of Accreditation,SUNITA KAPOOR,globaldiagnostic307lab@gmail.com,8800999400,"305, 307, 308, AMBICA VIHAR, PASCHIM VIHAR",Delhi,New Delhi,110087,Accreditation Certificate Approved and Issued,"Clinical Biochemistry,Haematology,Clinical Pathology,Microbiology & Infectious disease serology",,MC-2049,24/02/2026,23/02/2030,,,Archive Applications,Oct 3 2026 7:30AM
17,M-0942,"DEPARTMENT OF LABORATORY SERVICES, VIJAYA MEDICAL AND EDUCATIONAL TRUST",nabl003084,2022,Medical,NABL 201,V SURESH KUMAR,vhlaboratory@vijayahospital.org,9952422497,"VH, 434(180), N.S.K. SALAI",Tamil Nadu,Chennai,600026,Accreditation Certificate Approved and Issued,"Clinical Biochemistry,Cytopathology,Molecular Testing,Haematology,Histopathology,Clinical Pathology,Microbiology & Infectious disease serology",,MC-2773,30/05/2025,29/05/2029,,04/11/2025,Archive Applications,Oct 3 2026 7:30AM
18,M-0970,GLOBAL HEART MEDICAL TESTING LABORATORY,nabl003090,2022,Medical,Renewal of Accreditation,Purushottam,global.srlreports@gmail.com,9636988395,"C-1/27-29, GANDHI PATH, CHITARKOOT, VAISHALI NAGAR",Rajasthan,Jaipur,302021,Accreditation Certificate Approved and Issued,"Clinical Biochemistry,Haematology,Clinical Pathology,Microbiology & Infectious disease serology",,MC-6105,04/11/2025,03/11/2029,,,Archive Applications,Oct 3 2026 7:30AM
19,M-1631,DR CHARU KOHLI'S CLINIC LLP,nabl003101,2022,Medical,Renewal of Accreditation,CHARU KOHLI,drcharukohli@yahoo.com,9711156960,"C-234, DEFENCE COLONY",Delhi,New Delhi,110024,Accreditation Certificate Approved and Issued,"Clinical Biochemistry,Haematology",,MC-3132,28/10/2024,27/10/2028,,,Archive Applications,Oct 3 2026 7:30AM
20,M-1646,"LABORATORY SERVICES, APOLLO SPECIALITY HOSPITAL, JAYANAGAR - A UNIT OF APOLLO HOSPITAL ENTERPRISES LIMITED",nabl003128,2022,Medical,Renewal of Accreditation,Krithika Shetty,drKrithika_s@apollohospitals.com,8722052590,"NEW NO 2, OLD NO 21/2, 14TH CROSS, JAYANAGARA 3RD BLOCK",Karnataka,Bengaluru,560011,Accreditation Certificate Approved and Issued,"Clinical Biochemistry,Haematology,Clinical Pathology",,MC-6935,29/10/2024,28/10/2028,,,Archive Applications,Oct 3 2026 7:30AM
21,M-0295,FMC HEALTHCARE PVT. LTD. (DEPARTMENT OF LABORATORY MEDICINE),nabl003131,2022,Medical,Renewal of Accreditation,PURNENDU CHATTARAJ,garia@theapolloclinic.com,9830849614,207 NSC BOSE ROAD,West Bengal,Kolkata,700040,Accreditation Certificate Approved and Issued,"Clinical Biochemistry,Haematology,Clinical Pathology,Microbiology & Infectious disease serology",,MC-3136,12/02/2026,11/02/2030,,,Archive Applications,Oct 3 2026 7:30AM
22,M-1401,ASPIRA PATHLAB AND DIAGNOSTICS LIMITED,nabl003136,2022,Medical,Renewal of Accreditation,AMITA ABHANG,amita.abhang@aspiradiagnostics.com,9892037692,"R D SHAH BUILDING, SHRADDHANAND ROAD, GHATKOPAR (W)",Maharashtra,Mumbai,400086,Accreditation Certificate Approved and Issued,"Clinical Biochemistry,Molecular Testing,Haematology,Clinical Pathology,Microbiology & Infectious disease serology",,MC-6254,13/01/2026,12/01/2030,,,Archive Applications,Oct 3 2026 7:30AM
23,M-0038,CENTER FOR GENETIC HEALTH CARE - A UNIT OF MEDGENOME LABS LIMITED,nabl003223,2022,Medical,Renewal of Accreditation,Vishalakshi Prabhu,vishalakshi.prabhu@medgenome.com,9820935727,"A 11, ELCO ARCADE, HILL ROAD, BANDRA (W)",Maharashtra,Mumbai,400050,Accreditation Certificate Approved and Issued,Cytogenetics,,MC-2054,04/02/2026,03/02/2030,,18/04/2026,Gayathri S,Oct 3 2026 7:30AM
24,M-1082,MEDISCAN DIAGNOSTIC AND HEALTHCARE PVT.LTD.,nabl003234,2022,Medical,Renewal of Accreditation,Zainula Abid Ali,admin@mediscanlab.com,9844737795,"# 1-38/2, MSK MILL ROAD, SVP CHOWK",Karnataka,Gulbarga,585102,Accreditation Certificate Approved and Issued,"Clinical Biochemistry,Haematology,Clinical Pathology,Microbiology & Infectious disease serology",,MC-5779,05/07/2025,04/07/2029,,,Archive Applications,Oct 3 2026 7:30AM
25,M-1235,CELLCARE PATHOLOGY LABORATORY PRIVATE LIMITED,nabl003263,2022,Medical,Renewal of Accreditation,DHYANESH DESAI,qa@cellcarelab.com,8758630630,"101, HRISHIKESH, C.G.ROAD, GULBAI TEKRA",Gujarat,Ahmedabad,380006,Accreditation Certificate Approved and Issued,"Clinical Biochemistry,Cytopathology,Haematology,Histopathology,Clinical Pathology",,MC-2149,05/05/2025,03/05/2029,,22/07/2025,Archive Applications,Oct 3 2026 7:30AM
26,M-0133,LABORATORY SERVICES-JAIPUR GOLDEN HOSPITAL,nabl003276,2022,Medical,Renewal of Accreditation,PEARLY SEN,pearlysen@gmail.com,9868317419,"2, INSTITUTIONAL AREA, SECTOR-3",Delhi,New Delhi,110085,Accreditation Certificate Approved and Issued,"Clinical Biochemistry,Cytopathology,Haematology,Histopathology,Clinical Pathology,Microbiology & Infectious disease serology",,MC-2072,03/05/2025,02/05/2029,,26/05/2025,Archive Applications,Oct 3 2026 7:30AM
27,M-0779,KLES DR PRABHAKAR KORE HOSPITAL AND MRC HI TECH LABORATORY,nabl003287,2022,Medical,Renewal of Accreditation,ANIL MALLESHAPPA,anilsm74@yahoo.co.in,9448003165,NEHRUNAGAR,Karnataka,Belgaum,590010,Accreditation Certificate Approved and Issued,"Clinical Biochemistry,Cytopathology,Molecular Diagnostics,Histopathology,Clinical Pathology,Microbiology & Infectious disease serology,Haematology & Immunohaematology",,MC-2352,07/04/2026,06/04/2030,,17/04/2026,Gayathri S,Oct 3 2026 7:30AM
28,M-1423,NM MEDICAL CENTRE,nabl003301,2022,Medical,NABL 201,AMITKUMAR VYAS,"kharlab.nmmedical@gmail.com, kharlab@nmmedical.com",9820317279,"SUMMERVILLE BLDG, JN OF14TH & 33RD ROAD, OFF LINKING ROAD, KHAR (W)",Maharashtra,Mumbai,400052,Accreditation Certificate Approved and Issued,"Clinical Biochemistry,Clinical Pathology,Microbiology & Infectious disease serology,Haematology & Immunohaematology",,MC-5962,09/07/2026,07/09/2029,,,Archive Applications,Oct 3 2026 7:30AM
29,M-0304,"METRO PATH LABS, METRO HOSPITALS & HEART INSTITUTE",nabl003305,2022,Medical,Renewal of Accreditation,Kanika Kanwar,drkanika@metrohospitals.com,9910488473,L-94 SEC 11,Uttar Pradesh,Noida,201301,Accreditation Certificate Approved and Issued,"Clinical Biochemistry,Cytopathology,Haematology,Histopathology,Clinical Pathology,Microbiology & Infectious disease serology",,MC-2058,24/02/2025,23/02/2029,,,Archive Applications,Oct 3 2026 7:30AM
30,M-0980,"METRO PATH LAB, METRO HOSPITAL AND CANCER INSTITUTE",nabl003323,2022,Medical,Scope Extension,Rajiv Mishra,pathlab-pv@metrohospitals.com,9811882726,"21, COMMUNITY CENTER, PREET VIHAR",Delhi,New Delhi,110092,Accreditation Certificate Approved and Issued,"Clinical Biochemistry,Clinical Pathology,Haematology & Immunohaematology",,MC-2339,11/09/2025,10/09/2029,,26/08/2026,Archive Applications,Oct 3 2026 7:30AM
31,M-0179,SAGAR HOSPITAL MEDICAL LABORATORY,nabl003337,2022,Medical,Renewal of Accreditation,BIJI K A,laboratory@sagarhospitals.in,9591991896,"NO 44/54, 30TH CROSS ROAD, TILAKNAGAR",Karnataka,Bengaluru,560041,Accreditation Certificate Approved and Issued,"Clinical Biochemistry,Cytopathology,Molecular Testing,Haematology,Histopathology,Clinical Pathology,Microbiology & Infectious disease serology",,MC-6121,09/11/2025,08/11/2029,,,Archive Applications,Oct 3 2026 7:30AM
32,M-0348,"METRO PATH LAB, RLKC HOSPITAL METRO HEART INSTITUTE",nabl003343,2022,Medical,Renewal of Accreditation,Mandeep Kaur,nabl-rlkc@metrohospitals.com,9810939090,"NARAINA ROAD, PANDAV NAGAR",Delhi,New Delhi,110008,Accreditation Certificate Approved and Issued,"Clinical Biochemistry,Clinical Pathology,Haematology & Immunohaematology",,MC-2711,04/05/2026,03/05/2030,,11/05/2026,Gayathri S,Oct 3 2026 7:30AM
33,M-0457,"LABORATORY SERVICES, APOLLO HOSPITALS (A UNIT OF M/S IMPERIAL HOSPITAL & RESEARCH CENTRE LTD)",nabl003359,2022,Medical,Renewal of Accreditation,Swarna Shivakumar,drswarna_s@apollohospitals.com,9448039949,"154/11, BANNERGHATTA ROAD",Karnataka,Bengaluru,560076,Accreditation Certificate Approved and Issued,"Clinical Biochemistry,Cytopathology,Molecular Testing,Haematology,Histopathology,Clinical Pathology,Microbiology & Infectious disease serology",",--Select Group--",MC-2847,09/09/2025,08/09/2029,,12/09/2025,Archive Applications,Oct 3 2026 7:30AM
34,M-0840,DR LAL PATHLABS LTD.,nabl003381,2022,Medical,Renewal of Accreditation,JASMINE KOHLI,jasmine.kohli@lalpathlabs.com,9414074713,"A-34, PRABHU MARG, CENTRE POINT BUILDING,RAJA PARK ,TILAK NAGAR",Rajasthan,Jaipur,302004,Accreditation Certificate Approved and Issued,"Clinical Biochemistry,Haematology,Clinical Pathology,Microbiology & Infectious disease serology",,MC-2696,22/04/2025,21/04/2029,,,Archive Applications,Oct 3 2026 7:30AM
35,M-1036,"DEPARTMENT OF LABORATORY SERVICES, ZENITH SUPER SPECIALIST HOSPITAL (A UNIT OF J.M.D HOSPITAL Private Limited.)",nabl003388,2022,Medical,Renewal of Accreditation,Prithwiraj Mondal,quality.zssh@gmail.com,8001065223,"9/3, FEEDER ROAD BELGHORIA (RATHTALA)",West Bengal,Kolkata,700056,Accreditation Certificate Approved and Issued,"Clinical Biochemistry,Cytopathology,Molecular Testing,Haematology,Histopathology,Clinical Pathology",,MC-2343,24/09/2025,23/09/2029,,,Archive Applications,Oct 3 2026 7:30AM
36,M-1263,BHARATI VIDYAPEETH UNIVERSITY MEDICAL COLLEGE HOSPITAL AND RESEARCH CENTRE LABORATORY,nabl003401,2022,Medical,Renewal of Accreditation,Preeti Doshi,qm.nabl@bharatividyapeeth.edu,9423005002,"DHANAKAWADI, PUNE-SATARA ROAD",Maharashtra,Pune,411043,Accreditation Certificate Approved and Issued,"Clinical Biochemistry,Cytopathology,Molecular Diagnostics,Histopathology,Clinical Pathology,Microbiology & Infectious disease serology,Haematology & Immunohaematology",,MC-2181,08/05/2026,07/05/2030,,,Archive Applications,Oct 3 2026 7:30AM
37,M-1388,PURWANCHAL NAGARIK SAMITY (DEPARTMENT OF LABORATORY SERVICES),nabl003408,2022,Medical,Renewal of Accreditation,PINAKI MISHRA,samity.pns@gmail.com,8582969792,"P-73, C.I.T ROAD, SCHEME VIM",West Bengal,Kolkata,700054,Accreditation Certificate Approved and Issued,"Clinical Biochemistry,Clinical Pathology,Haematology & Immunohaematology",,MC-2532,25/02/2026,24/02/2030,,,Shweta Sinha,Oct 3 2026 7:30AM
38,M-0029,SCIENTIFIC CLINICAL LABORATORY PRIVATE LIMITED,nabl003496,2022,Medical,Renewal of Accreditation,ANJAN KUMAR BASU,scientificlab86@gmail.com,9831315145,"2, RAM CHANDRA DAS ROW",West Bengal,Kolkata,700013,Accreditation Certificate Approved and Issued,"Clinical Biochemistry,Cytopathology,Histopathology,Clinical Pathology,Microbiology & Infectious disease serology,Haematology & Immunohaematology",,MC-2741,17/05/2026,16/05/2030,,,Archive Applications,Oct 3 2026 7:30AM
39,M-0159,"LABORATORY SERVICES, PEERLESS HOSPITEX HOSPITAL AND RESEARCH CENTER LIMITED",nabl003533,2022,Medical,Renewal of Accreditation,Soumik Banerjee,soumik.banerjee@peerlesshospital.com,9674471195,"360, PANCHASAYAR",West Bengal,Kolkata,700094,Accreditation Certificate Approved and Issued,"Clinical Biochemistry,Cytopathology,Molecular Testing,Haematology,Histopathology,Clinical Pathology,Microbiology & Infectious disease serology",,MC-2820,15/07/2025,14/07/2029,,01/08/2025,Gayathri S,Oct 3 2026 7:30AM
40,M-1100,"CENTRAL LABORATORY, SHARDA HOSPITAL",nabl003536,2022,Medical,Renewal of Accreditation,Pankaj Tripathi,pankaj.tripathi@shardacare.com,9161131971,"PLOT NO. 32,34, KNOWLEDGE PARK-III",Uttar Pradesh,Greater Noida,201310,Accreditation Certificate Approved and Issued,"Clinical Biochemistry,Molecular Testing,Haematology,Clinical Pathology,Microbiology & Infectious disease serology",,MC-7789,27/11/2025,26/11/2029,,,Archive Applications,Oct 3 2026 7:30AM
41,M-1163,HINDUSTAN WELLNESS LAB,nabl003605,2022,Medical,Renewal of Accreditation,PRAGATI SINGH,PRAGATI.SINGH@HINDUSTANWELLNESS.COM,8800773863,"PLOT 107, LG, SECTOR 44",Haryana,Gurgaon,122003,Accreditation Certificate Approved and Issued,"Clinical Biochemistry,Molecular Diagnostics,Clinical Pathology,Microbiology & Infectious disease serology,Haematology & Immunohaematology",",--Select Group--",MC-6331,22/02/2026,21/02/2030,,,Archive Applications,Oct 3 2026 7:30AM
42,M-1338,"CLINICAL LABORATORY, SUN PHARMACEUTICAL INDUSTRIES LIMITED",nabl003612,2022,Medical,Renewal of Accreditation,ANURAG MISHRA,anurag.mishra2@sunpharma.com,9818434825,"2ND FLOOR, HAKEEM ABDUL HAMEED CENTENARY HOSPITAL, HAMDARD NAGAR",Delhi,New Delhi,110062,Accreditation Certificate Approved and Issued,"Clinical Biochemistry,Haematology,Clinical Pathology,Microbiology & Infectious disease serology",,MC-2414,17/10/2025,16/10/2029,,,Archive Applications,Oct 3 2026 7:30AM
43,M-0069,"DR. HEDGEWAR RUGNALAYA, SMT. RAMADEVI RAJNARAYAN BAGLA PATHOLOGY LABORATORY",nabl003632,2022,Medical,NABL 201,Shridhan Anand Patil,shridhan@gmail.com,9786955837,GARKHEDA,Maharashtra,Aurangabad,431005,Accreditation Certificate Approved and Issued,"Clinical Biochemistry,Cytopathology,Molecular Diagnostics,Histopathology,Clinical Pathology,Microbiology & Infectious disease serology,Haematology & Immunohaematology",,MC-2417,21/03/2026,20/03/2030,,15/06/2026,Gayathri S,Oct 3 2026 7:30AM
44,M-0356,PUSHPAWATI SINGHANIA HOSPITAL & RESEARCH INSTITUTE - LABORATORY DIVISION,nabl003635,2022,Medical,Renewal of Accreditation,Inder Sharma,labquality@psri.net,9958290387,"PLOT NO. 2, PRESS ENCLAVE ROAD, SHEIKH SARAI - II",Delhi,New Delhi,110017,Accreditation Certificate Approved and Issued,"Clinical Biochemistry,Cytopathology,Haematology,Histopathology,Clinical Pathology,Microbiology & Infectious disease serology",,MC-2995,27/10/2025,26/10/2029,,10/11/2025,Archive Applications,Oct 3 2026 7:30AM
45,M-1451,JEEVA SPECIALTY LABORATORY,nabl003641,2022,Medical,Renewal of Accreditation,C BALACHANDRAN,balachandran.c.j@gmail.com,9847036603,"38 - 613/, 38 - 614/ VISITORS BUILDING, M.G ROAD, POOTHOLE P.O",Kerala,Thrissur,680004,Accreditation Certificate Approved and Issued,"Clinical Biochemistry,Haematology,Microbiology & Infectious disease serology",,MC-2781,20/12/2025,19/12/2029,,,Archive Applications,Oct 3 2026 7:30AM
46,M-1033,"LABORATORY SERVICES, DOWN TOWN HOSPITAL LIMITED",nabl003652,2022,Medical,Renewal of Accreditation,ARINDAM BHATTACHARYA,quality.dth@downtowngroup.org,7002187578,"G.S.ROAD, SANKARDEV PATH, DISPUR",Assam,Guwahati,781006,Accreditation Certificate Approved and Issued,"Clinical Biochemistry,Cytopathology,Molecular Testing,Haematology,Histopathology,Clinical Pathology",,MC-5964,08/09/2025,07/09/2029,,,Archive Applications,Oct 3 2026 7:30AM
47,M-0455,DR. LAL PATHLABS LTD.,nabl003693,2022,Medical,Renewal of Accreditation,MANGESH CHIKHALE,mangesh.chikhale@lalpathlabs.com,9159525451,"GROUND FLOOR, ANAND EMERALD, SAKORE NAGAR, NEW AIRPORT ROAD",Maharashtra,Pune,411014,Accreditation Certificate Approved and Issued,"Clinical Biochemistry,Clinical Pathology,Microbiology & Infectious disease serology,Haematology & Immunohaematology",,MC-6373,08/03/2026,07/03/2030,,17/03/2026,Archive Applications,Oct 3 2026 7:30AM
48,M-1339,AVIGNA LABORATORIES LLP,nabl003712,2022,Medical,Renewal of Accreditation,SIVAPRASADARAO J,sivaprasadarao.jampani@avignadiagnostics.com,9885094110,"H.NO.1-54/56/3, J.S. PLAZA, MADINAGUDA, CHANDANAGAR",Telangana,Hyderabad,500049,Accreditation Certificate Approved and Issued,"Clinical Biochemistry,Molecular Testing,Haematology,Clinical Pathology,Microbiology & Infectious disease serology",,MC-7166,08/02/2025,07/02/2029,,,Archive Applications,Oct 3 2026 7:30AM
49,M-0155,DEPARTMENT OF PATHOLOGY DISHARI HEALTH POINT PVT. LTD.,nabl003749,2022,Medical,Renewal of Accreditation,PULAKESH PRAMANIK,dishari_hp@yahoo.co.in,8116602187,"19 B. G. ROAD, MOKDUMPUR",West Bengal,Malda,732103,Accreditation Certificate Approved and Issued,"Clinical Biochemistry,Cytopathology,Haematology,Histopathology,Clinical Pathology,Microbiology & Infectious disease serology",,MC-7098,16/01/2025,15/01/2029,,,Archive Applications,Oct 3 2026 7:30AM
50,M-0957,MALLIGE LABS (UNIT OF MALLIGE MEDICAL CENTER PRIVATE LIMITED),nabl003771,2022,Medical,Renewal of Accreditation,Sahana G R,lab@mallige.com,9972408335,"31, 32 CRESCENT ROAD, MADHAVA NAGAR, GANDHI NAGAR",Karnataka,Bengaluru,560001,Accreditation Certificate Approved and Issued,"Clinical Biochemistry,Cytopathology,Molecular Diagnostics,Clinical Pathology,Microbiology & Infectious disease serology,Haematology & Immunohaematology",,MC-2068,07/02/2026,06/02/2030,,25/02/2026,Archive Applications,Oct 3 2026 7:30AM
51,M-1099,"MARWARI HOSPITALS, A UNIT OF SHREE MARWARIDATABYA AUSHADHYALAYA (DEPARTMENT OF PATHOLOGY)",nabl003805,2022,Medical,Renewal of Accreditation,ATUL KUMAR AGARWAL,ATULAIN@YAHOO.CO.IN,9401512615,"S J ROAD, ATHGAON",Assam,Guwahati,781008,Accreditation Certificate Approved and Issued,"Clinical Biochemistry,Cytopathology,Histopathology,Clinical Pathology,Microbiology & Infectious disease serology,Haematology & Immunohaematology",,MC-2586,01/04/2026,31/03/2030,,,Archive Applications,Oct 3 2026 7:30AM
52,M-0280,DEPARTMENT OF LABORATORY MEDICINE- MAHARAJA AGRASEN HOSPITAL,nabl003812,2022,Medical,Renewal of Accreditation,Meena Sijwali,dlmmah15@gmail.com,9810656546,"ROHTAK ROAD, PUNJABI BAGH",Delhi,Delhi,110026,Accreditation Certificate Approved and Issued,"Clinical Biochemistry,Cytopathology,Molecular Testing,Haematology,Histopathology,Clinical Pathology,Microbiology & Infectious disease serology",,MC-2044,10/12/2025,09/12/2029,,,Archive Applications,Oct 3 2026 7:30AM
53,M-1137,"SREE BALAJI MEDICAL COLLEGE AND HOSPITAL, CENTRAL LABORATORY",nabl003823,2022,Medical,Renewal of Accreditation,ANBUMOZHI M K,"sreebalajinabl@gmail.com, anbudolly@gmail.com",9677068638,"7, CLC WORKS ROAD, CHROMEPET",Tamil Nadu,Chennai,600044,Accreditation Certificate Approved and Issued,"Clinical Biochemistry,Cytopathology,Molecular Testing,Haematology,Histopathology,Clinical Pathology,Microbiology & Infectious disease serology",,MC-6022,29/09/2025,28/09/2029,,,Archive Applications,Oct 3 2026 7:30AM
54,M-1501,VIJAYA DIAGNOSTIC CENTRE LIMITED,nabl003828,2022,Medical,Renewal of Accreditation,Vijaya Sree Mathe,vijayasree.mathe@vijayadiagnostic.in,8008466550,"D- BLOCK, PALAM VIHAR",Haryana,Gurgaon,122017,Accreditation Certificate Approved and Issued,"Clinical Biochemistry,Cytopathology,Haematology,Clinical Pathology,Microbiology & Infectious disease serology",,MC-2861,15/07/2025,14/07/2029,,31/07/2025,Archive Applications,Oct 3 2026 7:30AM
55,M-0219,DELHI HEART & LUNG INSTITUTE-LABORATORY,nabl003830,2022,Medical,Renewal of Accreditation,SARITA KUMARI,lab@dhli.in,9873439803,3MM II PANCHKUAIN ROAD,Delhi,New Delhi,110055,Accreditation Certificate Approved and Issued,"Clinical Biochemistry,Clinical Pathology,Microbiology & Infectious disease serology,Haematology & Immunohaematology",",--Select Group--",MC-6231,04/01/2026,03/01/2030,,21/01/2026,Gayathri S,Oct 3 2026 7:30AM
56,M-1630,PRIYANKA PATILS PLATINUM LAB LLP,nabl003832,2022,Medical,Renewal of Accreditation,PRIYANKA PATIL,priyankabhoir@gmail.com,7208776741,"SHOP 6 & 7, FIRST FLOOR, MITALI HEIGHTS, PUNE LINK ROAD",Maharashtra,Kalyan,421306,Accreditation Certificate Approved and Issued,"Clinical Biochemistry,Haematology,Clinical Pathology,Microbiology & Infectious disease serology",,MC-3079,21/12/2025,20/12/2029,,,Archive Applications,Oct 3 2026 7:30AM
57,M-1337,"DEPARTMENT OF LABORATORY MEDICINE, DR. BALABHAI NANAVATI HOSPITAL",nabl003904,2022,Medical,Renewal of Accreditation,SUSHMA SHETTY,sushma.shetty@nanavatihospital.org,9920972093,SWAMI VIVEKANANDA ROAD (S.V. ROAD),Maharashtra,Mumbai,400056,Accreditation Certificate Approved and Issued,"Cytopathology,Molecular Testing,Histopathology,Microbiology & Infectious disease serology",,MC-2374,18/09/2025,17/09/2029,,,Archive Applications,Oct 3 2026 7:30AM
58,M-0217,GODREJ MEMORIAL HOSPITAL PATHOLOGY LABORATORY,nabl003908,2022,Medical,Renewal of Accreditation,AFSHAN KHAN,hodpathology@godrejhospital.com,9167356521,"PIROJSHAH NAGAR, VIKHROLI (EAST)",Maharashtra,Mumbai,400079,Accreditation Certificate Approved and Issued,"Clinical Biochemistry,Haematology,Clinical Pathology,Microbiology & Infectious disease serology",,MC-2084,10/01/2025,09/01/2029,,20/01/2025,Archive Applications,Oct 3 2026 7:30AM
59,M-0328,"LABORATORY DIAGNOSTIC SERVICES, ST STEPHEN'S HOSPITAL",nabl003946,2022,Medical,Renewal of Accreditation,RENUKA JOSEPH,renukadoc10@gmail.com,9717077688,ST. STEPHEN'S HOSPITAL TIS HAZARI,Delhi,Delhi,110054,Accreditation Certificate Approved and Issued,"Clinical Biochemistry,Cytopathology,Histopathology,Clinical Pathology,Microbiology & Infectious disease serology,Haematology & Immunohaematology",",--Select Group--",MC-2570,10/04/2026,09/04/2030,,04/05/2026,Archive Applications,Oct 3 2026 7:30AM
60,M-1138,CYTOGENETICS DEPARTMENT,nabl003992,2022,Medical,Renewal of Accreditation,Yuvarani S,cytogen@cmcvellore.ac.in,9894921124,CHRISTIAN MEDICAL COLLEGE,Tamil Nadu,Vellore,632004,Accreditation Certificate Approved and Issued,Cytogenetics,,MC-2775,30/05/2025,29/05/2029,,,Archive Applications,Oct 3 2026 7:30AM
61,M-0359,"DEPARTMENT OF LABORATORY MEDICINE, KAILASH HOSPITALS LIMITED",nabl003995,2022,Medical,Renewal of Accreditation,VANDANA KHARE,lab.gnoida@kailashhospital.com,8448045950,"23, KP-1",Uttar Pradesh,Greater Noida,201310,Accreditation Certificate Approved and Issued,"Clinical Biochemistry,Clinical Pathology,Haematology & Immunohaematology",,MC-2485,06/02/2026,05/02/2030,,09/02/2026,Archive Applications,Oct 3 2026 7:30AM
62,M-1011,KOKILABEN DHIRUBHAI AMBANI HOSPITAL LABORATORY,nabl003999,2022,Medical,Renewal of Accreditation,SHUCHI SINGHAL,shuchi.singhal@kokilabenhospitals.com,9819023536,FOUR BUNGALOWS,Maharashtra,Mumbai,400053,Accreditation Certificate Approved and Issued,"Clinical Biochemistry,Cytopathology,Molecular Testing,Cytogenetics,Haematology,Histopathology,Clinical Pathology,Flow Cytometry,Microbiology & Infectious disease serology",,MC-2295,21/07/2025,20/07/2029,,07/08/2025,Archive Applications,Oct 3 2026 7:30AM
63,M-1221,DR LAL PATHLABS Limited,nabl004028,2022,Medical,Renewal of Accreditation,PREETI SETH,preeti.seth@lalpathlabs.com,9896096295,"SCF 35, SECTOR-11, HUDA",Haryana,Panipat,132103,Accreditation Certificate Approved and Issued,"Clinical Biochemistry,Haematology,Clinical Pathology,Microbiology & Infectious disease serology",,MC-2585,23/11/2025,22/11/2029,,,Archive Applications,Oct 3 2026 7:30AM
64,M-1121,"DEPARTMENT OF LABORATORY MEDICINE, WOCKHARDT HOSPITALS LIMITED, UNIT ADAMS WYLIE MEMORIAL",nabl004032,2022,Medical,Renewal of Accreditation,Richa Agarwal,Richa.Agarwal@wockhardthospitals.com,9820881944,1877 DR. ANAND RAO NAIR MARG,Maharashtra,Mumbai,400011,Accreditation Certificate Approved and Issued,"Clinical Biochemistry,Clinical Pathology,Microbiology & Infectious disease serology,Haematology & Immunohaematology",,MC-2527,01/03/2026,28/02/2030,,,Archive Applications,Oct 3 2026 7:30AM
65,M-0780,VIJAYA DIAGNOSTIC CENTRE LIMITED,nabl004054,2022,Medical,NABL 201,Vijaya Sree Mathe,vijayasree.mathe@vijayadiagnostic.in,9989701120,"D. NO. 47-11-16, GRAND PALACE, FIRST FLOOR, DWARAKA NAGAR",Andhra Pradesh,Visakhapatnam,530016,Accreditation Certificate Approved and Issued,"Clinical Biochemistry,Cytopathology,Molecular Testing,Histopathology,Clinical Pathology,Microbiology & Infectious disease serology,Haematology & Immunohaematology",",--Select Group--",MC-2172,01/05/2025,30/04/2029,,20/07/2026,Gayathri S,Oct 3 2026 7:30AM
66,M-1379,MICRO CLINICAL LABORATORY & DIAGNOSTIC CENTRE PVT. LTD.,nabl004068,2022,Medical,Renewal of Accreditation,Sujoy Kumar Sarkar,microlabhaldia@gmail.com,9875440310,"N-497, HPL LINK ROAD, BASUDEVPUR, P.O. KHANJANCHAK",West Bengal,Haldia,721602,Accreditation Certificate Approved and Issued,"Clinical Biochemistry,Haematology,Clinical Pathology",,MC-2502,18/12/2024,17/12/2028,,,Archive Applications,Oct 3 2026 7:30AM
67,M-0931,HOLY FAMILY HOSPITAL - LABORATORY,nabl004090,2022,Medical,Renewal of Accreditation,AARTI SARDA,labqm@holyfamilyhospitaldelhi.org,9716832520,"OKHLA ROAD, OKHLA",Delhi,New Delhi,110025,Accreditation Certificate Approved and Issued,"Clinical Biochemistry,Cytopathology,Histopathology,Hematology & Immunohematology,Clinical Pathology,Microbiology & Infectious disease serology",,MC-2929,20/10/2025,19/10/2029,,24/10/2025,Archive Applications,Oct 3 2026 7:30AM
68,M-0355,LABORATORY SERVICES OF KALRA HOSPITAL SRCNC PVT. LTD,nabl004120,2022,Medical,NABL 201,Shweta Jha,labkalra@yahoo.com,9717936505,"A-4, 5 & 6, TULSI DASS KALRA MARG, KIRTI NAGAR",Delhi,Delhi,110015,Accreditation Certificate Approved and Issued,"Clinical Biochemistry,Haematology,Clinical Pathology",,MC-2451,15/07/2025,28/11/2028,,,Archive Applications,Oct 3 2026 7:30AM
69,M-0666,SARVODAYA HOSPITAL LABORATORY (A UNIT OF ANSHU HOSPITALS LIMITED),nabl004139,2022,Medical,Renewal of Accreditation,VISHNU GOGNA,vishnu.g@sarvodayahospital.com,9818926526,"1/508, BARADARI ,GOPI COLONY,SECTOR-19",Haryana,Faridabad,121001,Accreditation Certificate Approved and Issued,"Clinical Biochemistry,Clinical Pathology,Haematology & Immunohaematology",,MC-2092,26/04/2026,25/04/2030,,,Archive Applications,Oct 3 2026 7:30AM
70,M-0288,ALCARE DIAGNOSTIC & RESEARCH CENTRE PVT LTD,nabl004147,2022,Medical,Renewal of Accreditation,MANOJ SARMA,alcare.nabl@gmail.com,9957171632,"U.C.O BANK CAMPUS, BHANGAGARH, RAJGARH ROAD, KAMRUP METRO",Assam,Guwahati,781005,Accreditation Certificate Approved and Issued,"Clinical Biochemistry,Cytopathology,Haematology,Histopathology,Clinical Pathology",,MC-5794,11/07/2025,10/07/2029,,,Archive Applications,Oct 3 2026 7:30AM
71,M-1038,SAKRA WORLD HOSPITAL LABORATORY SERVICES,nabl004155,2022,Medical,Renewal of Accreditation,SHABNAM ROOHI,shabnam.roohi@sakraworldhospital.com,7259003874,SY NO 52/2 AND 52/3 DEVARABEESANAHALLI VARTHUR HOBLI,Karnataka,Bengaluru,560103,Accreditation Certificate Approved and Issued,"Clinical Biochemistry,Cytopathology,Molecular Testing,Haematology,Histopathology,Clinical Pathology,Microbiology & Infectious disease serology",,MC-2195,06/05/2025,05/05/2029,,,Archive Applications,Oct 3 2026 7:30AM
72,M-1141,"CLINICAL LABORATORY SERVICES, DR. RAMESH CARDIAC & MULTI SPECIALITY HOSPITAL",nabl004175,2022,Medical,Renewal of Accreditation,RAMESH NURUBHASHA,rameshnurubasha@rameshhospitals.com,9705953377,"54-16-14, RAMESH HOSPITAL ROAD, WARD-33 D",Andhra Pradesh,Vijayawada,520008,Accreditation Certificate Approved and Issued,"Clinical Biochemistry,Haematology,Clinical Pathology",,MC-6013,26/09/2025,25/09/2029,,,Archive Applications,Oct 3 2026 7:30AM
73,M-0833,DR. LAL PATHLABS LIMITED,nabl004235,2022,Medical,Renewal of Accreditation,SWATI SINGH,Swati.Singh@lalpathlabs.com,7906136088,"C-30 RDC, RAJNAGAR",Uttar Pradesh,Ghaziabad,201002,Accreditation Certificate Approved and Issued,"Clinical Biochemistry,Clinical Pathology,Microbiology & Infectious disease serology,Haematology & Immunohaematology",,MC-2615,09/04/2026,08/04/2030,,21/04/2026,Shweta Sinha,Oct 3 2026 7:30AM
74,M-0861,"MGM'S CENTRAL PATHOLOGY LABORATORY, MAHATMA GANDHI MISSION HOSPITAL",nabl004243,2022,Medical,Renewal of Accreditation,SACHIN KALE,drss.kale@gmail.com,9823244033,"N-6, CIDCO",Maharashtra,Aurangabad,431001,Accreditation Certificate Approved and Issued,"Clinical Biochemistry,Molecular Testing,Haematology,Microbiology & Infectious disease serology",,MC-2839,29/06/2025,28/06/2029,,,Archive Applications,Oct 3 2026 7:30AM
75,M-1351,"DEPARTMENT OF LABORATORY MEDICINE,VENKATESHWAR HOSPITAL [A UNIT OF ALL INDIA SOCIETY FOR HEALTH AID EDUCATION & RESEARCH(A.S.H.A)]",nabl004286,2022,Medical,Renewal of Accreditation,Stuti Gupta,stuti.gupta@venkateshwarhospitals.com,9711795212,"SECTOR 18A, DWARKA",Delhi,Delhi,110075,Accreditation Certificate Approved and Issued,"Clinical Biochemistry,Cytopathology,Molecular Testing,Haematology,Histopathology,Clinical Pathology,Microbiology & Infectious disease serology",",--Select Group--",MC-2523,03/01/2026,02/01/2030,,,Archive Applications,Oct 3 2026 7:30AM
76,M-0151,MADRAS MEDICAL MISSION CLINICAL LABORATORY SERVICES,nabl004378,2022,Medical,Renewal of Accreditation,V Chitrasree,nablqm@mmm.org.in,8870984162,"4-A, J.J. NAGAR, MOGAPPAIR",Tamil Nadu,Chennai,600037,Accreditation Certificate Approved and Issued,"Clinical Biochemistry,Cytopathology,Molecular Diagnostics,Histopathology,Clinical Pathology,Microbiology & Infectious disease serology,Haematology & Immunohaematology",,MC-2682,24/04/2026,23/04/2030,,,Archive Applications,Oct 3 2026 7:30AM
77,M-1160,HOUSE OF DIAGNOSTICS HEALTHCARE PRIVATE LIMITED,nabl004407,2022,Medical,Renewal of Accreditation,Ruhani Kanwar,Labmedicine@houseofdiagnostics.com,9319272999,"15,16 HARGOVIND ENCLAVE, MAIN VIKAS MARG",Delhi,New Delhi,110092,Accreditation Certificate Approved and Issued,"Clinical Biochemistry,Molecular Diagnostics,Clinical Pathology,Microbiology & Infectious disease serology,Haematology & Immunohaematology",,MC-2853,09/04/2026,08/04/2030,,15/04/2026,Archive Applications,Oct 3 2026 7:30AM
78,M-0914,DEPARTMENT OF LABORATORY MEDICINE P. D. HINDUJA NATIONAL HOSPITAL AND MEDICAL RESEARCH CENTRE,nabl004415,2022,Medical,Scope Extension,Veena Rajput,veena.rajput@hindujahospital.com,9167853515,"LALITA GIRIDHAR (S1) BUILDING, VEER SAVARKAR MARG, MAHIM WEST",Maharashtra,Mumbai,400016,Accreditation Certificate Approved and Issued,"Clinical Biochemistry,Cytopathology,Molecular Diagnostics,Histopathology,Clinical Pathology,Flow Cytometry,Microbiology & Infectious disease serology,Haematology & Immunohaematology",,MC-2513,19/12/2025,18/12/2029,,16/06/2026,Archive Applications,Oct 3 2026 7:30AM
79,M-1186,DR LAL PATHLABS LIMITED,nabl004440,2022,Medical,Scope Extension,Shweta Kasana,Shweta.kasana@lalpathlabs.com,8375958924,"GROUND FLOOR COMMERCIAL PREMISES, 15C/20, VASUNDHRA",Uttar Pradesh,Ghaziabad,201012,Accreditation Certificate Approved and Issued,"Clinical Biochemistry,Clinical Pathology,Microbiology & Infectious disease serology,Haematology & Immunohaematology",,MC-7701,24/10/2025,23/10/2029,,06/05/2026,Archive Applications,Oct 3 2026 7:30AM
80,M-1312,CENTER FOR RENAL AND UROLOGICAL PATHOLOGY PRIVATE LIMITED,nabl004443,2022,Medical,Renewal of Accreditation,ANILA ABRAHAM KURIEN,anila_abraham08@yahoo.com,9840903889,"DOOR NO 27 AND 28, VMT NAGAR, KOLATHUR",Tamil Nadu,Chennai,600099,Accreditation Certificate Approved and Issued,Histopathology,,MC-2331,16/07/2026,15/07/2030,,,Shweta Sinha,Oct 3 2026 7:30AM
81,M-0511,SAMPURNA SODANI DIAGNOSTIC CLINIC,nabl004450,2022,Medical,Renewal of Accreditation,RANJANA HAWALDAR,drranjana@sampurnadiagnostics.com,9303227630,"LG-1, MORYA CENTRE, 16/1 RACE COURSE ROAD",Madhya Pradesh,Indore,452001,Accreditation Certificate Approved and Issued,"Clinical Biochemistry,Cytopathology,Molecular Testing,Haematology,Histopathology,Clinical Pathology,Microbiology & Infectious disease serology",,MC-2138,31/05/2025,30/05/2029,,,Archive Applications,Oct 3 2026 7:30AM
82,M-0210,CHARAKDHAR DIAGNOSTICS PRIVATE LIMITED,nabl004453,2022,Medical,Renewal of Accreditation,PRAMOD SINGH,charak1984@gmail.com,9793318881,"BASEMENT, 292/05 TULSIDAS MARG, CHOWK",Uttar Pradesh,Lucknow,226003,Accreditation Certificate Approved and Issued,"Clinical Biochemistry,Haematology",,MC-2491,21/12/2025,20/12/2029,,24/12/2025,Archive Applications,Oct 3 2026 7:30AM
83,M-1727,DOCTORS DIAGNOSTIC CENTRE,nabl004504,2022,Medical,Renewal of Accreditation,HEMANT KAPOOR,Hemant2k18@gmail.com,9315119468,"1441-A, WARD NO.1, NAJAFGARH",Delhi,Delhi,110043,Accreditation Certificate Approved and Issued,"Clinical Biochemistry,Molecular Testing,Haematology,Clinical Pathology,Microbiology & Infectious disease serology",,MC-3237,04/01/2025,03/01/2029,,15/01/2025,Archive Applications,Oct 3 2026 7:30AM
84,M-1020,DEPT. OF LAB MEDICINE CIVIL HOSPITAL,nabl004525,2022,Medical,Renewal of Accreditation,Snigdha Goyal,pathgh6pkl@gmail.com,9711578378,"FIRST FLOOR, C BLOCK, NEW BUILDING 132, SECTOR 6",Haryana,Panchkula,134109,Accreditation Certificate Approved and Issued,"Clinical Biochemistry,Haematology",,MC-7113,18/01/2025,17/01/2029,,,Archive Applications,Oct 3 2026 7:30AM
85,M-0845,SADHU VASWANI MISSION MEDICAL CENTRE,nabl004565,2022,Medical,Renewal of Accreditation,Poornima Gupta,poornima8826560716@yahoo.in,7678270481,"4TH STREET, SHANTI NIKETAN",Delhi,New Delhi,110021,Accreditation Certificate Approved and Issued,"Clinical Biochemistry,Clinical Pathology,Microbiology & Infectious disease serology,Haematology & Immunohaematology",",--Select Group--",NABLM0626DL08136,25/06/2026,24/06/2030,,,Archive Applications,Oct 3 2026 7:30AM
86,M-0147,AXIS CLINICALS LIMITED (CLINICAL REFERENCE LABORATORY),nabl004580,2022,Medical,Renewal of Accreditation,S RAVINDER,Ravinder.S@Axisclinicals.com,9848217614,"1-121/1, 5TH FLOOR, MIYAPUR",Telangana,Hyderabad,500049,Accreditation Certificate Approved and Issued,"Clinical Biochemistry,Haematology,Clinical Pathology,Microbiology & Infectious disease serology",,MC-2324,11/09/2025,10/09/2029,,,Archive Applications,Oct 3 2026 7:30AM
87,M-1380,"FORTIS HEALTHCARE LIMITED, CLINICAL LABORATORY, FORTIS HOSPITAL",nabl004583,2022,Medical,Scope Extension,MONIKA GUPTA,monika.gupta@fortishealthcare.com,9818852521,"A, BLOCK SHALIMAR BAGH, NEW DELHI, NORTH WEST",Delhi,Delhi,110088,Accreditation Certificate Approved and Issued,"Clinical Biochemistry,Cytopathology,Histopathology,Clinical Pathology,Microbiology & Infectious disease serology,Haematology & Immunohaematology",",--Select Group--",MC-2535,06/02/2025,05/02/2029,,14/01/2026,Archive Applications,Oct 3 2026 7:30AM
88,M-0756,"CENTRAL LAB, CHHATRAPATI SHIVAJI SUBHARTI HOSPITAL",nabl004641,2022,Medical,Renewal of Accreditation,Shubhangi Gupta,subharticentrallab@gmail.com,9359059295,"NH-58, DELHI-HARIDWAR BY PASS ROAD, SUBHARTIPURAM",Uttar Pradesh,Meerut,250005,Accreditation Certificate Approved and Issued,"Clinical Biochemistry,Cytopathology,Molecular Testing,Haematology,Histopathology,Clinical Pathology,Microbiology & Infectious disease serology",,MC-2882,26/09/2025,25/09/2029,,27/09/2025,Archive Applications,Oct 3 2026 7:30AM
89,M-1155,"CENTRAL LABORATORY, ST. MARTHA'S HOSPITAL",nabl004645,2022,Medical,NABL 201,Sushma Krishna,labhod@stmarthas.in,9740882970,5 NRUPATHUNGA ROAD,Karnataka,Bengaluru,560001,Accreditation Certificate Approved and Issued,"Clinical Biochemistry,Cytopathology,Histopathology,Clinical Pathology,Microbiology & Infectious disease serology,Haematology & Immunohaematology",",--Select Group--",MC-6966,03/07/2025,12/11/2028,,29/05/2026,Archive Applications,Oct 3 2026 7:30AM
90,M-1384,"LABORATORY SERVICES, PONDICHERRY INSTITUTE OF MEDICAL SCIENCES",nabl004684,2022,Medical,Renewal of Accreditation,Shashikala,nabl@pimsmmm.net,9443265947,GANAPATHICHETTIKULAM,Puducherry,Puducherry,605014,Accreditation Certificate Approved and Issued,"Clinical Biochemistry,Cytopathology,Cytogenetics,Molecular Diagnostics,Histopathology,Clinical Pathology,Microbiology & Infectious disease serology,Haematology & Immunohaematology",",--Select Group--",NABLM0626PY08125,12/07/2026,11/07/2030,,,Shweta Sinha,Oct 3 2026 7:30AM
91,M-0365,DESUN HOSPITAL AND HEART INSTITUTE ( A UNIT OF PN MEMORIAL NEUROCENTRE AND RESEARCH INSTITUTE LIMITED),nabl004720,2022,Medical,Renewal of Accreditation,Arpita Biswas,accreditation2@desunhospital.com,9748149911,"720, ANANDAPUR, EM BYPASS",West Bengal,Kolkata,700107,Accreditation Certificate Approved and Issued,"Clinical Biochemistry,Cytopathology,Molecular Testing,Haematology,Histopathology,Clinical Pathology,Microbiology & Infectious disease serology",,MC-2191,21/07/2025,20/07/2029,,,Archive Applications,Oct 3 2026 7:30AM
92,M-0398,KANVA DIAGNOSTIC SERVICES PRIVATE LIMITED,nabl004752,2022,Medical,Onsite Surveillance,ASMA SAMREEN,kanvadiagnostic@gmail.com,8050504917,"NO. 2/10 DR. RAJAKUMAR ROAD, 4TH N BLOCK, RAJAJINAGAR",Karnataka,Bengaluru,560010,Accreditation Certificate Approved and Issued,"Clinical Biochemistry,Cytopathology,Haematology,Histopathology,Clinical Pathology,Microbiology & Infectious disease serology",,MC-2457,21/12/2024,20/12/2028,,23/12/2025,Archive Applications,Oct 3 2026 7:30AM
93,M-1431,"CENTRAL DIAGNOSTIC LABORATORY SERVICES, RL JALAPPA HOSPITAL AND RESEARCH CENTER, UNIT OF SRI DEVARAJ URS EDUCATIONAL TRUST FORBACKWARD CLASSES",nabl004753,2022,Medical,Renewal of Accreditation,SUPREETHA MS,qualitymanagercdls@sduaher.ac.in,9538428830,TAMAKA,Karnataka,Kolar,563103,Accreditation Certificate Approved and Issued,"Clinical Biochemistry,Cytopathology,Histopathology,Clinical Pathology,Microbiology & Infectious disease serology,Haematology & Immunohaematology",,MC-2708,13/04/2026,12/04/2030,,,Archive Applications,Oct 3 2026 7:30AM
94,M-1167,JANTA X-RAY CLINIC PRIVATE LIMITED,nabl004754,2022,Medical,Renewal of Accreditation,Priyanka Anand,jantajxr1978@gmail.com,9990331813,"4A/16, TILAK NAGAR",Delhi,New Delhi,110018,Accreditation Certificate Approved and Issued,"Clinical Biochemistry,Haematology,Clinical Pathology",,MC-2242,22/09/2025,21/09/2029,,,Archive Applications,Oct 3 2026 7:30AM
95,M-1304,PROBE DIAGNOSTIC PRIVATE LIMITED (DEPARTMENT OF LABORATORY SERVICES),nabl004762,2022,Medical,NABL 201,ZAHID IMTEYAZ,probediagno@gmail.com,9831246412,"121, A.J.C. BOSE ROAD",West Bengal,Kolkata,700014,Accreditation Certificate Approved and Issued,"Clinical Biochemistry,Molecular Testing,Haematology,Clinical Pathology",,MC-6918,12/08/2025,15/10/2028,,,Archive Applications,Oct 3 2026 7:30AM
96,M-1369,"WELLCOME TRUST RESEARCH LABORATORY, DIVISION OF GASTROINTESTINAL SCIENCES, CHRISTIAN MEDICAL COLLEGE",nabl004793,2022,Medical,Renewal of Accreditation,Renita S,renita@cmcvellore.ac.in,9677498098,"1ST AND 5TH FLOOR, WILLIAMS BUILDING, CHRISTIAN MEDICAL COLLEGE AND HOSPITAL",Tamil Nadu,Vellore,632004,Accreditation Certificate Approved and Issued,"Molecular Testing,Microbiology & Infectious disease serology",,MC-6191,14/12/2025,13/12/2029,,,Archive Applications,Oct 3 2026 7:30AM
97,M-0028,NORTH DELHI PATHOLOGY CLINIC LLP,nabl004804,2022,Medical,NABL 201,RAKESH SHARMA,ndpclab@gmail.com,9811047824,"27/5, SHAKTI NAGAR, NANGIA PARK",Delhi,Delhi,110007,Accreditation Certificate Approved and Issued,"Clinical Biochemistry,Cytopathology,Molecular Diagnostics,Haematology,Clinical Pathology,Microbiology & Infectious disease serology,Haematology & Immunohaematology",,MC-2777,22/04/2026,07/07/2029,,,Archive Applications,Oct 3 2026 7:30AM
98,M-0881,"LABORATORY SERVICES, LIFECARE DIAGNOSTIC AND RESEARCH CENTER PRIVATE LIMITED",nabl004820,2022,Medical,Scope Extension,VINAY GOEL,lccosmos@lifecarediagnostics.com,7387774602,"206, COSMOS PLAZA, GURUDWARA, J P ROAD, ANDHERI WEST",Maharashtra,Mumbai,400053,Accreditation Certificate Approved and Issued,"Clinical Biochemistry,Clinical Pathology,Microbiology & Infectious disease serology,Haematology & Immunohaematology",,MC-2895,20/10/2025,19/10/2029,,16/04/2026,Archive Applications,Oct 3 2026 7:30AM
99,M-0192,"BRIG. T.K. NARAYANAN DEPARTMENT OF PATHOLOGY, SANTOKBA DURLABHJI MEMORIAL HOSPITAL CUM MEDICAL RESEARCH INSTITUTE",nabl004826,2022,Medical,Renewal of Accreditation,Mansi Faujdar,mansifaujdar@yahoo.co.in,9468603031,BHAWANI SINGH MARG,Rajasthan,Jaipur,302015,Accreditation Certificate Approved and Issued,"Clinical Biochemistry,Cytopathology,Molecular Testing,Haematology,Histopathology,Clinical Pathology,Microbiology & Infectious disease serology",,MC-7004,02/12/2024,01/12/2028,,,Archive Applications,Oct 3 2026 7:30AM
100,M-0158,BABINA DIAGNOSTICS (DEPARTMENT OF LABORATORY SERVICES),nabl004862,2022,Medical,Renewal of Accreditation,Reena Konsam,CONTACT@BABINADIAGNOSTICS.COM,9862008718,SOIBAM LEIKAI,Manipur,Imphal,795005,Accreditation Certificate Approved and Issued,"Clinical Biochemistry,Cytopathology,Molecular Testing,Haematology,Histopathology,Clinical Pathology,Microbiology & Infectious disease serology",,MC-2544,28/12/2024,27/12/2028,,11/01/2025,Archive Applications,Oct 3 2026 7:30AM
1,M-1463,"DESUN HOSPITAL (A UNIT OF PN MEMORIAL NEUROCENTRE AND RESEARCH INSTITUTE LIMITED), (DEPARTMENT OF LAB SERVICES)",nabl004881,2022,Medical,Renewal of Accreditation,ARPITA BISWAS,accreditation.siliguri@desunhospital.com,9748149911,"NORTH BENGAL MEDICAL COLLEGE ROAD, KAWAKHALI",West Bengal,Siliguri,734012,Accreditation Certificate Approved and Issued,"Clinical Biochemistry,Clinical Pathology,Microbiology & Infectious disease serology,Haematology & Immunohaematology",,MC-2785,22/06/2026,21/06/2030,,,Archive Applications,Oct 3 2026 7:30AM
2,M-0183,DR. KHANNA'S PATHCARE PRIVATE LIMITED,nabl004889,2022,Medical,Renewal of Accreditation,SHERRY KHANNA,sherrypathcareindia@gmail.com,9899099820,"A-43, BASEMENT, HAUZ KHAS",Delhi,New Delhi,110016,Accreditation Certificate Approved and Issued,"Clinical Biochemistry,Cytopathology,Haematology,Histopathology,Clinical Pathology,Microbiology & Infectious disease serology",,MC-2712,12/05/2025,11/05/2029,,20/05/2025,Archive Applications,Oct 3 2026 7:30AM
3,M-0520,"DEPARTMENT OF LAB SCIENCES, KALYANI HOSPITAL PRIVATE LIMITED",nabl004921,2022,Medical,Renewal of Accreditation,KANIKA MAHESHWARI,kalyanihospital.namita@gmail.com,7417019221,"354/2, MEHRAULI ROAD",Haryana,Gurgaon,122001,Accreditation Certificate Approved and Issued,"Clinical Biochemistry,Clinical Pathology,Microbiology & Infectious disease serology,Haematology & Immunohaematology",,MC-7888,28/01/2026,27/01/2030,,,Archive Applications,Oct 3 2026 7:30AM
4,M-1309,"DEPT OF LABORATORY MEDICINE, SAHYADRI NARAYANA MULTISPECIALITY HOSPITAL",nabl004926,2022,Medical,Renewal of Accreditation,RASHMI VAIDYA,rashmi.vaidya.dr@narayanahealth.org,9538881463,"NT ROAD, HARAKERE",Karnataka,Shimoga,577201,Accreditation Certificate Approved and Issued,"Clinical Biochemistry,Molecular Diagnostics,Clinical Pathology,Microbiology & Infectious disease serology,Haematology & Immunohaematology",",--Select Group--",MC-2531,25/02/2026,24/02/2030,,11/03/2026,Shweta Sinha,Oct 3 2026 7:30AM
5,M-1355,MILLENNIUM DIAGNOSTIC CENTRE (A UNIT OF DUCKLING DIAGNOSTIC CENTRE PRIVATE LIMITED),nabl004950,2022,Medical,NABL 201,Tuhin Palchoudhury,tuhinpalc@gmail.com,9831607236,"SAROJINI PALLY, HELABATTALA, BARASAT",West Bengal,Kolkata,700124,Accreditation Certificate Approved and Issued,"Clinical Biochemistry,Clinical Pathology,Haematology & Immunohaematology",,MC-2594,07/02/2026,06/02/2030,,28/04/2026,Archive Applications,Oct 3 2026 7:30AM
6,M-1201,"DEPARTMENT OF LABORATORY MEDICINE, NARAYANA MULTISPECIALITY HOSPITAL, (A UNIT OF NARAYANA HRUDAYALAYA LIMITED)",nabl004971,2022,Medical,Scope Extension,ANIL SHARMA,anil.sharma.dr@narayanahealth.org,9352645763,"SEC 28, KUMBHA MARG, PRATAP NAGAR",Rajasthan,Jaipur,302033,Accreditation Certificate Approved and Issued,"Clinical Biochemistry,Molecular Diagnostics,Clinical Pathology,Microbiology & Infectious disease serology,Haematology & Immunohaematology",,MC-2930,07/11/2025,06/11/2029,,12/02/2026,Archive Applications,Oct 3 2026 7:30AM
7,M-0491,FATHER MULLER MEDICAL COLLEGE HOSPITAL LABORATORY,nabl005012,2022,Medical,Renewal of Accreditation,OMKARESHWAR PATIL,qualitymanager@fathermuller.in,9449734071,"RS NO 10/3, FATHER MULLER ROAD, KANKANADY",Karnataka,Mangaluru,575002,Accreditation Certificate Approved and Issued,"Clinical Biochemistry,Cytopathology,Molecular Diagnostics,Histopathology,Clinical Pathology,Microbiology & Infectious disease serology,Haematology & Immunohaematology",",--Select Group--",MC-8051,23/04/2026,22/04/2030,,,Archive Applications,Oct 3 2026 7:30AM
8,M-1240,SATHYA DIAGNOSTIC CENTRE,nabl005035,2022,Medical,Renewal of Accreditation,B ANURADHA,sathyalab2@gmail.com,9966172173,"HOUSE NO. 3-6-142, SATHYA TOWERS, HIMAYATHNAGAR MAIN ROAD",Telangana,Hyderabad,500029,Accreditation Certificate Approved and Issued,"Clinical Biochemistry,Haematology,Clinical Pathology",,MC-5996,22/09/2025,21/09/2029,,,Archive Applications,Oct 3 2026 7:30AM
9,M-0587,"DEPARTMENT OF MEDICAL TESTING LABORATORY,SEWA HOSPITAL & RESEARCH CENTRE",nabl005064,2022,Medical,NABL 201,Neeraj Bora,shrcbiahs@gmail.com,7526036242,"SEWA NAGAR ,SITAPUR ROAD",Uttar Pradesh,Lucknow,226201,Accreditation Certificate Approved and Issued,Haematology,,MC-6969,30/07/2025,13/11/2028,,,Archive Applications,Oct 3 2026 7:30AM
10,M-0769,VIDHI UNIPATH SPECIALTY LABORATORY LLP,nabl005069,2022,Medical,Renewal of Accreditation,Jwalant Shah,vidhiunipath@gmail.com,9737021184,"GF, AVANTI COMPLEX, SUBHASH CHOWK, SURDHARA CIRCLE ROAD, MEMNAGAR",Gujarat,Ahmedabad,380052,Accreditation Certificate Approved and Issued,"Clinical Biochemistry,Haematology,Clinical Pathology",,MC-2358,23/08/2025,22/08/2029,,,Archive Applications,Oct 3 2026 7:30AM
11,M-0514,MADONNA DIAGNOSTIC AND RESEARCH CENTRE (DEPARTMENT OF LABORATORY MEDICINE),nabl005073,2022,Medical,Renewal of Accreditation,MRINAL KUMAR BARUAH,mkbaruah@gmail.com,9435030706,"BORDOLOI AVENUE, JALANNAGAR",Assam,Dibrugarh,786005,Accreditation Certificate Approved and Issued,"Clinical Biochemistry,Cytopathology,Clinical Pathology,Microbiology & Infectious disease serology,Haematology & Immunohaematology",",--Select Group--",MC-2061,24/02/2026,23/02/2030,,18/03/2026,Archive Applications,Oct 3 2026 7:30AM
12,M-1214,"LIKHITHAS DIAGNOSTIC AND SPECIALITY LAB ( LDSL ), ( A UNIT OF PRAGNASHREE HEALTH CARE PRIVATE LIMITED)",nabl005114,2022,Medical,Renewal of Accreditation,Hanmant Jadhav,qc@likhithadiagnostic.com,8639830362,"DOOR NO: 13-3-12/A, HANUMAN NAGAR, GADDIANNARAM, DILSUKHNAGAR",Telangana,Hyderabad,500060,Accreditation Certificate Approved and Issued,"Clinical Biochemistry,Cytopathology,Molecular Diagnostics,Histopathology,Clinical Pathology,Microbiology & Infectious disease serology,Haematology & Immunohaematology",,MC-3144,28/04/2026,27/04/2030,,30/04/2026,Archive Applications,Oct 3 2026 7:30AM
13,M-2128,CORDLIFE SCIENCES INDIA PRIVATE LIMITED,nabl005122,2022,Medical,Renewal of Accreditation,Sudipta Roy,sudipta.roy@cordlifeindia.com,9007078272,P. L. DEUTY ROAD,West Bengal,24 Parganas (s),743503,Accreditation Certificate Approved and Issued,"Molecular Testing,Haematology,Flow Cytometry,Microbiology & Infectious disease serology",,MC-1022,25/04/2025,24/04/2029,,,Archive Applications,Oct 3 2026 7:30AM
14,M-0761,"MGM MEDICAL COLLEGE & HOSPITALS, CENTRAL LABORATORY",nabl005146,2022,Medical,Renewal of Accreditation,Ujwala Maheshwari,mgmcentrallaboratory@gmail.com,9920037611,"PLOT NO 1 & 2, NH4 JUNCTION, SION - PANVEL EXPRESS WAY",Maharashtra,Mumbai,410209,Accreditation Certificate Approved and Issued,"Clinical Biochemistry,Cytopathology,Molecular Diagnostics,Histopathology,Microbiology & Infectious disease serology,Haematology & Immunohaematology",,MC-2166,26/04/2026,25/04/2030,,,Gayathri S,Oct 3 2026 7:30AM
15,M-1260,"SPINOS LIFE SCIENCE AND RESEARCH PRIVATE LIMITED, DIAGNOSTIC LABORATORY SERVICES",nabl005182,2022,Medical,Renewal of Accreditation,R Abiraamasundari,abirami@spinoslifescience.com,9442143923,"DOOR NO.29-A, KRISHNA MADHURAVANAM, VELLAKINAR PIRIVU, THUDIYALUR",Tamil Nadu,Coimbatore,641029,Accreditation Certificate Approved and Issued,"Clinical Biochemistry,Clinical Pathology,Microbiology & Infectious disease serology,Haematology & Immunohaematology",,MC-2065,23/04/2026,22/04/2030,,,Shweta Sinha,Oct 3 2026 7:30AM
16,M-0568,"DEPARTMENT OF LABORATORY MEDICINE, STAR HOSPITALS (A UNIT OF UNIMED HEALTH CARE PRIVATE LIMITED), BANJARA HILLS",nabl005231,2022,Medical,Scope Extension,S USHA RANI,starlabmail@starhospitals.co.in,9963477463,"8-2-595/2/B & 8-2-595/2/B/A, ROAD NO. 10, BANJARA HILLS",Telangana,Hyderabad,500034,Accreditation Certificate Approved and Issued,"Clinical Biochemistry,Cytopathology,Molecular Diagnostics,Histopathology,Clinical Pathology,Microbiology & Infectious disease serology,Haematology & Immunohaematology",,MC-2285,28/03/2026,27/03/2030,,22/06/2026,Gayathri S,Oct 3 2026 7:30AM
17,M-1068,"LABORATORY SERVICES, ASSURED BEST CARE HOSPITAL PRIVATE LIMITED",nabl005249,2022,Medical,Renewal of Accreditation,SATHISH KUMAR,hospitalabclab@gmail.com,9790108833,"NO 1, ANNAMALAI NAGAR MAIN ROAD",Tamil Nadu,Thiruchirapalli,620018,Accreditation Certificate Approved and Issued,"Clinical Biochemistry,Haematology,Clinical Pathology",,MC-7423,11/06/2025,10/06/2029,,,Archive Applications,Oct 3 2026 7:30AM
18,M-0165,R. K. LIFE SERVICES PRIVATE LIMITED (DEPARTMENT OF LABORATORY MEDICINE),nabl005256,2022,Medical,Scope Extension,MOROMI G BHATTACHARYYA,rahulkchandak@gmail.com,9435550676,"MEENA BHAWAN KANCHAN ROAD, G.S. ROAD",Assam,Guwahati,781007,Accreditation Certificate Approved and Issued,"Clinical Biochemistry,Haematology,Clinical Pathology,Haematology & Immunohaematology",,MC-6968,14/11/2024,13/11/2028,,02/01/2026,Gayathri S,Oct 3 2026 7:30AM
19,M-1198,WOODLANDS MULTISPECIALITY HOSPITAL LIMITED (DEPARTMENT OF PATHOLOGY),nabl005262,2022,Medical,Renewal of Accreditation,AMIT BHATTACHARYYA,laboratory@woodlandshospital.in,9831041041,8/5 ALIPORE ROAD,West Bengal,Kolkata,700027,Accreditation Certificate Approved and Issued,"Clinical Biochemistry,Cytopathology,Molecular Diagnostics,Histopathology,Clinical Pathology,Microbiology & Infectious disease serology,Haematology & Immunohaematology",,MC-6337,26/02/2026,25/02/2030,,,Archive Applications,Oct 3 2026 7:30AM
20,M-1377,KURUVILLA DIAGNOSTICS,nabl005301,2022,Medical,Renewal of Accreditation,POONAM BHAGAT KURUVILLA,poonam.kuruvilla@gmail.com,8420586710,"703, DIAMOND HARBOUR ROAD, BEHALA",West Bengal,Kolkata,700034,Accreditation Certificate Approved and Issued,"Clinical Biochemistry,Haematology,Clinical Pathology",,MC-6366,27/02/2026,26/02/2030,,,Archive Applications,Oct 3 2026 7:30AM
21,M-0667,NU HOSPITALS DIAGNOSTIC SERVICES,nabl005374,2022,Medical,Renewal of Accreditation,Neelima Prabha Chamarthy,dr.neelima@nuhospitals.com,9731391908,"C.A-6, 15TH MAIN, 11TH CROSS, PADMANABHANAGAR",Karnataka,Bengaluru,560070,Accreditation Certificate Approved and Issued,"Clinical Biochemistry,Molecular Testing,Haematology,Clinical Pathology,Microbiology & Infectious disease serology",,MC-2644,09/03/2025,08/03/2029,,,Archive Applications,Oct 3 2026 7:30AM
22,M-0129,"DEPARTMENT OF PATHOLOGY, DEENANATH MANGESHKAR HOSPITAL AND RESEARCH CENTER",nabl005383,2022,Medical,Renewal of Accreditation,VIJAYSHRI BHIDE,drvijayshrimb@yahoo.com,9657719620,"DEENANATH MANGESHKAR HOSPITAL AND RESEARCH CENTER, ERANDAWANE",Maharashtra,Pune,411004,Accreditation Certificate Approved and Issued,"Clinical Biochemistry,Cytopathology,Molecular Testing,Cytogenetics,Haematology,Histopathology,Clinical Pathology,Microbiology & Infectious disease serology",",--Select Group--",MC-2177,17/11/2024,16/11/2028,,,Archive Applications,Oct 3 2026 7:30AM
23,M-0181,GANESH DIAGNOSTIC & IMAGING CENTRE PVT. LTD,nabl005415,2022,Medical,Renewal of Accreditation,SONAL SHARMA,ravinsharma999@gmail.com,9899752040,"109, PKT A1, SECTOR-8, ROHINI",Delhi,Delhi,110085,Accreditation Certificate Approved and Issued,"Clinical Biochemistry,Cytopathology,Haematology,Clinical Pathology,Microbiology & Infectious disease serology",",--Select Group--",MC-2165,06/05/2025,05/05/2029,,,Archive Applications,Oct 3 2026 7:30AM
24,M-1193,ACCUPROBE HEALTHCARE AND DIAGNOSTICS PRIVATE LIMITED,nabl005430,2022,Medical,Renewal of Accreditation,PRASHANT GOYAL,prashant@accuprobe.in,9599593630,"B 14/7, SECOND, THIRD & FOURTH FLOOR, JHILMIL INDUSTRIAL AREA",Delhi,Delhi,110095,Accreditation Certificate Approved and Issued,"Clinical Biochemistry,Molecular Diagnostics,Clinical Pathology,Microbiology & Infectious disease serology,Haematology & Immunohaematology",,MC-2097,23/01/2026,22/01/2030,,,Archive Applications,Oct 3 2026 7:30AM
25,M-0672,DR. QADRI'S HEMATOLOGY CENTER & CLINICAL LABORATORY,nabl005455,2022,Medical,Renewal of Accreditation,M I QUADRI,labqadri@gmail.com,9796300101,"SHAHEEN PLAZA, KARAN NAGAR",Jammu and Kashmir,Srinagar,190010,Accreditation Certificate Approved and Issued,"Clinical Biochemistry,Cytopathology,Molecular Testing,Haematology,Clinical Pathology,Microbiology & Infectious disease serology",,MC-2552,18/01/2025,17/01/2029,,,Archive Applications,Oct 3 2026 7:30AM
26,M-1341,NAVIGENE GENETIC SCIENCE PVT. LTD.,nabl005467,2022,Medical,Renewal of Accreditation,Nikhil Patel,nikhil.patel@navigene.in,9834878217,"25-27 GAURAV GARDEN COMPLEX, MIRA -BHAYANDER ROAD, MIRA ROAD(EAST)",Maharashtra,Thane,401107,Accreditation Certificate Approved and Issued,Clinical Biochemistry,,MC-2588,23/03/2025,22/03/2029,,,Archive Applications,Oct 3 2026 7:30AM
27,M-1672,NIRNAYAN HEALTH CARE PRIVATE LIMITED,nabl005476,2022,Medical,Renewal of Accreditation,Samim Aktar Molla,samim.akhtar@nirnayan.com,9002720742,"145, RAJARHAT ROAD JYANGRA",West Bengal,Kolkata,700059,Accreditation Certificate Approved and Issued,"Clinical Biochemistry,Cytopathology,Molecular Testing,Cytogenetics,Histopathology,Flow Cytometry,Microbiology & Infectious disease serology",,MC-7842,24/12/2025,23/12/2029,,,Archive Applications,Oct 3 2026 7:30AM
28,M-1320,ACQUITY LABS PRIVATE LIMITED,nabl005491,2022,Medical,Renewal of Accreditation,RASHMI L,Quality@acquitylab.com,9686157931,"#515, 4TH MAIN, 1ST STAGE, 4TH BLOCK, HBR LAYOUT",Karnataka,Bengaluru,560043,Accreditation Certificate Approved and Issued,"Clinical Biochemistry,Molecular Testing,Cytogenetics",,MC-2482,29/11/2025,28/11/2029,,,Archive Applications,Oct 3 2026 7:30AM
29,M-0526,"DEPARTMENT OF LABORATORY MEDICINE, CARE HOSPITAL",nabl005591,2022,Medical,NABL 201,MUSTAFA AFZAL,"drmustafaafzal@gmail.com ,dr.mustafa.afzal@carehos",9848793181,EXHIBITION ROAD NAMPALLY,Telangana,Hyderabad,500001,Accreditation Certificate Approved and Issued,"Clinical Biochemistry,Clinical Pathology,Microbiology & Infectious disease serology,Haematology & Immunohaematology",,MC-2301,09/09/2026,07/09/2029,,,Gayathri S,Oct 3 2026 7:30AM
30,M-0584,GYD DIAGNOSTICS AND REFERENCE LABORATORIES PRIVATE LIMITED,nabl005649,2022,Medical,Renewal of Accreditation,VEENA DIGGIKAR,gydquality@gmail.com,9959399866,"6-1-126-127/4 , PADMARAO NAGAR",Telangana,Secunderabad,500025,Accreditation Certificate Approved and Issued,"Clinical Biochemistry,Haematology,Clinical Pathology,Microbiology & Infectious disease serology",,MC-2622,06/02/2026,05/02/2030,,,Archive Applications,Oct 3 2026 7:30AM
31,M-0709,VIVEK LABORATORIES LLP,nabl005657,2022,Medical,Renewal of Accreditation,VIGILA CHRISTY,viveklaboratories@gmail.com,9443310395,"NO.253K/1, K.P. ROAD",Tamil Nadu,Nagercoil,629003,Accreditation Certificate Approved and Issued,"Clinical Biochemistry,Molecular Diagnostics,Clinical Pathology,Microbiology & Infectious disease serology,Haematology & Immunohaematology",",--No Data--",MC-8082,11/05/2026,10/05/2030,,,Archive Applications,Oct 3 2026 7:30AM
32,M-0629,"DEPT. OF LAB SCIENCES, SHANTI GOPAL HOSPITAL",nabl005698,2022,Medical,Renewal of Accreditation,Prashant Kumar Singh,lab@shantigopalhospitals.com,7982002302,"PLOT NO- NH-1, AHINSA KHAND-II, INDIRAPURAM",Uttar Pradesh,Ghaziabad,201014,Accreditation Certificate Approved and Issued,"Clinical Biochemistry,Haematology,Clinical Pathology",,MC-5796,10/07/2025,09/07/2029,,,Archive Applications,Oct 3 2026 7:30AM
33,M-1433,"DEPARTMENT OF LAB MEDICINE, FORTIS HEALTHCARE LIMITED",nabl005714,2022,Medical,Scope Extension,HARDEEP KAUR,HARDEEP.KAUR@FORTISHEALTHCARE.COM,9779820573,"SECTOR 62, PHASE 8",Punjab,Mohali,160062,Accreditation Certificate Approved and Issued,"Clinical Biochemistry,Cytopathology,Molecular Diagnostics,Histopathology,Clinical Pathology,Microbiology & Infectious disease serology,Haematology & Immunohaematology",",--Select Group--",MC-2559,30/01/2025,29/01/2029,,17/09/2026,Shweta Sinha,Oct 3 2026 7:30AM
34,M-1018,SHANKARA LABORATORIES (A UNIT OF KALIAPPA RENAL CENTER PRIVATE LIMITED),nabl005744,2022,Medical,Renewal of Accreditation,Neeraja Chebolu,neeraja.shankara@gmail.com,9600033829,"NEW NO 14, OLD NO 50, 3RD STREET, ABHIRAMAPURAM",Tamil Nadu,Chennai,600018,Accreditation Certificate Approved and Issued,"Clinical Biochemistry,Clinical Pathology,Microbiology & Infectious disease serology,Haematology & Immunohaematology",,MC-2164,22/04/2026,21/04/2030,,30/04/2026,Shweta Sinha,Oct 3 2026 7:30AM
35,M-0370,"LABORATORY SERVICES, JEEVAN ANMOL HOSPITAL",nabl005769,2022,Medical,Renewal of Accreditation,JUHEE CHANDRA,chandrajuhee@gmail.com,9810194704,MAYUR VIHAR PHASE-1,Delhi,New Delhi,110091,Accreditation Certificate Approved and Issued,"Clinical Biochemistry,Clinical Pathology,Haematology & Immunohaematology",,MC-6678,12/07/2026,11/07/2030,,,Gayathri S,Oct 3 2026 7:30AM
36,M-1129,ONCOSTEM DIAGNOSTICS PRIVATE LIMITED,nabl005784,2022,Medical,Renewal of Accreditation,Kaushik M,qms@oncostemdiagnostics.com,9686696505,"#4, AANAND TOWER, RAJA RAM MOHAN ROY ROAD, RICHMOND CIRCLE",Karnataka,Bengaluru,560027,Accreditation Certificate Approved and Issued,Histopathology,,MC-2814,18/06/2026,17/06/2030,,,Shweta Sinha,Oct 3 2026 7:30AM
37,M-1191,"DEPARTMENT OF LABORATORY MEDICINE, ZYDUS HOSPITALS & HEALTHCARE RESEARCH PRIVATE LIMITED",nabl005788,2022,Medical,NABL 201,NISHA BHINDORA,ahmlabqa@zydushospitals.com,9429066717,"ZYDUS HOSPITAL ROAD (HEBATPUR), OFF. S.G. HIGHWAY, THALTEJ",Gujarat,Ahmedabad,380054,Accreditation Certificate Approved and Issued,"Clinical Biochemistry,Molecular Testing,Haematology,Clinical Pathology,Microbiology & Infectious disease serology",,MC-2436,29/09/2025,28/09/2029,,10/06/2026,Archive Applications,Oct 3 2026 7:30AM
38,M-0393,SAIFEE HOSPITAL - DEPARTMENT OF LABORATORY MEDICINE,nabl005846,2022,Medical,Renewal of Accreditation,ASIYA MEMON,asiyamemon@rediffmail.com,9892175184,"15/17, MAHARSHI KARVE MARG",Maharashtra,Mumbai,400004,Accreditation Certificate Approved and Issued,"Clinical Biochemistry,Haematology,Clinical Pathology,Microbiology & Infectious disease serology",",--Select Group--",MC-7132,13/06/2025,26/01/2029,,04/07/2025,Shweta Sinha,Oct 3 2026 7:30AM
39,M-0262,DR. NANDA DIAGNOSTICS CENTRE - LABORATORY,nabl005852,2022,Medical,Renewal of Accreditation,Azaz Siddiqui,nanda.rajinder@yahoo.com,9717162004,"C-566, SARASWATI VIHAR, PITAMPURA, NORTH WEST",Delhi,Delhi,110034,Accreditation Certificate Approved and Issued,"Clinical Biochemistry,Haematology,Clinical Pathology,Microbiology & Infectious disease serology",,MC-2567,20/01/2025,19/01/2029,,,Archive Applications,Oct 3 2026 7:30AM
40,M-0757,SHRADDHA PATHOLOGY LABORATORY (A UNIT OF SHRADDHA DIAGNOSTIC CENTRE (I) PRIVATE LIMITED),nabl005857,2022,Medical,Renewal of Accreditation,HIREN SHAH,drhiren77@rediffmail.com,9898071260,"FF/2, SHYAMDARSHAN COMPLEX, MANINAGAR CROSS ROAD, MANINAGAR",Gujarat,Ahmedabad,380008,Accreditation Certificate Approved and Issued,"Clinical Biochemistry,Clinical Pathology,Microbiology & Infectious disease serology,Haematology & Immunohaematology",,MC-2192,17/04/2026,16/04/2030,,22/04/2026,Gayathri S,Oct 3 2026 7:30AM
41,M-0940,UNIPATH SPECIALTY LABORATORY LIMITED,nabl005908,2022,Medical,Renewal of Accreditation,PURVI SHAH,purvi.shah@unipath.in,9824804449,"3RD FLOOR, VANITA VISHRAM BUILDING, ATHWA CIRCLE",Gujarat,Surat,395001,Accreditation Certificate Approved and Issued,"Clinical Biochemistry,Cytopathology,Molecular Diagnostics,Histopathology,Clinical Pathology,Microbiology & Infectious disease serology,Haematology & Immunohaematology",,MC-2679,31/03/2026,30/03/2030,,,Archive Applications,Oct 3 2026 7:30AM
42,M-1060,LAKHOTIA DIAGNOSTIC SERVICE PRIVATE LIMITED (DEPARTMENT OF LABORATORY SERVICES),nabl005924,2022,Medical,Renewal of Accreditation,Sabuj Baidya,qm.lakhotia@gmail.com,9330184886,4/2 AGRASAIN STREET,West Bengal,Howrah,711204,Accreditation Certificate Approved and Issued,"Clinical Biochemistry,Molecular Testing,Haematology,Clinical Pathology,Microbiology & Infectious disease serology",,MC-2604,03/12/2024,02/12/2028,,23/12/2024,Archive Applications,Oct 3 2026 7:30AM
43,M-1713,SIDHARTH PATHOLOGY CENTRE,nabl005948,2022,Medical,Renewal of Accreditation,RAJESH KHANNA,rajeshkhanna356@gmail.com,9839059664,"52, SINDHU NAGAR, SIGRA",Uttar Pradesh,Varanasi,221010,Accreditation Certificate Approved and Issued,"Clinical Biochemistry,Haematology",,MC-3268,27/02/2025,21/02/2029,,17/03/2025,Archive Applications,Oct 3 2026 7:30AM
44,M-1048,THYROCARE TECHNOLOGIES LIMITED,nabl005950,2022,Medical,Renewal of Accreditation,Abhijit Das,das.abhijit@thyrocare.com,8617789411,"D37/1, TTC MIDC, TURBHE",Maharashtra,Navi Mumbai,400703,Accreditation Certificate Approved and Issued,"Clinical Biochemistry,Cytopathology,Molecular Testing,Haematology,Histopathology,Clinical Pathology,Flow Cytometry,Microbiology & Infectious disease serology",,MC-2407,27/09/2025,26/09/2029,,,Archive Applications,Oct 3 2026 7:30AM
45,M-0798,ONCQUEST LABORATORIES LIMITED,nabl006017,2022,Medical,Renewal of Accreditation,Kanwardeep Singh Kwatra,kanwardeep.kwatra@oncquest.net,9815333639,"MOHAN DAI OSWAL HOSPITAL, GT ROAD, SHERPUR BYPASS",Punjab,Ludhiana,141009,Accreditation Certificate Approved and Issued,"Clinical Biochemistry,Cytopathology,Molecular Diagnostics,Histopathology,Clinical Pathology,Microbiology & Infectious disease serology,Haematology & Immunohaematology",,MC-2572,29/01/2026,28/01/2030,,,Gayathri S,Oct 3 2026 7:30AM
46,M-0013,DR. DANGS LAB LLP,nabl006034,2022,Medical,NABL 201,Ritu Sharma,qualityassurance@drdangslab.com,9818876168,"C -2/1, SAFADARJUNG DEVELOPMENT AREA",Delhi,New Delhi,110016,Accreditation Certificate Approved and Issued,"Clinical Biochemistry,Cytopathology,Molecular Testing,Haematology,Clinical Pathology,Flow Cytometry,Microbiology & Infectious disease serology",",--Select Group--",MC-2577,29/01/2025,28/01/2029,,23/10/2025,Archive Applications,Oct 3 2026 7:30AM
47,M-0885,"DEPARTMENT OF LABORATORY SCIENCES, TATA MEDICAL CENTER",nabl006047,2022,Medical,Renewal of Accreditation,Soumita Ghose,soumita.ghose@tmckolkata.com,8420123853,"14 MAR (E-W), NEW TOWN, RAJARHAT",West Bengal,Kolkata,700160,Accreditation Certificate Approved and Issued,"Clinical Biochemistry,Cytopathology,Molecular Testing,Cytogenetics,Molecular Diagnostics,Histopathology,Clinical Pathology,Flow Cytometry,Microbiology & Infectious disease serology,Haematology & Immunohaematology,Histocompatibility & Immunogenetics",",--Select Group--",MC-2842,31/12/2025,30/12/2029,,30/01/2026,Archive Applications,Oct 3 2026 7:30AM
48,M-0762,DR SETH'S PATHLAB LLP,nabl006070,2022,Medical,Renewal of Accreditation,SUMIT SETH,dr_sumitseth@yahoo.com,9810666448,"130 SHANKAR ROAD MARKET, NEW RAJINDER NAGAR",Delhi,New Delhi,110060,Accreditation Certificate Approved and Issued,"Clinical Biochemistry,Haematology,Clinical Pathology,Microbiology & Infectious disease serology",,MC-2450,24/11/2025,23/11/2029,,,Archive Applications,Oct 3 2026 7:30AM
49,M-1391,"PRAYAG HOSPITAL AND RESEARCH CENTRE PVT. LTD, LABORATORY",nabl006156,2022,Medical,Renewal of Accreditation,RAJESH KUMAR SAXENA,lab@prayaghospital.in,9871612546,"J-206/A1, SECTOR-41",Uttar Pradesh,Noida,201301,Accreditation Certificate Approved and Issued,"Clinical Biochemistry,Haematology,Clinical Pathology,Microbiology & Infectious disease serology",,MC-5848,01/08/2025,31/07/2029,,,Archive Applications,Oct 3 2026 7:30AM
50,M-1032,NOBLE DIAGNOSTIC CENTRE,nabl006164,2022,Medical,Renewal of Accreditation,Upinder Singh,singhupinder@live.com,8826123840,"WZ- 409 C, JANAK PARK, HARI NAGAR",Delhi,New Delhi,110064,Accreditation Certificate Approved and Issued,"Clinical Biochemistry,Haematology,Clinical Pathology,Microbiology & Infectious disease serology",,MC-2547,09/11/2024,08/11/2028,,13/11/2024,Archive Applications,Oct 3 2026 7:30AM
51,M-0098,EASTERN DIAGNOSTICS INDIA LTD (DEPARTMENT OF PATHOLOGY),nabl006166,2022,Medical,Renewal of Accreditation,RITESH AGARWAL,eastdiag.Ind@gmail.com,9831083303,"13C, MIRZA GHALIB STREET",West Bengal,Kolkata,700016,Accreditation Certificate Approved and Issued,"Clinical Biochemistry,Haematology,Clinical Pathology",,MC-2627,01/03/2025,28/02/2029,,,Archive Applications,Oct 3 2026 7:30AM
52,M-0198,DR. SURI LAB PVT. LTD.,nabl006194,2022,Medical,Renewal of Accreditation,Pradeep Suri,drsuri2001@gmail.com,9810241718,"23-B, PUSA ROAD",Delhi,New Delhi,110005,Accreditation Certificate Approved and Issued,"Haematology,Clinical Pathology",,MC-2426,29/11/2024,28/11/2028,,,Archive Applications,Oct 3 2026 7:30AM
53,M-1648,CANCYTE TECHNOLOGIES PRIVATE LIMITED,nabl006205,2022,Medical,Renewal of Accreditation,SUDARSON,sudarson@cancyte.com,9738539775,SRI SHANKARA RESEARCH CENTRE,Karnataka,Bengaluru,560004,Accreditation Certificate Approved and Issued,"Molecular Diagnostics,Microbiology & Infectious disease serology",,MC-6538,20/05/2026,19/05/2030,,,Archive Applications,Oct 3 2026 7:30AM
54,M-1238,CENTRE FOR MIGRATION MEDICINE,nabl006219,2022,Medical,Renewal of Accreditation,PRISCILLA CHANDRAN,priscillachandran@yahoo.com,9866229024,"PLOT # 89, MLA COLONY, ROAD NO 12, BANJARA HILLS",Telangana,Hyderabad,500034,Accreditation Certificate Approved and Issued,"Clinical Biochemistry,Molecular Testing,Haematology,Clinical Pathology,Microbiology & Infectious disease serology",",--Select Group--",MC-1238,16/05/2025,15/05/2029,,24/05/2025,Archive Applications,Oct 3 2026 7:30AM
55,M-0847,BIMR HOSPITALS (DEPARTMENT OF LAB SERVICES),nabl006221,2022,Medical,Renewal of Accreditation,MITUL GANGULY,pathlab@bimrhospital.com,8461864535,SURYA MANDIR ROAD RESIDENCY,Madhya Pradesh,Gwalior,474005,Accreditation Certificate Approved and Issued,"Clinical Biochemistry,Haematology,Clinical Pathology,Microbiology & Infectious disease serology",,MC-2504,22/01/2025,21/01/2029,,,Archive Applications,Oct 3 2026 7:30AM
56,M-1246,"DEPARTMENT OF CLINICAL LABORATORY, HAYAT HOSPITAL PVT. LTD.",nabl006235,2022,Medical,Renewal of Accreditation,PAROMITA C BORUA,hhqualitycontrol@gmail.com,9864076607,"ODALBAKRA, LALGANESH",Assam,Guwahati,781034,Accreditation Certificate Approved and Issued,"Clinical Biochemistry,Molecular Testing,Haematology,Clinical Pathology,Microbiology & Infectious disease serology",,MC-5953,01/09/2025,31/08/2029,,,Archive Applications,Oct 3 2026 7:30AM
57,M-1003,NEOGEN LABS PRIVATE LIMITED,nabl006242,2022,Medical,Renewal of Accreditation,PREMA DAMBAL,prema@neogenlabs.com,9481663160,"UCF CENTER, 84/3, OIL MILL ROAD, ON HENNUR MAIN ROAD, LINGARAJAPURAM",Karnataka,Bengaluru,560084,Accreditation Certificate Approved and Issued,Clinical Biochemistry,,MC-2213,03/06/2026,02/06/2030,,,Shweta Sinha,Oct 3 2026 7:30AM
58,M-1118,ESCENT DIAGNOSTICS PVT. LTD. (DEPARTMENT OF LABORATORY SERVICES),nabl006329,2022,Medical,Renewal of Accreditation,NARENDRA PHEIROIJAM,escentmedicare@gmail.com,7005632363,NONGMEIBUNG PURANA RAJBARI,Manipur,Imphal,795005,Accreditation Certificate Approved and Issued,"Clinical Biochemistry,Cytopathology,Molecular Testing,Haematology,Clinical Pathology,Microbiology & Infectious disease serology",,MC-2635,01/04/2025,31/03/2029,,,Archive Applications,Oct 3 2026 7:30AM
59,M-1103,SHRI BHAGWAN DIAGNOSTIC & IMAGING CENTRE PRIVATE LIMITED,nabl006334,2022,Medical,Renewal of Accreditation,Jitendra Singh,sbppl2008@gmail.com,9810355070,"2116 BAWANA ROAD, NARELA",Delhi,Delhi,110040,Accreditation Certificate Approved and Issued,"Clinical Biochemistry,Clinical Pathology,Microbiology & Infectious disease serology,Haematology & Immunohaematology",,MC-8056,27/04/2026,26/04/2030,,,Shweta Sinha,Oct 3 2026 7:30AM
60,M-0987,DEV DIAGNOSTIC CENTRE - A UNIT OF UNIPATHSPECIALTY LABORATORY LIMITED,nabl006366,2022,Medical,Renewal of Accreditation,Jwalant Shah,devdiagnostic1@gmail.com,9099051313,"GROUND FLOOR, 6, SAMEEP COMPLEX, KALUBHA ROAD",Gujarat,Bhavnagar,364001,Accreditation Certificate Approved and Issued,"Clinical Biochemistry,Haematology,Clinical Pathology,Microbiology & Infectious disease serology",,MC-6014,26/09/2025,25/09/2029,,,Archive Applications,Oct 3 2026 7:30AM
61,M-1367,CRL DIAGNOSTICS PVT. LTD.,nabl006416,2022,Medical,Renewal of Accreditation,Parul Sharma,crldiagnostics@gmail.com,8860928517,"PLOT NO. 10, AVTAR ENCLAVE, PASCHIM VIHAR",Delhi,New Delhi,110063,Accreditation Certificate Approved and Issued,"Clinical Biochemistry,Molecular Testing,Haematology,Clinical Pathology,Microbiology & Infectious disease serology",,MC-7078,03/01/2025,02/01/2029,,,Archive Applications,Oct 3 2026 7:30AM
62,M-0786,METROPOLIS HEALTHCARE LIMITED,nabl006441,2022,Medical,Renewal of Accreditation,Yogita Gupta,yogita.n@metropolisindia.com,9650889928,"SHRESTHA GARDEN, GROUND FLOOR, RAJARHAT MAIN ROAD, KALIPARK",West Bengal,Kolkata,700136,Accreditation Certificate Approved and Issued,"Clinical Biochemistry,Molecular Testing,Haematology,Clinical Pathology,Microbiology & Infectious disease serology",,MC-2576,21/12/2025,20/12/2029,,,Archive Applications,Oct 3 2026 7:30AM
63,M-1665,DR. G. VISWANATHAN SPECIALITY HOSPITALS - CLINICAL LABORATORY,nabl006472,2022,Medical,Renewal of Accreditation,RAVI,gvshlab@gmail.com,9443636677,"27, BABU ROAD",Tamil Nadu,Thiruchirapalli,620008,Accreditation Certificate Approved and Issued,"Clinical Biochemistry,Haematology",,MC-7055,26/12/2024,25/12/2028,,,Archive Applications,Oct 3 2026 7:30AM
64,M-1345,KORAMBAYIL HOSPITAL AND DIAGNOSTIC CENTRE PRIVATE LIMITED,nabl006493,2022,Medical,Renewal of Accreditation,DR ASIQ SIDEEQUE,lab@korambayil.com,9447034626,PANDIKKAD ROAD,Kerala,Manjeri,676122,Accreditation Certificate Approved and Issued,"Clinical Biochemistry,Cytopathology,Haematology,Histopathology,Clinical Pathology,Microbiology & Infectious disease serology",,MC-2705,14/10/2025,13/10/2029,,,Archive Applications,Oct 3 2026 7:30AM
65,M-1034,"DEPARTMENT OF LABORATORY MEDICINE, NARAYANA HRUDAYALAYA LIMITED",nabl006503,2022,Medical,Renewal of Accreditation,FAWZIA ZAMAN MD,fawzia.zaman.dr@narayanahealth.org,9101538598,AMINGAON,Assam,Guwahati,781031,Accreditation Certificate Approved and Issued,"Clinical Biochemistry,Molecular Testing,Haematology,Clinical Pathology,Microbiology & Infectious disease serology",,MC-2490,29/11/2025,28/11/2029,,,Archive Applications,Oct 3 2026 7:30AM
66,M-1336,"CHEMICAL PATHOLOGY LAB, POST GRADUATE DEPARTMENT OF PATHOLOGY, KING GEORGE'S MEDICAL UNIVERSITY",nabl006615,2022,Medical,Renewal of Accreditation,Wahid Ali,pgdp.kgmu@gmail.com,9198852343,"KGMU, SHAHIMEENA ROAD CHOWK",Uttar Pradesh,Lucknow,226003,Accreditation Certificate Approved and Issued,Clinical Biochemistry,,NABLM0726UP08145,05/07/2026,04/07/2030,,,Archive Applications,Oct 3 2026 7:30AM
67,M-1656,KURLA NDC DIAGNOSTIC CENTRE,nabl006636,2022,Medical,Renewal of Accreditation,RAMCHANDRA VARKHADE,varkhaderm73@gmail.com,9820272006,"BASEMENT1, CRITI CARE ASIA HOSPITAL, KURLA KIROL ROAD",Maharashtra,Mumbai,400070,Accreditation Certificate Approved and Issued,"Clinical Biochemistry,Haematology,Clinical Pathology,Microbiology & Infectious disease serology",,MC-3181,23/05/2025,15/05/2029,,28/05/2025,Archive Applications,Oct 3 2026 7:30AM
68,M-1440,SHALBY HOSPITAL LABORATORY,nabl006645,2022,Medical,Renewal of Accreditation,Anil Gupta,pathology5.jabalpur@shalby.in,7869074300,"PLOT-B, KACHNAR CITY ROAD, VIJAY NAGAR",Madhya Pradesh,Jabalpur,482002,Accreditation Certificate Approved and Issued,"Clinical Biochemistry,Haematology,Clinical Pathology,Microbiology & Infectious disease serology",,MC-2667,03/05/2025,02/05/2029,,,Archive Applications,Oct 3 2026 7:30AM
69,M-1085,CLINICO DIAGNOSTIC CENTRE (I). PVT. LTD.,nabl006654,2022,Medical,Renewal of Accreditation,PRADNYA DESAI,pradnya@clinico.in,9820855465,"SHOP NO. 1, NAVBHAGYASHREE, CHS, M. P. ROAD, MULUND EAST",Maharashtra,Mumbai,400081,Accreditation Certificate Approved and Issued,"Clinical Biochemistry,Haematology,Clinical Pathology",,MC-2465,16/01/2025,15/01/2029,,,Archive Applications,Oct 3 2026 7:30AM
70,M-1661,A.G DIAGNOSTICS PRIVATE LIMITED,nabl006658,2022,Medical,NABL 201,MANISHA PATWARDHAN,dr.patwardhan@yahoo.co.in,9822066421,"NAYANTARA BUILDING. CTS NO89/FP147, BHANDARKAR ROAD",Maharashtra,Pune,411004,Accreditation Certificate Approved and Issued,"Clinical Biochemistry,Cytopathology,Molecular Diagnostics,Histopathology,Clinical Pathology,Flow Cytometry,Microbiology & Infectious disease serology,Haematology & Immunohaematology",,MC-3143,06/03/2026,05/03/2030,,16/06/2026,Archive Applications,Oct 3 2026 7:30AM
71,M-0259,"BIOCHEMISTRY LABORATORY, AFMC, DEPARTMENT OF BIOCHEMISTRY, ARMED FORCES MEDICAL COLLEGE",nabl006669,2022,Medical,Renewal of Accreditation,VIVEK AMBADE,vivekambade@rediffmail.com,9420496770,"SOUTHERN COMMAND, SOLAPUR ROAD",Maharashtra,Pune,411040,Accreditation Certificate Approved and Issued,Clinical Biochemistry,,MC-2542,20/02/2026,19/02/2030,,,Archive Applications,Oct 3 2026 7:30AM
72,M-1125,QPS BIOSERVE INDIA PRIVATE LIMITED,nabl006692,2022,Medical,Renewal of Accreditation,R Sairam,sairam.rachuri@qpsbioserve.com,9100663353,"PLOT NO. 47, IDA BALANAGAR",Telangana,Hyderabad,500037,Accreditation Certificate Approved and Issued,"Clinical Biochemistry,Clinical Pathology,Microbiology & Infectious disease serology,Haematology & Immunohaematology",,MC-2555,28/04/2026,27/04/2030,,,Shweta Sinha,Oct 3 2026 7:30AM
73,M-1364,SHIVANI DIAGNOSTIC CENTRE,nabl006737,2022,Medical,Renewal of Accreditation,VIDHI RATHI MAHESHWARI,shivanidiagnostic396@gmail.com,9425322514,"9/2, BHAWANIPUR COLONY, ANNAPURNA MAIN ROAD",Madhya Pradesh,Indore,452009,Accreditation Certificate Approved and Issued,"Clinical Pathology,Microbiology & Infectious disease serology,Haematology & Immunohaematology",,MC-2597,07/02/2026,06/02/2030,,,Shweta Sinha,Oct 3 2026 7:30AM
74,M-1385,LABORATORY SERVICES OF BABY MEMORIAL HOSPITAL LIMITED,nabl006766,2022,Medical,Renewal of Accreditation,SURABHI C,qmlab@babymhospital.org,8848183152,"I.G ROAD, ARAYADATHUPALAM",Kerala,Kozhikode,673004,Accreditation Certificate Approved and Issued,"Clinical Biochemistry,Cytopathology,Molecular Diagnostics,Histopathology,Clinical Pathology,Flow Cytometry,Microbiology & Infectious disease serology,Haematology & Immunohaematology",",--Select Group--",MC-6577,05/06/2026,04/06/2030,,,Archive Applications,Oct 3 2026 7:30AM
75,M-0518,VASUNDHARA DEALER PVT. LTD. (DEPARTMENT OF LABORATORY MEDICINE),nabl006811,2022,Medical,Renewal of Accreditation,RUPA DAS,labpashah@gmail.com,9874735768,"P-72, PRINCE ANWAR SHAH ROAD",West Bengal,Kolkata,700045,Accreditation Certificate Approved and Issued,"Clinical Biochemistry,Haematology,Clinical Pathology",",--Select Group--",MC-2554,18/01/2025,17/01/2029,,,Archive Applications,Oct 3 2026 7:30AM
76,M-0391,AIZANT DRUG RESEARCH SOLUTIONS PRIVATE LIMITED,nabl006812,2022,Medical,Renewal of Accreditation,Umamaheswara Reddy,umamahesh.sabbella@aizant.com,9652673311,"SURVEY NO. 172 & 173, APPAREL PARK ROAD, DULAPALLY VILLAGE",Telangana,Hyderabad,500100,Accreditation Certificate Approved and Issued,"Clinical Biochemistry,Haematology,Clinical Pathology,Microbiology & Infectious disease serology",,MC-2871,11/07/2025,07/07/2029,,22/07/2025,Archive Applications,Oct 3 2026 7:30AM
77,M-1044,"LABORATORY SERVICES, FERNANDEZ FOUNDATION",nabl006857,2022,Medical,Renewal of Accreditation,Venugopal,venugopal.k@fernandez.foundation,9866841817,"3-6-282, HYDERGUDA",Telangana,Hyderabad,500029,Accreditation Certificate Approved and Issued,"Clinical Biochemistry,Haematology,Clinical Pathology,Microbiology & Infectious disease serology",,MC-2460,26/10/2025,25/10/2029,,,Archive Applications,Oct 3 2026 7:30AM
78,M-0168,SONOSCAN HEALTHCARE PRIVATE LIMITED,nabl006866,2022,Medical,Renewal of Accreditation,MD SHAHABUDDIN,sonoscanhealthcare@gmail.com,9734054262,"B.G.ROAD, MAKDUMPUR",West Bengal,Malda,732103,Accreditation Certificate Approved and Issued,"Clinical Biochemistry,Cytopathology,Molecular Testing,Haematology,Histopathology,Clinical Pathology,Microbiology & Infectious disease serology",,MC-2946,27/12/2025,26/12/2029,,,Archive Applications,Oct 3 2026 7:30AM
79,M-1276,"DEPARTMENT OF LABORATORY SERVICES, HINDU MISSION HOSPITAL",nabl006899,2022,Medical,Renewal of Accreditation,R ILAYARAJA,nabl@hindumissionhospital.org,9150443349,"NO 103, GST ROAD, TAMBARAM WEST",Tamil Nadu,Chennai,600045,Accreditation Certificate Approved and Issued,"Clinical Biochemistry,Cytopathology,Histopathology,Clinical Pathology,Microbiology & Infectious disease serology,Haematology & Immunohaematology",,MC-6385,14/03/2026,13/03/2030,,27/03/2026,Shweta Sinha,Oct 3 2026 7:30AM
80,M-0470,CHANDAN DIAGNOSTIC CENTRE (A UNIT OF CHANDAN HEALTHCARE LIMITED),nabl006927,2022,Medical,Renewal of Accreditation,BRAHM PRAKASH,BP@CHANDAN.CO.IN,9839901158,"56, NEW ROAD, M.K.P. CHOWK",Uttarakhand,Dehradun,248001,Accreditation Certificate Approved and Issued,"Clinical Biochemistry,Clinical Pathology,Haematology & Immunohaematology",,MC-3125,28/04/2026,27/04/2030,,,Archive Applications,Oct 3 2026 7:30AM
81,M-1410,"MEDICAL LABORATORY, OCCUPATIONAL HEALTH CENTER, RELIANCE INDUSTRIES LIMITED, HAZIRA",nabl006964,2022,Medical,Renewal of Accreditation,AMAR KAPADIA,amar.kapadia@ril.com,9724342074,VILLAGE : MORA POST BHATHA,Gujarat,Surat,394510,Accreditation Certificate Approved and Issued,"Clinical Biochemistry,Clinical Pathology,Haematology & Immunohaematology",,MC-2598,13/04/2026,12/04/2030,,,Shweta Sinha,Oct 3 2026 7:30AM
82,M-0298,"DEPARTMENT OF PATHOLOGY & MICROBIOLOGY, POONA HOSPITAL & RESEARCH CENTRE",nabl007011,2022,Medical,NABL 201,DIVYA PATEL,divyapatel70@gmail.com,9850744338,"27, SADASHIV PETH",Maharashtra,Pune,411030,Accreditation Certificate Approved and Issued,"Clinical Biochemistry,Clinical Pathology,Microbiology & Infectious disease serology,Haematology & Immunohaematology",",--Select Group--",MC-2959,15/10/2025,14/10/2029,,03/08/2026,Archive Applications,Oct 3 2026 7:30AM
83,M-0196,GOYAL MRI & DIAGNOSTIC CENTRE (A UNIT OF GOYAL BROTHER'S PRAKASHAN),nabl007052,2022,Medical,Onsite Surveillance,PANKAJ GOYAL,goyalmri@yahoo.com,9810283766,B-1/12 SAFDARJUNG ENCLAVE,Delhi,New Delhi,110029,Accreditation Certificate Approved and Issued,"Clinical Biochemistry,Molecular Diagnostics,Microbiology & Infectious disease serology,Haematology & Immunohaematology",,MC-2147,17/09/2025,16/09/2029,,22/08/2026,Gayathri S,Oct 3 2026 7:30AM
84,M-0728,"DEPARTMENT OF PATHOLOGY, VIVEKANANDA POLYCLINIC AND INSTITUTE OF MEDICAL SCIENCES",nabl007069,2022,Medical,Renewal of Accreditation,ASHISH KUMAR,med.lab@ramakrishnalucknow.org,6387002969,"RAMKRISHNA MISSION SEVASHRAM, VIVEKANANDA PURAM",Uttar Pradesh,Lucknow,226007,Accreditation Certificate Approved and Issued,"Clinical Biochemistry,Cytopathology,Molecular Diagnostics,Histopathology,Clinical Pathology,Microbiology & Infectious disease serology,Haematology & Immunohaematology",,NABLM0826UP08163,13/08/2026,12/08/2030,,,Archive Applications,Oct 3 2026 7:30AM
85,M-0249,"LABORATORY SERVICES, SIR T. HOSPITAL",nabl007141,2022,Medical,Renewal of Accreditation,HARIOM SHARMA,hariom_sharma2000@yahoo.com,9723461414,"LABORATORY SECTION, SIR T HOSPITAL, DR H VAIDYA ROAD",Gujarat,Bhavnagar,364001,Accreditation Certificate Approved and Issued,"Clinical Biochemistry,Cytopathology,Haematology,Histopathology,Clinical Pathology,Microbiology & Infectious disease serology",,MC-7198,02/03/2025,01/03/2029,,,Archive Applications,Oct 3 2026 7:30AM
86,M-1295,"HIV TESTING LABORATORY, DEPARTMENT OF EXPERIMENTAL MEDICINE, THE TAMIL NADU DR. M.G.R. MEDICAL UNIVERSITY",nabl007151,2022,Medical,Renewal of Accreditation,K Sivasangeetha,sangeetha1411@gmail.com,9444948295,"69, ANNA SALAI, GUINDY",Tamil Nadu,Chennai,600032,Accreditation Certificate Approved and Issued,Microbiology & Infectious disease serology,,MC-2204,18/05/2026,17/05/2030,,,Archive Applications,Oct 3 2026 7:30AM
87,M-1413,"DEPARTMENT OF LABORATORY MEDICINE, S. L. RAHEJA (A FORTIS ASSOCIATE) HOSPITAL",nabl007172,2022,Medical,Renewal of Accreditation,SURENDRA SHINGNAPURKAR,surendra.shingnapurkar@rahejahospital.com,9820033565,RAHEJA RUNGNALYA MARG,Maharashtra,Mumbai,400016,Accreditation Certificate Approved and Issued,"Clinical Biochemistry,Cytopathology,Haematology,Histopathology,Clinical Pathology,Microbiology & Infectious disease serology",,MC-5829,25/07/2025,24/07/2029,,,Archive Applications,Oct 3 2026 7:30AM
88,M-0960,SUM CENTRAL LABORATORY,nabl007177,2022,Medical,Scope Extension,Rajashree Panigrahy,rajashreepanigrahy@soa.ac.in,8249005970,"IMS & SUM HOSPITAL (A UNIT OF SIKSHYA 'O' ANUSANDHAN), K-8, KALINGA NAGAR",Odisha,Bhubaneswar,751003,Accreditation Certificate Approved and Issued,"Clinical Biochemistry,Cytopathology,Molecular Diagnostics,Histopathology,Clinical Pathology,Flow Cytometry,Microbiology & Infectious disease serology,Haematology & Immunohaematology",,MC-2239,22/01/2026,21/01/2030,,03/09/2026,Shweta Sinha,Oct 3 2026 7:30AM
89,M-0316,HEART & GENERAL HOSPITAL MEDICAL TESTING LABORATORY,nabl007182,2022,Medical,Renewal of Accreditation,TANU MALHOTRA,heartghospitalmtl@gmail.com,9571231060,"7-7A, VIVEKANAND MARG, C-SCHEME",Rajasthan,Jaipur,302001,Accreditation Certificate Approved and Issued,"Clinical Biochemistry,Haematology,Clinical Pathology,Microbiology & Infectious disease serology",,MC-6354,01/03/2026,28/02/2030,,,Archive Applications,Oct 3 2026 7:30AM
90,M-0112,MEDSTAR CLINICS PRIVATE LIMITED,nabl007207,2022,Medical,Renewal of Accreditation,Anupam Kala,shakespearesarani@medstarclinics.co.in,9830554028,"39, SHAKESPEARE SARANI",West Bengal,Kolkata,700017,Accreditation Certificate Approved and Issued,"Clinical Biochemistry,Hematology & Immunohematology,Clinical Pathology",",--Select Group--",MC-2565,30/01/2026,29/01/2030,,,Archive Applications,Oct 3 2026 7:30AM
91,M-1281,MAPMYGENOME INDIA LIMITED,nabl007216,2022,Medical,Renewal of Accreditation,Satish Sunkara,sathish.k@mapmygenome.in,9717292275,"ROYAL DEMEURE, PLOT NO. 12/2, SECTOR-1, HUDA TECHNO ENCLAVE, MADHAPUR",Telangana,Hyderabad,500081,Accreditation Certificate Approved and Issued,Molecular Testing,,MC-6120,14/11/2025,13/11/2029,,,Archive Applications,Oct 3 2026 7:30AM
92,M-1437,RAJ MEDICITY (DEPARTMENT OF PATHOLOGY),nabl007225,2022,Medical,Renewal of Accreditation,Ningthoujam Sunanda Devi,ops_qa@rajmedicity.com,9089228722,NORTH A.O.C,Manipur,Imphal,795001,Accreditation Certificate Approved and Issued,"Clinical Biochemistry,Haematology,Clinical Pathology",,MC-2732,26/04/2025,25/04/2029,,,Archive Applications,Oct 3 2026 7:30AM
93,M-0015,"DIAGNOSTIC LABORATORY SERVICES, KAMINENI HOSPITALS PRIVATE LIMITED",nabl007292,2022,Medical,Renewal of Accreditation,S.PRAVEENA,labqm@kaminenihospitals.com,9908122567,"INNER RING ROAD, L.B NAGAR",Telangana,Hyderabad,500068,Accreditation Certificate Approved and Issued,"Clinical Biochemistry,Cytopathology,Molecular Diagnostics,Histopathology,Clinical Pathology,Microbiology & Infectious disease serology,Haematology & Immunohaematology,Histocompatibility & Immunogenetics",,MC-2624,05/06/2026,04/06/2030,,,Gayathri S,Oct 3 2026 7:30AM
94,M-0156,SRI RAMACHANDRA LABORATORY SERVICES,nabl007395,2022,Medical,Renewal of Accreditation,K S SRIDHARAN,directorsrls@sriramachandra.edu.in,9841058534,"SRI RAMACHANDRA EDUCATION AND HEALTH TRUST, NO. 1 RAMACHANDRA NAGAR, PORUR",Tamil Nadu,Chennai,600116,Accreditation Certificate Approved and Issued,"Clinical Biochemistry,Cytopathology,Cytogenetics,Molecular Diagnostics,Histopathology,Clinical Pathology,Flow Cytometry,Microbiology & Infectious disease serology,Haematology & Immunohaematology",,MC-2540,13/02/2026,12/02/2030,,16/02/2026,Gayathri S,Oct 3 2026 7:30AM
95,M-0438,LABORATORY - JAIN E.N.T HOSPITAL,nabl007398,2022,Medical,Renewal of Accreditation,SONAKSHI JAIN,jainenthospital@hotmail.com,9314407096,"23 - 24 SATYA VIHAR COLONY, LAL KOTHI",Rajasthan,Jaipur,302015,Accreditation Certificate Approved and Issued,"Clinical Biochemistry,Haematology & Immunohaematology",,MC-2187,22/04/2026,21/04/2030,,30/04/2026,Gayathri S,Oct 3 2026 7:30AM
96,M-0109,PULSE DIAGNOSTICS PVT. LTD.,nabl007433,2022,Medical,Renewal of Accreditation,SUNAINA BIHANI,pulsecal@gmail.com,9831016123,"75, SARAT BOSE ROAD",West Bengal,Kolkata,700026,Accreditation Certificate Approved and Issued,"Clinical Biochemistry,Haematology,Clinical Pathology,Microbiology & Infectious disease serology",,MC-2167,17/11/2024,16/11/2028,,02/12/2024,Archive Applications,Oct 3 2026 7:30AM
97,M-1673,HINDLABS (A UNIT OF HLL LIFECARE LIMITED),nabl007472,2022,Medical,Renewal of Accreditation,RENJITH MC,renjithmc@lifecarehll.com,9995484947,"HLL BHAVAN, KHARGHAR, BLOCK G, SECTOR 11, KOPARA ROAD",Maharashtra,Navi Mumbai,410210,Accreditation Certificate Approved and Issued,"Clinical Biochemistry,Molecular Testing,Haematology,Clinical Pathology,Microbiology & Infectious disease serology",,MC-5901,03/09/2025,21/08/2029,,10/09/2025,Archive Applications,Oct 3 2026 7:30AM
98,M-0844,"CLINICAL BIOCHEMISTRY UNIT, DEPARTMENT OF NEUROCHEMISTRY, NATIONAL INSTITUTE OF MENTAL HEALTH AND NEUROSCIENCES",nabl007545,2022,Medical,Renewal of Accreditation,NANDAKUMAR DN,drnandn@gmail.com,9980980228,"1ST FLOOR, ASHWINI BLOCK, NIMHANS, HOSUR ROAD",Karnataka,Bengaluru,560029,Accreditation Certificate Approved and Issued,Clinical Biochemistry,,MC-5682,25/05/2025,24/05/2029,,,Archive Applications,Oct 3 2026 7:30AM
99,M-0376,TIRATH RAM SHAH CHARITABLE HOSPITAL,nabl007605,2022,Medical,Renewal of Accreditation,Mrs Jaya,lab@trsch.com,9958497705,"PLOT NO-2A, RBL, ISHER DAS SAWHNEY MARG, RAJPUR ROAD BATTERY LANE, CIVIL LINES",Delhi,Delhi,110054,Accreditation Certificate Approved and Issued,"Clinical Biochemistry,Cytopathology,Haematology,Clinical Pathology,Microbiology & Infectious disease serology,Haematology & Immunohaematology",,MC-2494,01/03/2026,28/02/2030,,,Gayathri S,Oct 3 2026 7:30AM
100,M-1383,ETERNAL HOSPITAL MEDICAL TESTING LABORATORY,nabl007629,2022,Medical,Renewal of Accreditation,SURENDRA SINGH,drsurendra.singh@eternalheart.org,9828409640,"3A, JAGATPURA ROAD",Rajasthan,Jaipur,302017,Accreditation Certificate Approved and Issued,"Clinical Biochemistry,Molecular Testing,Haematology,Clinical Pathology,Microbiology & Infectious disease serology",,MC-7372,22/05/2025,21/05/2029,,,Archive Applications,Oct 3 2026 7:30AM
1,M-0715,APEX DIAGNOSTICS,nabl007653,2022,Medical,Renewal of Accreditation,PUNEET TANEJA,apex_diagnostics@yahoo.co.in,9871591545,"12, JACARANDA MARG, DLF CITY PHASE 2",Haryana,Gurgaon,122002,Accreditation Certificate Approved and Issued,Molecular Diagnostics,,MC-2209,09/07/2026,08/07/2030,,,Gayathri S,Oct 3 2026 7:30AM
2,M-0461,DHRUV PATHOLOGY AND MOLECULAR DIAGNOSTIC LAB,nabl007666,2022,Medical,Renewal of Accreditation,SHAILENDRA MUNDHADA,dhruvlabs@gmail.com,9822572421,"3A, THIRD FLOOR, ADITYA ENCLAVE, CENTRAL BAZAAR ROAD,",Maharashtra,Nagpur,440010,Accreditation Certificate Approved and Issued,"Clinical Biochemistry,Molecular Diagnostics,Clinical Pathology,Microbiology & Infectious disease serology,Haematology & Immunohaematology",",--Select Group--",MC-2701,09/04/2026,08/04/2030,,20/04/2026,Gayathri S,Oct 3 2026 7:30AM
3,M-0121,"APOLLO MULTISPECIALITY HOSPITALS LIMITED, LABORATORY",nabl007676,2022,Medical,Renewal of Accreditation,Anjan Mukherjee,dranjan_m@apollohospitals.com,9831173299,"58, CANAL CIRCULAR ROAD",West Bengal,Kolkata,700054,Accreditation Certificate Approved and Issued,"Clinical Biochemistry,Cytopathology,Molecular Diagnostics,Histopathology,Clinical Pathology,Flow Cytometry,Microbiology & Infectious disease serology,Haematology & Immunohaematology,Histocompatibility & Immunogenetics",,MC-2320,07/09/2025,06/09/2029,,,Archive Applications,Oct 3 2026 7:30AM
4,M-0166,NORTH CITY DIAGNOSTIC CENTRE PVT. LTD. (DEPARTMENT OF LABORATORY MEDICINE),nabl007814,2022,Medical,Renewal of Accreditation,ARINDAM PODDAR,poddar.arindam81@gmail.com,9230614987,"35A, CANAL WEST ROAD, GOURIBARI",West Bengal,Kolkata,700004,Accreditation Certificate Approved and Issued,"Clinical Biochemistry,Haematology,Clinical Pathology",,MC-2810,17/06/2025,16/06/2029,,22/06/2025,Archive Applications,Oct 3 2026 7:30AM
5,M-0969,ORBIT IMAGING & PATH LAB PVT. LTD,nabl007818,2022,Medical,NABL 201,KULDIP S BHARDWAJ,orbitlab2017@gmail.com,9810156328,"B-35, PUSA ROAD",Delhi,New Delhi,110005,Accreditation Certificate Approved and Issued,"Clinical Biochemistry,Molecular Testing,Haematology",,MC-7167,08/02/2025,07/02/2029,,11/12/2025,Archive Applications,Oct 3 2026 7:30AM
6,M-0638,"LABORATORY SERVICES, MONILEK HOSPITAL & RESEARCH CENTRE",nabl007867,2022,Medical,Onsite Surveillance,Taruna Panwar,panwartaruna144@gmail.com,8562025401,SECTOR 4 JAWAHAR NAGAR,Rajasthan,Jaipur,302004,Accreditation Certificate Approved and Issued,"Clinical Biochemistry,Haematology,Clinical Pathology,Haematology & Immunohaematology",,MC-2163,31/05/2025,30/05/2029,,20/07/2026,Gayathri S,Oct 3 2026 7:30AM
7,M-1663,"LAB SERVICES AT JYOTHI PROVINCE SACRED HEART CONGREGATION, SACRED HEART HOSPITAL",nabl007881,2022,Medical,Renewal of Accreditation,Amita Sharma,lab@shhjal.org,9988271602,GT ROAD MAQSUDAN,Punjab,Jalandhar,144008,Accreditation Certificate Approved and Issued,"Clinical Biochemistry,Molecular Testing,Haematology,Clinical Pathology,Microbiology & Infectious disease serology",,MC-3167,01/05/2025,30/04/2029,,,Archive Applications,Oct 3 2026 7:30AM
8,M-0056,CENTRALAB HEALTHCARE SERVICES PRIVATE LIMITED (A UNIT OF METROPOLIS HEALTHCARE LIMITED),nabl007888,2022,Medical,Renewal of Accreditation,Thushara V,thushara.rv@metropolisindia.com,9945061130,"NO.19, GROUND FLOOR, 1ST FLOOR, SHIVSHANKAR PLAZA, RICHMOND CIRCLE, LALBAGH ROAD",Karnataka,Bengaluru,560027,Accreditation Certificate Approved and Issued,"Clinical Biochemistry,Haematology,Clinical Pathology,Microbiology & Infectious disease serology",",--Select Group--",MC-2890,26/09/2025,25/09/2029,,,Archive Applications,Oct 3 2026 7:30AM
9,M-1086,PRAKASH HOSPITAL-DEPARTMENT OF LABORATORY MEDICINE,nabl007895,2022,Medical,Renewal of Accreditation,AMITA SAIGAL,amitasaigaljain@gmail.com,9818875332,"D12 12A 12B, SECTOR-33",Uttar Pradesh,Noida,201301,Accreditation Certificate Approved and Issued,"Clinical Biochemistry,Haematology,Clinical Pathology",,MC-2811,25/07/2025,24/07/2029,,,Archive Applications,Oct 3 2026 7:30AM
10,M-1268,"DEPARTMENT OF LABORATORY SERVICES, DR. KAMAKSHI MEMORIAL HOSPITAL PRIVATE LIMITED",nabl007898,2022,Medical,Renewal of Accreditation,ASOKKUMAR S,labmanager@drkmh.com,9865422645,"#1, RADIAL ROAD, PALLIKARANAI",Tamil Nadu,Chennai,600100,Accreditation Certificate Approved and Issued,"Clinical Biochemistry,Cytopathology,Molecular Diagnostics,Histopathology,Clinical Pathology,Microbiology & Infectious disease serology,Haematology & Immunohaematology",,MC-2128,13/04/2026,12/04/2030,,11/05/2026,Archive Applications,Oct 3 2026 7:30AM
11,M-1252,NEOCARE DIAGNOSTICS PRIVATE LIMITED,nabl007944,2022,Medical,Renewal of Accreditation,JYOTI SAWANT,jyotisawant27@gmail.com,9004444465,"604-A, ECSTASY BUSINESS PARK, CITI OF JOY, JSD ROAD, MULUND (WEST)",Maharashtra,Mumbai,400080,Accreditation Certificate Approved and Issued,"Clinical Biochemistry,Clinical Pathology,Microbiology & Infectious disease serology,Haematology & Immunohaematology",",--Select Group--",MC-2180,01/05/2026,30/04/2030,,,Shweta Sinha,Oct 3 2026 7:30AM
12,M-0789,"MEDICAL LABORATORY, S.R. KALLA MEMORIAL GASTRO & GENERAL HOSPITAL",nabl007956,2022,Medical,Renewal of Accreditation,KOMAL KALLA,srkallahospital@rediffmail.com,9829050623,"78-79, DHULESHWAR GARDEN, SARDAR PATEL MARG, C-SCHEME",Rajasthan,Jaipur,302001,Accreditation Certificate Approved and Issued,"Clinical Biochemistry,Clinical Pathology,Haematology & Immunohaematology",,MC-2551,14/03/2026,13/03/2030,,,Gayathri S,Oct 3 2026 7:30AM
13,M-0935,"KGD6 CLINICAL LABORATORY, RELIANCE INDUSTRIES LIMITED.",nabl007965,2022,Medical,Renewal of Accreditation,Maddala Murali,murali.maddala@ril.com,7093002857,"RELIANCE INDUSTRIES LTD.-KGD6 INFRASTRUCTURE AREA, GADIMOGA, TALLAREVU MANDAL",Andhra Pradesh,Kakinada,533463,Accreditation Certificate Approved and Issued,"Clinical Biochemistry,Clinical Pathology,Haematology & Immunohaematology",,MC-7955,16/02/2026,15/02/2030,,,Archive Applications,Oct 3 2026 7:30AM
14,M-0849,ASSAM MEDICAL COLLEGE & HOSPITAL MICROBIOLOGY LABORATORY,nabl008023,2022,Medical,Renewal of Accreditation,Aparna Sonowal,aparnasonowal78@gmail.com,9859930029,"BASIC SCIENCE BUILDING, 2ND FLOOR, DEPARTMENT OF MICROBIOLOGY, ASSAM MEDICAL COLLEGE",Assam,Dibrugarh,786002,Accreditation Certificate Approved and Issued,"Molecular Testing,Flow Cytometry,Microbiology & Infectious disease serology",,MC-6917,16/10/2024,15/10/2028,,,Archive Applications,Oct 3 2026 7:30AM
15,M-0256,MILLENNIUM SPECIAL PATHOLOGY LABORATORY,nabl008030,2022,Medical,Renewal of Accreditation,RAJIV BORDAWEKAR,millenniumlab117@gmail.com,9822048872,"OFFICE NO. 10, N K IMAGE BUILDING, TILAK ROAD",Maharashtra,Pune,411030,Accreditation Certificate Approved and Issued,"Clinical Biochemistry,Molecular Testing,Haematology,Microbiology & Infectious disease serology",,MC-7362,17/05/2025,16/05/2029,,,Archive Applications,Oct 3 2026 7:30AM
16,M-1028,SETGENE LAB PRIVATE LIMITED,nabl008055,2022,Medical,Renewal of Accreditation,DGPATEL,tmsunflowerlab@gmail.com,9727743110,"HELMET CIRCLE, RUDRA ARCADE, DRIVE IN ROAD, MANAVMANDIR, MEMNAGAR",Gujarat,Ahmedabad,380052,Accreditation Certificate Approved and Issued,"Clinical Biochemistry,Haematology,Clinical Pathology",,MC-7230,17/03/2025,16/03/2029,,,Archive Applications,Oct 3 2026 7:30AM
17,M-0991,DEVI SCANS PVT LTD,nabl008083,2022,Medical,Renewal of Accreditation,FATHIMA N S,pathudevip@gmail.com,9895849066,KUMARAPURAM,Kerala,Thiruvananthapuram,695011,Accreditation Certificate Approved and Issued,"Clinical Biochemistry,Cytopathology,Molecular Testing,Haematology,Clinical Pathology",",--Select Group--",MC-2292,26/06/2025,25/06/2029,,07/07/2025,Archive Applications,Oct 3 2026 7:30AM
18,M-1693,UNIPATH SPECIALTY LABORATORY LIMITED,nabl008086,2022,Medical,Renewal of Accreditation,PURVI SHAH,purvi_unipath@yahoo.in,9898372362,"1 ST FLOOR, HARIDWAR ENCLAVE, MANINAGAR",Gujarat,Ahmedabad,380008,Accreditation Certificate Approved and Issued,"Clinical Biochemistry,Haematology,Clinical Pathology",,MC-3189,21/06/2025,20/06/2029,,,Archive Applications,Oct 3 2026 7:30AM
19,M-1106,ANACIPHER CLINICAL RESEARCH ORGANIZATION - CLINICAL LAB,nabl008104,2022,Medical,Renewal of Accreditation,Popuri Hima Bindu,himabindu.popuri@anacipher.com,9490216647,"3RD AND 4TH FLOOR, MIRRAKAMSHETTY MALL, RAMANTHAPUR",Telangana,Hyderabad,500013,Accreditation Certificate Approved and Issued,"Clinical Biochemistry,Haematology,Clinical Pathology,Microbiology & Infectious disease serology",,MC-1019,26/04/2025,25/04/2029,,03/05/2025,Archive Applications,Oct 3 2026 7:30AM
20,M-1432,"DEPARTMENT OF LABORATORY MEDICINE, WOCKHARDT HOSPITALS",nabl008105,2022,Medical,Renewal of Accreditation,SUJATA MENON,sujata.menon@wockhardthospitals.com,9819641811,"THE UMRAO INSTITUTE OF MEDICAL SCIENCES, MIRA ROAD (EAST)",Maharashtra,Thane,401107,Accreditation Certificate Approved and Issued,"Clinical Biochemistry,Haematology,Clinical Pathology,Microbiology & Infectious disease serology",,MC-5828,25/07/2025,24/07/2029,,26/07/2025,Archive Applications,Oct 3 2026 7:30AM
21,M-0910,KONACC DIAGNOSTIC CENTER,nabl008112,2022,Medical,Renewal of Accreditation,SWETHA SUTRAVE,drswethakonaccdiagnostics@gmail.com,9573503891,"DNO 29-19-59, DORNAKAL ROAD, SURYARAOPET",Andhra Pradesh,Vijayawada,520002,Accreditation Certificate Approved and Issued,Clinical Biochemistry,",--Select Group--",MC-6489,01/05/2026,30/04/2030,,02/06/2026,Shweta Sinha,Oct 3 2026 7:30AM
22,M-0472,DR. D.K. GULATI'S PATH LAB,nabl008159,2022,Medical,Renewal of Accreditation,D K GULATI,gulatipath@gmail.com,9810223923,"20, COMMUNITY CENTRE, ASHOK VIHAR, PHASE 2",Delhi,New Delhi,110052,Accreditation Certificate Approved and Issued,"Clinical Biochemistry,Clinical Pathology,Microbiology & Infectious disease serology,Haematology & Immunohaematology",",--Select Group--",MC-2186,14/05/2026,13/05/2030,,18/05/2026,Gayathri S,Oct 3 2026 7:30AM
23,M-1688,SONOSCAN HEALTHCARE PRIVATE LIMITED,nabl008169,2022,Medical,Renewal of Accreditation,SOUVIK DUTTA,info@sonoscanhealthcare.com,9681676005,"44, DR SUNDARI MOHAN AVENUE (C.I.T. ROAD), BENIAPUKUR",West Bengal,Kolkata,700014,Accreditation Certificate Approved and Issued,"Clinical Biochemistry,Molecular Testing,Haematology,Clinical Pathology,Microbiology & Infectious disease serology",",--Select Group--",MC-3206,20/09/2025,19/09/2029,,,Archive Applications,Oct 3 2026 7:30AM
24,M-0498,LIFECELL INTERNATIONAL PRIVATE LIMITED,nabl008211,2022,Medical,NABL 201,Sunil Sureshkumar,"sunil.s@lifecell.in,saravanakumar.r@lifecell.in",9840099618,"NO 26, VANDALUR- KELAMBAKKAM MAIN ROAD, KEELAKOTTAIYUR",Tamil Nadu,Chennai,600127,Accreditation Certificate Approved and Issued,"Clinical Biochemistry,Cytopathology,Molecular Testing,Cytogenetics,Molecular Diagnostics,Histopathology,Flow Cytometry,Microbiology & Infectious disease serology,Haematology & Immunohaematology",,MC-2088,23/04/2025,22/04/2029,,12/02/2026,Archive Applications,Oct 3 2026 7:30AM
25,M-1256,KASTURI DIAGNOSTIC CENTRE ( A UNIT OF KASTURI MEDICAL CENTRE PVT. LTD. ),nabl008221,2022,Medical,Renewal of Accreditation,ANIRBAN ROY,anirbanroy.mgmt@gmail.com,8334963048,"5, DIAMOND HARBOUR ROAD, THAKURPUKUR P.O - JOKA 3A BUS STAND",West Bengal,Kolkata,700104,Accreditation Certificate Approved and Issued,"Clinical Biochemistry,Haematology,Clinical Pathology",,MC-5912,22/08/2025,21/08/2029,,,Archive Applications,Oct 3 2026 7:30AM
26,M-1686,SCIENTIFIC PATHOCARE,nabl008272,2022,Medical,Renewal of Accreditation,DEEPIKA JAIN,d.jain13@yahoo.com,7417060604,"132/2, MAHENDRA VIHAR, CHAKRATA ROAD",Uttarakhand,Dehradun,248001,Accreditation Certificate Approved and Issued,"Clinical Biochemistry,Haematology",,MC-3219,21/11/2024,11/11/2028,,09/12/2024,Archive Applications,Oct 3 2026 7:30AM
27,M-0812,PATEL HOSPITAL PRIVATE LIMITED LABORATORY,nabl008289,2022,Medical,Renewal of Accreditation,SIMARPREET,pathology@patelhospital.com,9877695657,"PATEL HOSPITAL, CIVIL LINES",Punjab,Jalandhar,144001,Accreditation Certificate Approved and Issued,"Clinical Biochemistry,Hematology & Immunohematology,Clinical Pathology,Microbiology & Infectious disease serology",",--Select Group--",MC-2620,01/03/2026,28/02/2030,,,Archive Applications,Oct 3 2026 7:30AM
28,M-1728,INDRA DIAGNOSTICS,nabl008312,2022,Medical,Renewal of Accreditation,Nidhi Singh,nidhi8988@gmail.com,9163223580,"G-127, P.C. COLONY, KANKARBAGH",Bihar,Patna,800020,Accreditation Certificate Approved and Issued,"Clinical Biochemistry,Haematology",,MC-3252,06/12/2024,03/12/2028,,,Archive Applications,Oct 3 2026 7:30AM
29,M-0692,HELIX PATHLABS,nabl008330,2022,Medical,Renewal of Accreditation,CHARANDEEP SINGH SAHNI,charandeepsahni@gmail.com,9815738566,"SCF 82, FIRST FLOOR, PHASE 5",Punjab,Mohali,160059,Accreditation Certificate Approved and Issued,"Clinical Biochemistry,Clinical Pathology,Microbiology & Infectious disease serology,Haematology & Immunohaematology",",--Select Group--",MC-2142,26/04/2026,25/04/2030,,06/05/2026,Gayathri S,Oct 3 2026 7:30AM
30,M-0723,"STATE REFERENCE LABORATORY, GOVERNMENT HOSPTIAL OF THORACIC MEDICINE",nabl008366,2022,Medical,Renewal of Accreditation,I Gunaparvathy,ghtmlab@gmail.com,9176992903,"TB HOSPITAL, G S T ROAD, TAMBARAM SANATORIUM",Tamil Nadu,Kanchipuram,600047,Accreditation Certificate Approved and Issued,"Flow Cytometry,Microbiology & Infectious disease serology",,MC-6280,23/01/2026,22/01/2030,,,Archive Applications,Oct 3 2026 7:30AM
31,M-1362,"SHANTI WELLNESS CARE (DEPARTMENT OF LABORATORY MEDICINE), A UNIT OF SHANTI HEALTH SERVICES PRIVATE LIMITED",nabl008373,2022,Medical,Renewal of Accreditation,Devi Prasad Shaw,dprasad@swcare.in,8617266216,"50-A, SARAT BOSE ROAD, LANSDOWNE",West Bengal,Kolkata,700025,Accreditation Certificate Approved and Issued,"Clinical Biochemistry,Haematology,Clinical Pathology",,MC-2706,25/08/2025,24/08/2029,,,Archive Applications,Oct 3 2026 7:30AM
32,M-0856,DR. S.S. DODA'S ULTRASOUND CENTRE-PATHOLOGY LAB,nabl008394,2022,Medical,Renewal of Accreditation,Ananya Doda,drdodaspathologylab@gmail.com,9999722700,"23-B, PUSA ROAD",Delhi,New Delhi,110005,Accreditation Certificate Approved and Issued,"Clinical Biochemistry,Cytopathology,Molecular Diagnostics,Clinical Pathology,Microbiology & Infectious disease serology,Haematology & Immunohaematology",",--Select Group--",MC-2625,20/03/2026,19/03/2030,,,Archive Applications,Oct 3 2026 7:30AM
33,M-0701,GD HOSPITAL & DIABETES INSTITUTE (A UNIT OF PATAKA INDUSTRIES PVT.LTD.),nabl008400,2022,Medical,NABL 201,DIBYENDU SENGUPTA,lab@gddihealthcare.com,8100921905,"139A, LENIN SARANI",West Bengal,Kolkata,700013,Accreditation Certificate Approved and Issued,"Clinical Biochemistry,Molecular Testing,Haematology,Clinical Pathology,Microbiology & Infectious disease serology",,MC-6964,19/09/2025,12/11/2028,,,Archive Applications,Oct 3 2026 7:30AM
34,M-0644,SHRI MUKTAJIVAN PATHOLOGY LABORATORY,nabl008438,2022,Medical,Renewal of Accreditation,AJAY V PANCHOLI,drajaypancholi@gmail.com,9824072063,"MUKTA NIVAS, SYNDICATE BANK BUILDING, SWAMINARAYAN MANDIR ROAD, MANINAGAR",Gujarat,Ahmedabad,380008,Accreditation Certificate Approved and Issued,"Clinical Biochemistry,Clinical Pathology,Haematology & Immunohaematology",,MC-2911,16/03/2026,15/03/2030,,31/03/2026,Gayathri S,Oct 3 2026 7:30AM
35,M-1006,CORE DIAGNOSTICS PRIVATE LIMITED,nabl008442,2022,Medical,Onsite Surveillance,Akanksha Maurya,akanksha.maurya@corediagnostics.in,9899765967,"406, UDYOGVIHAR PHASE -3",Haryana,Gurgaon,122016,Accreditation Certificate Approved and Issued,"Clinical Biochemistry,Cytopathology,Molecular Testing,Cytogenetics,Molecular Diagnostics,Histopathology,Clinical Pathology,Flow Cytometry,Microbiology & Infectious disease serology,Haematology & Immunohaematology",,MC-2256,08/06/2025,07/06/2029,,29/05/2026,Archive Applications,Oct 3 2026 7:30AM
36,M-0171,CHANDIGARH CLINICAL LABORATORIES Private limited,nabl008462,2022,Medical,Renewal of Accreditation,RAVI RAJ KHANNA,ccl_chd@yahoo.com,9814014932,"SCO-9, SECTOR 16 D",Chandigarh,Chandigarh,160015,Accreditation Certificate Approved and Issued,"Clinical Biochemistry,Clinical Pathology,Microbiology & Infectious disease serology,Haematology & Immunohaematology",,MC-2435,01/02/2026,31/01/2030,,03/02/2026,Archive Applications,Oct 3 2026 7:30AM
37,M-0737,"GNRC LAB SERVICES, GNRC HOSPITALS",nabl008467,2022,Medical,Renewal of Accreditation,CHITRALEKHA GOGOI,cgcg11@gmail.com,9864060971,"PARAMOUNT TAJ COMPLEX, SIXMILE, KHANAPARA",Assam,Guwahati,781022,Accreditation Certificate Approved and Issued,"Clinical Biochemistry,Haematology,Clinical Pathology",,MC-6059,12/10/2025,11/10/2029,,14/10/2025,Archive Applications,Oct 3 2026 7:30AM
38,M-1405,METROPOLIS HEALTH CARE LIMITED,nabl008492,2022,Medical,Renewal of Accreditation,KAVITA MUNJAL,kavitamunjal.im@metropolisindia.com,9826076075,"SHOP NO UG-1, UG-1(B),UG-2, UNITLG-2, LG-3 LIBBAIK REGENCY, 4/2 OLD PALASIA",Madhya Pradesh,Indore,452001,Accreditation Certificate Approved and Issued,"Clinical Biochemistry,Cytopathology,Molecular Diagnostics,Histopathology,Clinical Pathology,Microbiology & Infectious disease serology,Haematology & Immunohaematology",,MC-2669,22/03/2026,21/03/2030,,16/04/2026,Archive Applications,Oct 3 2026 7:30AM
39,M-0896,"CENTRAL LABORATORY, SHRI MAHANT INDIRESH HOSPITAL",nabl008545,2022,Medical,Renewal of Accreditation,Jyotsna Bhateja,smih.lab.nabl@gmail.com,9599897818,PATEL NAGAR,Uttarakhand,Dehradun,248001,Accreditation Certificate Approved and Issued,"Clinical Biochemistry,Cytopathology,Molecular Diagnostics,Histopathology,Clinical Pathology,Microbiology & Infectious disease serology,Haematology & Immunohaematology",",--Select Group--",MC-6615,21/06/2026,20/06/2030,,,Shweta Sinha,Oct 3 2026 7:30AM
40,M-0826,M S RAMAIAH TEACHING HOSPITAL LABORATORY,nabl008586,2022,Medical,Scope Extension,Vanitha Gowda M N,labdirector.msruas.ac.in,9448211854,"MSR NAGAR, MSRIT POST",Karnataka,Bengaluru,560054,Accreditation Certificate Approved and Issued,"Clinical Biochemistry,Cytopathology,Molecular Diagnostics,Histopathology,Clinical Pathology,Microbiology & Infectious disease serology,Haematology & Immunohaematology",,MC-6359,05/03/2026,04/03/2030,,21/07/2026,Archive Applications,Oct 3 2026 7:30AM
41,M-0300,BELLE VUE CLINIC (LABORATORY SERVICES),nabl008595,2022,Medical,Renewal of Accreditation,TIRTHANKAR DHAR,tirthankardhar@yahoo.co.in,9831084025,"9, DR. U. N. BRAHMACHARI STREET",West Bengal,Kolkata,700017,Accreditation Certificate Approved and Issued,"Clinical Biochemistry,Cytopathology,Molecular Testing,Haematology,Histopathology,Clinical Pathology,Microbiology & Infectious disease serology",,MC-2089,10/05/2025,09/05/2029,,14/05/2025,Archive Applications,Oct 3 2026 7:30AM
42,M-1294,"HIV TESTING LABORATORY, DEPARTMENT OF MICROBIOLOGY, J N MEDICAL COLLEGE",nabl008664,2022,Medical,Renewal of Accreditation,M B Nagmoti,srl.karnataka.jnmc@gmail.com,9448141342,"JAWAHARLAL NEHRU MEDICAL COLLEGE, KLE UNIVERSITY, NEHRU NAGAR",Karnataka,Belgaum,590010,Accreditation Certificate Approved and Issued,"Molecular Diagnostics,Microbiology & Infectious disease serology",,MC-8039,15/04/2026,14/04/2030,,,Shweta Sinha,Oct 3 2026 7:30AM
43,M-1027,SHIJA HOSPITALS AND RESEARCH INSTITUTE PRIVATE LIMITED (DEPARTMENT OF PATHOLOGY),nabl008675,2022,Medical,Onsite Surveillance,SALAM GHANAPRIYA,ghanapriya.salam@gmail.com,9774402961,LANGOL,Manipur,Imphal,795004,Accreditation Certificate Approved and Issued,"Clinical Biochemistry,Molecular Testing,Molecular Diagnostics,Clinical Pathology,Microbiology & Infectious disease serology,Haematology & Immunohaematology",,MC-7253,21/03/2025,20/03/2029,,27/04/2026,Archive Applications,Oct 3 2026 7:30AM
44,M-1678,APOORVA DIAGNOSTIC AND HEALTH CARE (A UNIT OF VITTAL'S MEDICARE PRIVATE LIMITED),nabl008681,2022,Medical,Renewal of Accreditation,SUNIL KUYARE,sunilkuyare@gmail.com,9224110191,"BHAKTIVEDANTA HOSPITAL AND RESEARCH INSTITUTE, BHAKTIVEDANTA SWAMI MARG, SECTOR 1, MIRA BHAYANDAR",Maharashtra,Thane,401107,Accreditation Certificate Approved and Issued,"Clinical Biochemistry,Haematology,Clinical Pathology,Microbiology & Infectious disease serology",,MC-7818,10/12/2025,09/12/2029,,,Archive Applications,Oct 3 2026 7:30AM
45,M-0891,TATA MAIN HOSPITAL (DEPT. OF PATHOLOGY),nabl008692,2022,Medical,Renewal of Accreditation,RADHIKA NARAYAN,drrnarayan@tatasteel.com,7763807714,"TATA STEEL, BISTUPUR",Jharkhand,Jamshedpur,831001,Accreditation Certificate Approved and Issued,"Clinical Biochemistry,Cytopathology,Histopathology,Clinical Pathology,Microbiology & Infectious disease serology,Haematology & Immunohaematology",,MC-2640,31/03/2026,30/03/2030,,,Archive Applications,Oct 3 2026 7:30AM
46,M-1110,ASTER CLINICAL LAB,nabl008715,2022,Medical,Renewal of Accreditation,S Ashok,s.ashok@asterlabs.in,9845838041,"#43/2, NH-7, INTL AIRPORT ROAD, SAHAKAR NAGAR",Karnataka,Bengaluru,560092,Accreditation Certificate Approved and Issued,"Clinical Biochemistry,Molecular Diagnostics,Clinical Pathology,Microbiology & Infectious disease serology,Haematology & Immunohaematology",",--Select Group--",MC-2617,21/03/2026,20/03/2030,,30/03/2026,Archive Applications,Oct 3 2026 7:30AM
47,M-1267,ESKAG SANJEEVANI PRIVATE LIMITED (DEPARTMENT OF LABORATORY SERVICES),nabl008727,2022,Medical,Renewal of Accreditation,Tapas Das,ddastapas@gmail.com,6294422366,"42/2B, COSSIPORE ROAD",West Bengal,Kolkata,700036,Accreditation Certificate Approved and Issued,"Clinical Biochemistry,Haematology,Clinical Pathology",,MC-2248,07/09/2025,06/09/2029,,10/09/2025,Archive Applications,Oct 3 2026 7:30AM
48,M-1739,"CENTRAL LABORATORY, EAST POINT COLLEGE OF MEDICAL SCIENCES & RESEARCH CENTRE",nabl008739,2022,Medical,Renewal of Accreditation,Madhumati,madhumati.b@eastpoint.ac.in,9535321154,"113, BIDARAHALLI",Karnataka,Bengaluru,560049,Accreditation Certificate Approved and Issued,"Clinical Biochemistry,Cytopathology,Molecular Testing,Haematology,Clinical Pathology,Microbiology & Infectious disease serology",,MC-3240,10/10/2025,02/10/2029,,29/10/2025,Archive Applications,Oct 3 2026 7:30AM
49,M-1131,INFEXN LABORATORIES PRIVATE LIMITED,nabl008748,2022,Medical,Renewal of Accreditation,SONAL BANGDE,sonal.bangde@infexn.in,9820034009,"OFFICE NO. 403,404,405 4TH FLOOR, PRIDE 16, ROAD NO 16Z, WAGALE ESTATE",Maharashtra,Thane,400604,Accreditation Certificate Approved and Issued,"Molecular Diagnostics,Microbiology & Infectious disease serology",,MC-2580,25/03/2026,24/03/2030,,18/04/2026,Archive Applications,Oct 3 2026 7:30AM
50,M-0628,"DEPARTMENT OF MICROBIOLOGY, GRANT MEDICAL COLLEGE & SIR J J GROUP OF HOSPITALS",nabl008771,2022,Medical,Renewal of Accreditation,NILMA HIRANI,drnilmahirani@gmail.com,9820556255,BYCULLA,Maharashtra,Mumbai,400008,Accreditation Certificate Approved and Issued,"Molecular Diagnostics,Flow Cytometry,Microbiology & Infectious disease serology",,MC-2583,06/02/2026,05/02/2030,,,Archive Applications,Oct 3 2026 7:30AM
51,M-0765,"DEPARTMENT OF LAB SERVICES, ANANDALOKE SONOSCAN CENTRE PVT. LTD.",nabl008788,2022,Medical,Renewal of Accreditation,SOUMITRA ROY,anandaloke_sonoscan@hotmail.com,8116603544,3/3 HILL CART ROAD,West Bengal,Siliguri,734003,Accreditation Certificate Approved and Issued,"Clinical Biochemistry,Haematology,Clinical Pathology",",--Select Group--",MC-2274,23/08/2025,22/08/2029,,,Archive Applications,Oct 3 2026 7:30AM
52,M-0294,"CLINICAL LABORATORY, AZIDUS LABORATORIES LIMITED (CLINICAL & FORMULATION RESEARCH ORGANISATION)",nabl008806,2022,Medical,Renewal of Accreditation,Geetha Lakshmi G,geetha@azidus.com,9840599769,"23, SCHOOL ROAD, RATHNAMANGALAM, VANDALUR",Tamil Nadu,Chennai,600127,Accreditation Certificate Approved and Issued,"Clinical Biochemistry,Clinical Pathology,Microbiology & Infectious disease serology,Haematology & Immunohaematology",,MC-2716,31/03/2026,30/03/2030,,18/04/2026,Gayathri S,Oct 3 2026 7:30AM
53,M-0093,"DEPARTMENT OF LABORATORY MEDICINE, NARAYANA HRUDAYALAYA LIMITED",nabl008819,2022,Medical,Renewal of Accreditation,Mallika Reddy K,mallika.reddy.dr@narayanahealth.org,9538073927,"258/A, BOMMASANDRA INDUSTRIAL AREA, HOSUR ROAD",Karnataka,Bengaluru,560099,Accreditation Certificate Approved and Issued,"Clinical Biochemistry,Cytopathology,Molecular Testing,Haematology,Histopathology,Clinical Pathology,Flow Cytometry,Microbiology & Infectious disease serology",,MC-2688,16/06/2025,15/06/2029,,,Archive Applications,Oct 3 2026 7:30AM
54,M-1296,TULI DIAGNOSTIC CENTRE,nabl008835,2022,Medical,Renewal of Accreditation,ROBIN TULI,robintuli@yahoo.com,9780503005,MAJITHA ROAD,Punjab,Amritsar,143001,Accreditation Certificate Approved and Issued,"Clinical Biochemistry,Clinical Pathology,Haematology & Immunohaematology",,MC-2151,24/04/2026,23/04/2030,,26/04/2026,Shweta Sinha,Oct 3 2026 7:30AM
55,M-0108,"DEPARTMENT OF LABORATORY MEDICINE, SITARAM BHARTIA INSTITUTE OF SCIENCE & RESEARCH",nabl008841,2022,Medical,Renewal of Accreditation,Rinu Goyal,rinu.goyal@sitarambhartia.org,9650878278,"B 16, QUTAB INSTITUTIONAL AREA",Delhi,Delhi,110016,Accreditation Certificate Approved and Issued,"Clinical Biochemistry,Clinical Pathology,Microbiology & Infectious disease serology,Haematology & Immunohaematology",,MC-2753,14/03/2026,13/03/2030,,18/04/2026,Gayathri S,Oct 3 2026 7:30AM
56,M-1120,"CENTRAL DIAGNOSTIC LABORATORY, VYDEHI INSTITUTE OF MEDICAL SCIENCES AND RESEARCH CENTRE",nabl008859,2022,Medical,Renewal of Accreditation,SHAILAJA A,alapatyshailaja@yahoo.com,9379830798,"#82, E.P.I.P. AREA, WHITEFIELD",Karnataka,Bengaluru,560066,Accreditation Certificate Approved and Issued,"Clinical Biochemistry,Cytopathology,Cytogenetics,Molecular Diagnostics,Histopathology,Clinical Pathology,Microbiology & Infectious disease serology,Haematology & Immunohaematology",,MC-2610,20/02/2026,19/02/2030,,,Archive Applications,Oct 3 2026 7:30AM
57,M-0529,DR. GODBOLE LABORATORY LLP,nabl008905,2022,Medical,Renewal of Accreditation,CHANDRAHAS GODBOLE,chandrahasgod@yahoo.com,9850029749,"8/2 RAVI BUILDING, SADASHIV PETH",Maharashtra,Pune,411030,Accreditation Certificate Approved and Issued,"Clinical Biochemistry,Clinical Pathology,Microbiology & Infectious disease serology,Haematology & Immunohaematology",",--Select Group--",MC-6544,22/05/2026,21/05/2030,,,Gayathri S,Oct 3 2026 7:30AM
58,M-1511,CHARAK MEDICAL CENTRE (RUN BY MAHARISHI CHARAK CHARITABLE SOCIETY),nabl008912,2022,Medical,Renewal of Accreditation,ANKUR PRATAP,partapankur@gmail.com,9560120650,"F-36 A, ARYA SAMAJ MANDIR MARG, MANSAROVAR GARDEN",Delhi,New Delhi,110015,Accreditation Certificate Approved and Issued,"Clinical Biochemistry,Haematology,Clinical Pathology",,MC-5940,30/08/2025,29/08/2029,,,Archive Applications,Oct 3 2026 7:30AM
59,M-1126,"LOTUS DIAGNOSTIC CENTRE, UNIT OF VARUN DIAGNOSTIC LLP",nabl008916,2022,Medical,Renewal of Accreditation,LATA UPRETI,lataupreti706@gmail.com,9901505516,"493, CMH ROAD, INDIRANAGAR",Karnataka,Bengaluru,560038,Accreditation Certificate Approved and Issued,"Clinical Biochemistry,Molecular Diagnostics,Clinical Pathology,Haematology & Immunohaematology",,MC-2348,10/03/2026,09/03/2030,,,Archive Applications,Oct 3 2026 7:30AM
60,M-1415,CENTRAL LAB MAHATMA GANDHI UNIVERSITY OF MEDICAL SCIENCES & TECHNOLOGY,nabl008967,2022,Medical,Scope Extension,Bushra Fiza,drbushra@mgumst.org,9828051780,"RIICO INSTITUTION AREA, SITAPURA, TONK ROAD",Rajasthan,Jaipur,302022,Accreditation Certificate Approved and Issued,"Clinical Biochemistry,Cytopathology,Molecular Testing,Haematology,Histopathology,Clinical Pathology,Flow Cytometry,Microbiology & Infectious disease serology",,MC-2733,27/04/2025,26/04/2029,,28/11/2025,Archive Applications,Oct 3 2026 7:30AM
61,M-1714,SPECIALIST CLINIC & DIAGNOSTIC - A UNIT OF BANERJEE HEALTH CARE SERVICES PRIVATE LIMITED (DEPARTMENT OF PATHOLOGY),nabl008976,2022,Medical,Renewal of Accreditation,NABYENDU GHOSH,speclid@gmail.com,8240223868,"71, BIJOYLAXMI COLONY, BARASAT",West Bengal,Kolkata,700126,Accreditation Certificate Approved and Issued,"Clinical Biochemistry,Clinical Pathology,Haematology & Immunohaematology",,MC-8050,22/04/2026,21/04/2030,,,Shweta Sinha,Oct 3 2026 7:30AM
62,M-1049,"SRI GURU HARKRISHAN SAHIB CHARITABLE EYE HOSPITAL, TRUST-SOHANA - DEPARTMENT OF PATHOLOGY & LAB MEDICINE",nabl008987,2022,Medical,Scope Extension,RICHA MAHAJAN,labqualitymanager@sghshospitals.com,9872222663,SECTOR - 77,Punjab,Mohali,140308,Accreditation Certificate Approved and Issued,"Clinical Biochemistry,Clinical Pathology,Microbiology & Infectious disease serology,Haematology & Immunohaematology",",--Select Group--",MC-2638,05/03/2025,04/03/2029,,24/08/2026,Shweta Sinha,Oct 3 2026 7:30AM
63,M-0079,"LABORATORY SERVICES, APOLLO HOSPITAL",nabl008989,2022,Medical,Renewal of Accreditation,R Gayathri Devi,gayathri_d@apollohospitals.com,9177020205,"6TH FLOOR, HEALTH STREET BUILDING, JUBILEE HILLS",Telangana,Hyderabad,500096,Accreditation Certificate Approved and Issued,"Clinical Biochemistry,Cytopathology,Cytogenetics,Molecular Diagnostics,Histopathology,Clinical Pathology,Flow Cytometry,Microbiology & Infectious disease serology,Haematology & Immunohaematology,Histocompatibility & Immunogenetics",",--Select Group--",MC-2493,01/02/2026,31/01/2030,,,Archive Applications,Oct 3 2026 7:30AM
64,M-1726,"LABORATORY MEDICINE, SHALBY HOSPITAL, A UNIT OF SHALBY LIMITED",nabl009009,2022,Medical,Renewal of Accreditation,Vikas singhal,VIKAS.SINGHAL@SHALBY.IN,8237267664,"DELHI - AJMER EXPRESSWAY, SECTOR-3, CHITRAKOOT",Rajasthan,Jaipur,302021,Accreditation Certificate Approved and Issued,"Clinical Biochemistry,Clinical Pathology,Microbiology & Infectious disease serology,Haematology & Immunohaematology",,MC-3325,14/02/2026,13/02/2030,,,Archive Applications,Oct 3 2026 7:30AM
65,M-0705,"LAB SERVICES, APEX DIAGNOSTICS - A UNIT OF APEX LIFECARE PVT.LTD.",nabl009016,2022,Medical,Renewal of Accreditation,Ankur Jyoti Choudhury,mail2apex@yahoo.in,7578013576,"ROYAL MARKET, GMC ROAD",Assam,Guwahati,781005,Accreditation Certificate Approved and Issued,"Clinical Biochemistry,Haematology,Clinical Pathology",,MC-7090,13/01/2025,12/01/2029,,,Archive Applications,Oct 3 2026 7:30AM
66,M-1259,ORCHID MEDICAL CENTRE PRIVATE LIMITED (DEPARTMENT OF LABORATORY SERVICES),nabl009052,2022,Medical,Renewal of Accreditation,EVA SHRIVASTAVA,gm@orchidmedcentre.com,7488601361,H.B ROAD,Jharkhand,Ranchi,834001,Accreditation Certificate Approved and Issued,"Clinical Biochemistry,Clinical Pathology,Haematology & Immunohaematology",,MC-2126,12/04/2026,11/04/2030,,,Archive Applications,Oct 3 2026 7:30AM
67,M-1476,"NATIONAL REFERENCE LABORATORY FOR TUBERCULOSIS, DEPARTMENT OF MICROBIOLOGY, BHOPAL MEMORIAL HOSPITAL & RESEARCH CENTRE (BMHRC)",nabl009074,2022,Medical,Renewal of Accreditation,NIKITA PANWALKAR,nikitapanwalkarnikita@gmail.com,7773002408,"KAROND CHAURAHA, RAISEN BYPASS ROAD",Madhya Pradesh,Bhopal,462038,Accreditation Certificate Approved and Issued,"Molecular Diagnostics,Microbiology & Infectious disease serology",,NABLM0626MP08120,29/06/2026,28/06/2030,,,Shweta Sinha,Oct 3 2026 7:30AM
68,M-1004,"MEDSERVE MEDICAL DIAGNOSTIC SERVICES, A UNIT OF COIMBATORE KIDNEY CARE AND RESEARCH LIMITED",nabl009080,2022,Medical,Renewal of Accreditation,Anil Tarigopula,ckcrlquality@gmail.com,9345428362,"738- B, PULIAKULAM ROAD",Tamil Nadu,Coimbatore,641045,Accreditation Certificate Approved and Issued,"Clinical Biochemistry,Molecular Diagnostics,Clinical Pathology,Microbiology & Infectious disease serology,Haematology & Immunohaematology",",--Select Group--",MC-6294,02/02/2026,01/02/2030,,09/02/2026,Archive Applications,Oct 3 2026 7:30AM
69,M-0868,"STATE REFERENCE LABORATORY FOR HIV, DEPARTMENT OF MICROBIOLOGY, JAWAHARLAL INSTITUTE OF POSTGRADUATE MEDICAL EDUCATION AND RESEARCH",nabl009138,2022,Medical,Renewal of Accreditation,RAKESH SINGH,srl.pondicherry.jipmer@gmail.com,9751173425,DHANVANTHRY NAGAR,Puducherry,Puducherry,605006,Accreditation Certificate Approved and Issued,Microbiology & Infectious disease serology,,MC-6449,09/04/2026,08/04/2030,,18/04/2026,Shweta Sinha,Oct 3 2026 7:30AM
70,M-1754,MEDILAND DIAGNOSTIC CENTRE PRIVATE LIMITED,nabl009159,2022,Medical,Renewal of Accreditation,ARUNITA MALLIK,medilandz@gmail.com,9875337237,"""JAYATU"" T.N. MUKHERJEE ROAD , DANKUNI",West Bengal,Hooghly,712311,Accreditation Certificate Approved and Issued,"Clinical Biochemistry,Haematology,Clinical Pathology",,MC-3247,17/10/2025,16/10/2029,,16/11/2025,Archive Applications,Oct 3 2026 7:30AM
71,M-0379,GOYAL HOSPITAL AND UROLOGY CENTRE - LABORATORY ( A UNIT OF GOYAL UROLOGY & MATERNITY CENTRE PVT. LTD.),nabl009182,2022,Medical,Renewal of Accreditation,Tej Kumar Mathur,drgoyalhospital@gmail.com,9810079766,"E-4/8, KRISHNA NAGAR, LAJPAT RAI CHOWK",Delhi,New Delhi,110051,Accreditation Certificate Approved and Issued,"Clinical Biochemistry,Haematology,Clinical Pathology,Microbiology & Infectious disease serology",,MC-2365,29/11/2025,28/11/2029,,,Archive Applications,Oct 3 2026 7:30AM
72,M-1242,FRONTIER DIAGNOSTIC (DEPARTMENT OF LABORATORY SERVICES),nabl009201,2022,Medical,Renewal of Accreditation,Madhurjya Saikia,frontierdiagnostic@rediffmail.com,7640955190,LUMMER DAI ROAD,Arunachal Pradesh,Naharlagun,791110,Accreditation Certificate Approved and Issued,Clinical Biochemistry,,MC-6878,01/10/2024,30/09/2028,,,Archive Applications,Oct 3 2026 7:30AM
73,M-2059,"DEPARTMENT OF LABORATORY SERVICES, VELAMMAL MEDICAL COLLEGE HOSPITAL & RESEARCH INSTITUTE (UNIT OF VELAMMAL EDUCATIONAL TRUST)",nabl009205,2022,Medical,Renewal of Accreditation,SRIVIDHYA M,qmdls@velammalmedicalcollege.edu.in,9442238334,"VELAMMAL VILLAGE, TUTICORIN RING ROAD, ANUPPANADI",Tamil Nadu,Madurai,625009,Accreditation Certificate Approved and Issued,"Clinical Biochemistry,Cytopathology,Molecular Testing,Haematology,Histopathology,Microbiology & Infectious disease serology",,MC-5798,13/07/2025,12/07/2029,,,Archive Applications,Oct 3 2026 7:30AM
74,M-0354,LABORATORY OF KHANDELWAL HOSPITAL & UROLOGY CENTRE PVT.LTD,nabl009207,2022,Medical,Renewal of Accreditation,SARABJEET SINGH,ssarora36@gmail.com,9873292303,"B-16,MAIN ROAD, EAST KRISHNA NAGAR, SWARAN CINEMA ROAD, EAST",Delhi,Delhi,110051,Accreditation Certificate Approved and Issued,"Clinical Biochemistry,Haematology,Clinical Pathology",,MC-2382,29/08/2025,20/08/2029,,06/09/2025,Archive Applications,Oct 3 2026 7:30AM
75,M-1710,"GENERAL PATHOLOGY DEPARTMENT, CHRISTIAN MEDICAL COLLEGE, VELLORE",nabl009216,2022,Medical,Renewal of Accreditation,Meera Thomas,meerathomas@cmcvellore.ac.in,9894160892,CHRISTIAN MEDICAL COLLEGE,Tamil Nadu,Vellore,632004,Accreditation Certificate Approved and Issued,"Cytopathology,Cytogenetics,Molecular Diagnostics,Histopathology",,NABLM0626TN08124,13/06/2026,12/06/2030,,15/06/2026,Archive Applications,Oct 3 2026 7:30AM
76,M-1323,CAPITOL PATH LAB (CAPITOL HOSPITAL),nabl009281,2022,Medical,Renewal of Accreditation,MANJEET KAUR,capitolpathlab.nabl@gmail.com,9915546311,"CAPITOL HOSPITAL, JALANDHAR-PATHANKOT ROAD (NH-44)",Punjab,Jalandhar,144012,Accreditation Certificate Approved and Issued,"Clinical Biochemistry,Haematology,Histopathology,Clinical Pathology,Microbiology & Infectious disease serology",,MC-2317,01/08/2025,31/07/2029,,,Archive Applications,Oct 3 2026 7:30AM
77,M-1207,QUALILIFE DIAGNOSTICS,nabl009324,2022,Medical,Renewal of Accreditation,UMESH SURVE,qualilifediagnostix@gmail.com,9619444095,"BALAJI ARCADE, 1ST FLOOR, 544/A, NETAJI SUBHASH ROAD, MULUND (W)",Maharashtra,Mumbai,400080,Accreditation Certificate Approved and Issued,"Molecular Diagnostics,Microbiology & Infectious disease serology",,MC-7862,02/01/2026,01/01/2030,,,Shweta Sinha,Oct 3 2026 7:30AM
78,M-0375,DEPARTMENT OF LAB SCIENCES - BHAGWATI HOSPITAL,nabl009325,2022,Medical,Renewal of Accreditation,NARESH PAMNANI,bhagwatihospitalr13@gmail.com,9582116780,"CS/OCF-6,SEC-13, ROHINI",Delhi,Delhi,110085,Accreditation Certificate Approved and Issued,"Clinical Biochemistry,Haematology,Clinical Pathology,Microbiology & Infectious disease serology",",--Select Group--",MC-2703,09/12/2024,08/12/2028,,,Archive Applications,Oct 3 2026 7:30AM
79,M-1096,NIGHTINGALE DIAGNOSTIC AND MEDICARE CENTRE PRIVATE LIMITED (DEPARTMENT OF LABORATORY SERVICES),nabl009395,2022,Medical,Renewal of Accreditation,ARGHA BISWAS,admin@nightingalehospital.com,8240789700,"11, SHAKESPEARE SARANI",West Bengal,Kolkata,700071,Accreditation Certificate Approved and Issued,"Clinical Biochemistry,Molecular Diagnostics,Clinical Pathology,Haematology & Immunohaematology",,MC-2616,07/02/2026,06/02/2030,,,Shweta Sinha,Oct 3 2026 7:30AM
80,M-1446,ALKEM LABORATORIES LIMITED (BIOEQUIVALENCE CENTER) PATHOLOGY LABORATORY,nabl009398,2022,Medical,Renewal of Accreditation,Shabnam Hunerkar,shabnam.hunerkar@alkem.com,8356921372,"C-6/1, C-6/2, MIDC TALOJA, TALOJA, PANVEL",Maharashtra,Raigad,410208,Accreditation Certificate Approved and Issued,"Clinical Biochemistry,Haematology,Clinical Pathology,Microbiology & Infectious disease serology",,MC-2857,08/11/2025,07/11/2029,,,Archive Applications,Oct 3 2026 7:30AM
81,M-1820,SUNFLOWER LABORATORY AND DIAGNOSTIC CENTER,nabl009439,2022,Medical,Renewal of Accreditation,DEEPA CHAWDA,sunflower_lab@hotmail.com,9892974740,"FIRST FLOOR, KESHAV KUNJ, MARVE ROAD, MALAD WEST",Maharashtra,Mumbai,400064,Accreditation Certificate Approved and Issued,"Clinical Biochemistry,Molecular Diagnostics,Clinical Pathology,Microbiology & Infectious disease serology,Haematology & Immunohaematology",",--No Data--",MC-3335,09/06/2026,08/06/2030,,,Shweta Sinha,Oct 3 2026 7:30AM
82,M-1411,METROPOLIS HEALTHCARE LIMITED,nabl009444,2022,Medical,Scope Extension,Reena Vachhani,reenavachhani.rjt@metropolisindia.com,9825318123,"SAFAL-3, SWAMI VIVEKANANDA ROAD",Gujarat,Rajkot,360001,Accreditation Certificate Approved and Issued,"Clinical Biochemistry,Cytopathology,Molecular Diagnostics,Histopathology,Clinical Pathology,Microbiology & Infectious disease serology,Haematology & Immunohaematology",",--Select Group--",MC-2724,21/05/2025,20/05/2029,,10/08/2026,Archive Applications,Oct 3 2026 7:30AM
83,M-0768,CHANDAN DIAGNOSTIC CENTRE (A UNIT OF CHANDAN HEALTHCARE LTD),nabl009449,2022,Medical,Renewal of Accreditation,BRAHM PRAKASH,brahm1976@gmail.com,9839901158,"PLOT NO.151, NAINITAL ROAD",Uttarakhand,Haldwani,263139,Accreditation Certificate Approved and Issued,"Clinical Biochemistry,Haematology,Clinical Pathology",,MC-7039,19/12/2024,18/12/2028,,,Archive Applications,Oct 3 2026 7:30AM
84,M-1473,"LABORATORY MEDICINE, CYTECARE HOSPITALS PRIVATE LIMITED",nabl009469,2022,Medical,Renewal of Accreditation,Dinakaran,labquality@cytecare.com,8549815243,"VENKATALA, YELAHANKA",Karnataka,Bengaluru,560064,Accreditation Certificate Approved and Issued,"Clinical Biochemistry,Cytopathology,Haematology,Histopathology,Clinical Pathology,Microbiology & Infectious disease serology",,MC-5961,08/09/2025,07/09/2029,,03/10/2025,Archive Applications,Oct 3 2026 7:30AM
85,M-0767,CAPITAL X-RAY & SCAN CLINIC,nabl009498,2022,Medical,Renewal of Accreditation,RAJNESH TANEJA,capital.xray@yahoo.in,9911226464,"C-3, NEW KRISHNA PARK, MAIN NAJAFGARH ROAD",Delhi,New Delhi,110018,Accreditation Certificate Approved and Issued,"Clinical Biochemistry,Haematology,Clinical Pathology",,MC-2698,27/04/2025,26/04/2029,,,Archive Applications,Oct 3 2026 7:30AM
86,M-1114,APOORVA DIAGNOSTIC & HEALTHCARE ( A UNIT OF VITTAL'S MEDICARE PRIVATE LIMITED),nabl009506,2022,Medical,NABL 201,Dharani S,blrlab@apoorvahealthcare.com,9886108047,"190/1, 6TH MAIN ROAD, DEFENCE COLONY, INDIRANAGAR",Karnataka,Bengaluru,560038,Accreditation Certificate Approved and Issued,"Clinical Biochemistry,Cytopathology,Histopathology,Clinical Pathology,Microbiology & Infectious disease serology,Haematology & Immunohaematology",,MC-7828,17/12/2025,16/12/2029,,27/03/2026,Archive Applications,Oct 3 2026 7:30AM
87,M-1199,CHANDAN SPECIALITY LAB (A UNIT OF CHANDAN HEALTHCARE LIMITED),nabl009536,2022,Medical,Scope Extension,BRAHM PRAKASH,bp@chandan.co.in,9839901158,"BIOTECH PARK, KURSI ROAD, SEC-G, JANKIPURAM",Uttar Pradesh,Lucknow,226021,Accreditation Certificate Approved and Issued,"Clinical Biochemistry,Molecular Testing,Haematology,Histopathology,Clinical Pathology,Microbiology & Infectious disease serology",,MC-7122,21/01/2025,20/01/2029,,29/07/2025,Archive Applications,Oct 3 2026 7:30AM
88,M-0783,CHANDAN DIAGNOSTIC CENTRE (A UNIT OF CHANDAN HEALTHCARE LTD),nabl009537,2022,Medical,Renewal of Accreditation,BRAHM PRAKASH,BP@CHANDAN.CO.IN,9454444434,"MUKUT COMPLEX, REKABGANJ",Uttar Pradesh,Faizabad,224001,Accreditation Certificate Approved and Issued,Clinical Biochemistry,,MC-7022,09/12/2024,08/12/2028,,,Archive Applications,Oct 3 2026 7:30AM
89,M-1258,"APOLLO HEALTH AND LIFESTYLE LIMITED - VISAKHAPATNAM, DIAGNOSTICS LABORATORY",nabl009557,2022,Medical,Renewal of Accreditation,NARENDRA VADLAMUDI,narendra.v@apollohl.com,9000148346,"PLOT NO- MIG-76, SECTOR-3, D.NO: 1-83-18/1/1, DOUBLE ROAD, MVP COLONY",Andhra Pradesh,Visakhapatnam,530017,Accreditation Certificate Approved and Issued,"Clinical Biochemistry,Haematology,Clinical Pathology",,MC-2373,11/11/2024,08/11/2028,,03/12/2024,Archive Applications,Oct 3 2026 7:30AM
90,M-1478,"NATIONAL REFERENCE LABORATORY-TB, ICMR -REGIONAL MEDICAL RESEARCH CENTRE, BHUBANESWAR",nabl009584,2022,Medical,Renewal of Accreditation,Jyotirmayee Turuk,nrlbmcrmrc@rntcp.org,7653915589,"ICMR- REGIONAL MEDICAL RESEARCH CENTRE, CHANDRASEKHARPUR",Odisha,Bhubaneswar,751023,Accreditation Certificate Approved and Issued,"Molecular Diagnostics,Microbiology & Infectious disease serology",,MC-2876,10/01/2026,09/01/2030,,16/01/2026,Shweta Sinha,Oct 3 2026 7:30AM
91,M-0619,"SSB CENTRAL HOSPITAL AND RESEARCH CENTRE LTD, LABORATORY",nabl009612,2022,Medical,Renewal of Accreditation,Aruna Aggarwal,aruna.aggarwal85@gmail.com,9717340366,"69, SECTOR 20 A, AJRONDA CHOWK",Haryana,Faridabad,121001,Accreditation Certificate Approved and Issued,"Clinical Biochemistry,Haematology,Clinical Pathology,Microbiology & Infectious disease serology",,MC-2360,23/09/2025,22/09/2029,,,Archive Applications,Oct 3 2026 7:30AM
92,M-0800,METROPOLIS HEALTHCARE LimiTeD,nabl009632,2022,Medical,NABL 201,Yogita Gupta,yogita.n@metropolisindia.com,9560326488,"PLOT NO. E-21, BLOCK NO. B-1, MOHAN CO-OPERATIVE INDUSTRIAL ESTATE LTD.",Delhi,Delhi,110044,Accreditation Certificate Approved and Issued,"Clinical Biochemistry,Molecular Diagnostics,Clinical Pathology,Flow Cytometry,Microbiology & Infectious disease serology,Haematology & Immunohaematology",",--Select Group--",MC-2676,05/04/2026,04/04/2030,,07/07/2026,Archive Applications,Oct 3 2026 7:30AM
93,M-0508,"NATIONAL HIV REFERENCE LABORATORY & NACO RRL FOR HIV VIRAL LOAD AND EARLY INFANT DIAGNOSIS, DEPARTMENT OF MICROBIOLOGY",nabl009649,2022,Medical,Renewal of Accreditation,Ashutosh Sharma,nrl.aiims@gmail.com,9958513213,"ROOM NO-2062, SECOND FLOOR, DEPARTMENT OF MICROBIOLOGY, ALL INDIA INSTITUTE OF MEDICAL SCIENCES",Delhi,New Delhi,110029,Accreditation Certificate Approved and Issued,"Molecular Testing,Flow Cytometry,Microbiology & Infectious disease serology",,MC-2472,11/07/2025,10/07/2029,,,Archive Applications,Oct 3 2026 7:30AM
94,M-1325,NIDAN DIAGNOSTIC CENTRE (DEPARTMENT OF LABORATORY SERVICES),nabl009651,2022,Medical,Renewal of Accreditation,S K MATHUR,mathursk59@gmail.com,9415002234,"4/31, VIVEK KHAND GOMTI NAGAR",Uttar Pradesh,Lucknow,226010,Accreditation Certificate Approved and Issued,"Clinical Biochemistry,Haematology,Clinical Pathology,Haematology & Immunohaematology",,MC-6020,03/10/2025,28/09/2029,,28/06/2026,Shweta Sinha,Oct 3 2026 7:30AM
95,M-0743,RAPTIM RESEARCH PRIVATE LIMITED,nabl009679,2022,Medical,Renewal of Accreditation,USHA RAMAKRISHNAN,usha.ramakrishnan@raptimresearch.com,9833606965,"A-226, M.I.D.C.,T.T.C.INDUSTRIAL AREA,MAHAPE",Maharashtra,Navi Mumbai,400710,Accreditation Certificate Approved and Issued,"Clinical Biochemistry,Clinical Pathology,Microbiology & Infectious disease serology,Haematology & Immunohaematology",,NABLM0626MH08139,19/06/2026,18/06/2030,,,Gayathri S,Oct 3 2026 7:30AM
96,M-0976,MOLQ LABORATORY (A UNIT OF MOLECULAR QUEST HEALTHCARE PRIVATE LIMITED),nabl009698,2022,Medical,Renewal of Accreditation,JATINDER KAUR,jatinkaur@gmail.com,9810469120,"PLOT 28, 29, SECTOR 18(P), ELECTRONI CITY, UDYOG VIHAR PHASE-IV",Haryana,Gurgaon,122015,Accreditation Certificate Approved and Issued,"Clinical Biochemistry,Cytopathology,Molecular Diagnostics,Histopathology,Clinical Pathology,Microbiology & Infectious disease serology,Haematology & Immunohaematology",,MC-6324,15/02/2026,14/02/2030,,24/02/2026,Shweta Sinha,Oct 3 2026 7:30AM
97,M-1745,LIKHITHA'S DIAGNOSTICS AND SPECIALITY LAB,nabl009724,2022,Medical,Renewal of Accreditation,Hanmant Jadhav,likhithaskphb@gmail.com,8639830362,"MIG 15-24-252, ROAD NO.4, KPHB COLONY",Telangana,Hyderabad,500072,Accreditation Certificate Approved and Issued,"Clinical Biochemistry,Haematology,Clinical Pathology,Microbiology & Infectious disease serology",,MC-3234,29/11/2024,28/11/2028,,,Archive Applications,Oct 3 2026 7:30AM
98,M-1386,"KASTURBA HOSPITAL LABORATORY SERVICES, KASTURBA HOSPITAL",nabl009729,2022,Medical,Renewal of Accreditation,RAVINDRA MARADI,ravi.maradi@manipal.edu,9448767663,MADHAVANAGAR,Karnataka,Manipal,576104,Accreditation Certificate Approved and Issued,"Clinical Biochemistry,Cytopathology,Molecular Diagnostics,Histopathology,Clinical Pathology,Flow Cytometry,Microbiology & Infectious disease serology,Haematology & Immunohaematology",,MC-2593,07/02/2026,06/02/2030,,09/02/2026,Archive Applications,Oct 3 2026 7:30AM
99,M-0997,"LABORATORY SERVICES, CHIMERA TRANSPLANT RESEARCH FOUNDATION",nabl009739,2022,Medical,Renewal of Accreditation,VIKASH C MISHRA,vikash.genebandhu@gmail.com,7042193187,"209C, II AND III FLOOR, MASJID MOTH, SOUTH EXTENSION PART II",Delhi,New Delhi,110049,Accreditation Certificate Approved and Issued,Molecular Testing,,MC-2294,14/08/2025,13/08/2029,,,Archive Applications,Oct 3 2026 7:30AM
100,M-1277,APOLLO HEALTH AND LIFESTYLE LIMITED- WARANGAL DIAGNOSTICS LABORATORY,nabl009742,2022,Medical,Renewal of Accreditation,Narendra Vadlamudi,narendra.v@apollohl.com,9000148346,"2-5-850,2-5-227, CIRCUIT HOUSE ROAD",Telangana,Warangal,506002,Accreditation Certificate Approved and Issued,"Clinical Biochemistry,Haematology,Clinical Pathology",,MC-6809,03/10/2024,02/10/2028,,,Archive Applications,Oct 3 2026 7:30AM
1,M-1736,KD HOSPITAL PATHOLOGY LABORATORY,nabl009746,2022,Medical,Scope Extension,Masum Bhavsar,bhavsarmasum@gmail.com,9904301397,"AT VAISHNOVDEVI CIRCLE, S G HIGHWAY",Gujarat,Ahmedabad,382421,Accreditation Certificate Approved and Issued,"Clinical Biochemistry,Clinical Pathology,Microbiology & Infectious disease serology,Haematology & Immunohaematology",",--Select Group--",MC-3264,15/11/2024,14/11/2028,,16/06/2026,Shweta Sinha,Oct 3 2026 7:30AM
2,M-1524,"DEPARTMENT OF MICROBIOLOGY, ARMED FORCES MEDICAL COLLEGE",nabl009754,2022,Medical,Renewal of Accreditation,Sunita Patil,drsunipat@gmail.com,9880260592,PUNE SOLAPUR ROAD,Maharashtra,Pune,411040,Accreditation Certificate Approved and Issued,"Flow Cytometry,Microbiology & Infectious disease serology",,MC-6012,26/09/2025,25/09/2029,,,Archive Applications,Oct 3 2026 7:30AM
3,M-1787,CENTRAL CLINICAL LABORATORY - KARPAGA VINAYAGA INSTITUTE OF MEDICAL SCIENCES AND RESEARCH CENTRE,nabl009764,2022,Medical,Renewal of Accreditation,SANTHOSH VISWAN,kimscl2018@gmail.com,9025162995,"GST ROAD, CHINNAKOLAMBAKKAM",Tamil Nadu,Maduranthakam,603308,Accreditation Certificate Approved and Issued,"Clinical Biochemistry,Molecular Diagnostics,Clinical Pathology,Microbiology & Infectious disease serology,Haematology & Immunohaematology",,MC-3265,10/01/2026,09/01/2030,,,Archive Applications,Oct 3 2026 7:30AM
4,M-1494,BANSAL ENDOCRINOLOGY & CLINICAL LAB,nabl009833,2022,Medical,Renewal of Accreditation,SAHIL BANSAL,sahil1248@gmail.com,9915333613,"188-A, TAGORE NAGAR, CIVIL LINES",Punjab,Ludhiana,141001,Accreditation Certificate Approved and Issued,"Clinical Biochemistry,Clinical Pathology,Microbiology & Infectious disease serology,Haematology & Immunohaematology",",--Select Group--",MC-6233,03/01/2026,02/01/2030,,10/01/2026,Shweta Sinha,Oct 3 2026 7:30AM
5,M-0864,APEX REGIONAL STD LABORATORY AND STATE REFERENCE LABORATORY FOR HIV- SAFDARJUNG HOSPITAL,nabl009838,2022,Medical,Renewal of Accreditation,SUMATHI MURALIDHAR,sumu3579@yahoo.com,9810478467,"ROOM NO.554, C-WING, 5TH FLOOR OPD BUILDING, SAFDARJUNG HOSPITAL, ANSARI NAGAR(WEST)",Delhi,New Delhi,110029,Accreditation Certificate Approved and Issued,"Flow Cytometry,Microbiology & Infectious disease serology",,MC-5795,11/07/2025,10/07/2029,,,Archive Applications,Oct 3 2026 7:30AM
6,M-0476,"LAB SERVICES, MATA CHANAN DEVI HOSPITAL",nabl009839,2022,Medical,Renewal of Accreditation,MEGHA VIJ,mcdhlab@gmail.com,9811992810,"C-1, JANAKPURI, NEW DELHI",Delhi,Delhi,110058,Accreditation Certificate Approved and Issued,"Clinical Biochemistry,Molecular Diagnostics,Clinical Pathology,Microbiology & Infectious disease serology,Haematology & Immunohaematology",",--Select Group--",MC-8083,11/05/2026,10/05/2030,,,Archive Applications,Oct 3 2026 7:30AM
7,M-0148,"MAXLAB, MAX SUPER SPECIALITY HOSPITAL, UNIT OF MAX HEALTHCARE INSTITUTE LTD.",nabl009861,2022,Medical,Renewal of Accreditation,DILIP KUMAR,dkumar@maxhealthcare.com,9810758472,"1, PRESS ENCLAVE ROAD, SAKET",Delhi,New Delhi,110017,Accreditation Certificate Approved and Issued,"Clinical Biochemistry,Cytopathology,Molecular Testing,Cytogenetics,Haematology,Histopathology,Clinical Pathology,Flow Cytometry,Microbiology & Infectious disease serology",,MC-2714,31/03/2025,30/03/2029,,11/04/2025,Archive Applications,Oct 3 2026 7:30AM
8,M-1526,PATHKIND DIAGNOSTICS PVT LTD,nabl009903,2022,Medical,Renewal of Accreditation,Amit Kumar,labops.meerut@pathkindlabs.com,8894334100,"8,9, COLLEGE ROAD",Uttar Pradesh,Meerut,250002,Accreditation Certificate Approved and Issued,"Clinical Biochemistry,Haematology,Clinical Pathology,Microbiology & Infectious disease serology",",--Select Group--",MC-2835,29/06/2025,28/06/2029,,,Archive Applications,Oct 3 2026 7:30AM
9,M-0558,"DEPARTMENT OF NEUROVIROLOGY, NIMHANS",nabl009914,2022,Medical,Renewal of Accreditation,Manjunatha M V,manjuvswamy@gmail.com,9632448208,"NATIONAL INSTITUTE OF MENTAL HEALTH AND NEUROSCIENCES (NIMHANS), HOSUR ROAD",Karnataka,Bengaluru,560029,Accreditation Certificate Approved and Issued,"Molecular Testing,Flow Cytometry,Microbiology & Infectious disease serology",,MC-7685,13/10/2025,12/10/2029,,,Archive Applications,Oct 3 2026 7:30AM
10,M-1547,DR. JARIWALA LABORATORY & DIAGNOSTICS LLP,nabl009951,2022,Medical,Renewal of Accreditation,BHARAT SHAH,bharat_neki@yahoo.com,9833375754,"1ST FLOOR, RASRAJ HEIGHTS, ROKADIA LANE, BORIVLI W",Maharashtra,Mumbai,400092,Accreditation Certificate Approved and Issued,"Clinical Biochemistry,Molecular Testing,Haematology,Clinical Pathology,Microbiology & Infectious disease serology",,MC-5970,08/09/2025,07/09/2029,,18/09/2025,Archive Applications,Oct 3 2026 7:30AM
11,M-0374,METRO HEART INSTITUTE WITH MULTISPECIALITY (A UNIT OF METRO SPECIALITY HOSPITALS PVT. LTD.) - LABORATORY SERVICES,nabl009963,2022,Medical,Renewal of Accreditation,MEENU PUJANI,drmeenupujani@gmail.com,9818538609,SECTOR 16A,Haryana,Faridabad,121002,Accreditation Certificate Approved and Issued,"Clinical Biochemistry,Haematology,Clinical Pathology",,MC-6936,01/11/2024,31/10/2028,,,Archive Applications,Oct 3 2026 7:30AM
12,M-1444,ANDHRA HOSPITALS (VIJAYAWADA) PVT. LTD. - CENTRAL LABORATORY,nabl009989,2022,Medical,Renewal of Accreditation,R Swamy,ahclabnabl@gmail.com,9290310069,"D.NO: 29-4-54K, CSI COMPLEX, 1ST FLOOR, RAMACHANDRAO ROAD, GOVERNERPETA",Andhra Pradesh,Vijayawada,520002,Accreditation Certificate Approved and Issued,"Clinical Biochemistry,Haematology,Clinical Pathology,Microbiology & Infectious disease serology",,MC-5832,25/07/2025,24/07/2029,,,Archive Applications,Oct 3 2026 7:30AM
13,M-1712,HIV TESTING LABORATORY,nabl010000,2022,Medical,Renewal of Accreditation,Kavitha Paul Konikkara,srlalpy@gmail.com,8943688980,"DEPARTMENT OF MICROBIOLOGY, GOVT. T.D. MEDICAL COLLEGE, VANDANAM",Kerala,Alappuzha,688005,Accreditation Certificate Approved and Issued,"Flow Cytometry,Microbiology & Infectious disease serology",,MC-7863,02/01/2026,01/01/2030,,,Shweta Sinha,Oct 3 2026 7:30AM
14,M-0570,"PATHOLOGY LABORATORY, SHEKHAR HOSPITAL PRIVATE LIMITED",nabl010034,2022,Medical,Renewal of Accreditation,ANKITA KATARA,mail@shekharhospital.com,9956398911,"B BLOCK, GANGA MARG, INDIRA NAGAR",Uttar Pradesh,Lucknow,226016,Accreditation Certificate Approved and Issued,"Clinical Biochemistry,Clinical Pathology,Haematology & Immunohaematology",,MC-8030,07/04/2026,06/04/2030,,,Gayathri S,Oct 3 2026 7:30AM
15,M-0876,CURE WELL LABORATORY,nabl010048,2022,Medical,Renewal of Accreditation,SUCHISMITA PANDA,cure_well@yahoo.com,9937288188,"KATHAGOLA ROAD, MANGALABAG",Odisha,Cuttack,753001,Accreditation Certificate Approved and Issued,"Clinical Biochemistry,Haematology,Clinical Pathology,Microbiology & Infectious disease serology",,MC-2760,17/12/2025,16/12/2029,,06/01/2026,Archive Applications,Oct 3 2026 7:30AM
16,M-0293,"CHARNOCK HOSPITALS PRIVATE LIMITED, DEPARTMENT OF PATHOLOGY",nabl010100,2022,Medical,Renewal of Accreditation,Atrayee Roy Choudhuri,atrayee23sept@gmail.com,9874971660,"BMC-AS/125, MAJOR ARTERIAL ROAD",West Bengal,Kolkata,700157,Accreditation Certificate Approved and Issued,"Clinical Biochemistry,Cytopathology,Molecular Testing,Haematology,Clinical Pathology,Microbiology & Infectious disease serology",,MC-2210,03/10/2024,02/10/2028,,17/10/2024,Archive Applications,Oct 3 2026 7:30AM
17,M-1708,"DEPARTMENT OF LAB MEDICINE, INDUS SUPERSPECIALITY HEALTHCARE PRIVATE LIMITED",nabl010110,2022,Medical,Renewal of Accreditation,Aprajita Chauhan,gmhco@indushospitals.com,9418525857,"INDUS INTERNATIONAL HOSPITAL, CHANDIGARH-AMBALA ROAD, NATIONAL HIGHWAY-22, DERA BASSI",Punjab,Mohali,140507,Accreditation Certificate Approved and Issued,"Clinical Biochemistry,Cytopathology,Molecular Testing,Haematology,Histopathology,Clinical Pathology,Microbiology & Infectious disease serology",,MC-3266,15/11/2025,14/11/2029,,,Archive Applications,Oct 3 2026 7:30AM
18,M-2058,"DEPARTMENT OF LABORATORY MEDICINE, CARE HOSPITALS (A UNIT OF QUALITY CARE INDIA LIMITED)",nabl010141,2022,Medical,Renewal of Accreditation,Sudhi Ranjan Misra,dr.sudhiranjan.mishra@carehospitals.com,9437100306,"CARE HOSPITALS, PRACHI ENCLAVE, CHANDRASHEKHARPUR, KHORDHA",Odisha,Bhubaneswar,751016,Accreditation Certificate Approved and Issued,"Clinical Biochemistry,Cytopathology,Haematology,Clinical Pathology,Microbiology & Infectious disease serology",,MC-5711,06/06/2025,05/06/2029,,,Archive Applications,Oct 3 2026 7:30AM
19,M-0948,AMERICAN INSTITUTE OF PATHOLOGY AND LABORATORY SCIENCES Private LIMITED,nabl010151,2022,Medical,Renewal of Accreditation,Harshavardhan Balusu,harshab@ampath.com,9010134777,"DOOR NO.1-100/1/CCH, SECOND FLOOR, AT CITIZENS HOSPITAL, NALLAGANDLA, SERILINGAMPALLY",Telangana,Hyderabad,500019,Accreditation Certificate Approved and Issued,"Clinical Biochemistry,Cytopathology,Molecular Testing,Cytogenetics,Haematology,Histopathology,Clinical Pathology,Flow Cytometry,Microbiology & Infectious disease serology",,MC-2751,21/06/2025,20/06/2029,,13/08/2025,Shweta Sinha,Oct 3 2026 7:30AM
20,M-1748,"HIV TESTING LABORATORY (GOVT. MEDICAL COLLEGE, THIRUVANANTHAPURAM)",nabl010158,2022,Medical,Renewal of Accreditation,DR M C SATHYA BHAMA,srltvpm@gmail.com,9746766324,"DEPARTMENT OF MICROBIOLOGY, SECOND FLOOR, COLLEGE CAMPUS, GOVERNMENT MEDICAL COLLEGE",Kerala,Thiruvananthapuram,695011,Accreditation Certificate Approved and Issued,"Flow Cytometry,Microbiology & Infectious disease serology",,MC-6303,02/02/2026,01/02/2030,,13/02/2026,Shweta Sinha,Oct 3 2026 7:30AM
21,M-1316,APOLLO HEALTH AND LIFESTYLE LIMITED - SECUNDRABAD DIAGNOSTICS LABORATORY,nabl010173,2022,Medical,Renewal of Accreditation,Narendra Vadlamudi,narendra.v@apollohl.com,9000148346,"38A & 38B, IDA BALANAGAR, MEDCHAL (MALKAJGIRI)",Telangana,Hyderabad,500037,Accreditation Certificate Approved and Issued,"Clinical Biochemistry,Cytopathology,Molecular Testing,Cytogenetics,Haematology,Histopathology,Clinical Pathology,Flow Cytometry,Microbiology & Infectious disease serology",,MC-2438,31/03/2025,30/03/2029,,07/04/2025,Archive Applications,Oct 3 2026 7:30AM
22,M-0819,NATIONAL REFERENCE LABORATORY (NRL) -NATIONAL INSTITUTE OF IMMUNOHAEMATOLOGY(NIIH),nabl010239,2022,Medical,Renewal of Accreditation,Anindita Banerjee,nrlniih@gmail.com,9830476354,"13TH FLOOR, NEW MULTISTORYED BUILDING, K. E. M. HOSPITAL, PAREL",Maharashtra,Mumbai,400012,Accreditation Certificate Approved and Issued,Microbiology & Infectious disease serology,,MC-8031,07/04/2026,06/04/2030,,,Shweta Sinha,Oct 3 2026 7:30AM
23,M-1716,GENU PATH LABS LIMITED,nabl010253,2022,Medical,Renewal of Accreditation,BHASKAR BHATTACHARYA,dr.bbhattacharya@genupathlabs.com,7980453035,"INNOVATION TOWERS PREMISES NO. 16-315, PLOT NO DH 6/32, ACTION AREA -1D, NEWTOWN, RAJARHAT",West Bengal,Kolkata,700156,Accreditation Certificate Approved and Issued,"Clinical Biochemistry,Haematology,Clinical Pathology,Microbiology & Infectious disease serology",,MC-3205,25/08/2025,24/08/2029,,29/08/2025,Archive Applications,Oct 3 2026 7:30AM
24,M-0329,"DEPARTMENT OF VIROLOGY, CHRISTIAN MEDICAL COLLEGE",nabl010266,2022,Medical,Onsite Surveillance,JOHN PAUL DEMOSTHENES,johndemo@cmcvellore.ac.in,9566636432,"9TH FLOOR, ASHA BUILDING, IDA SCUDDER ROAD",Tamil Nadu,Vellore,632004,Accreditation Certificate Approved and Issued,"Molecular Diagnostics,Flow Cytometry,Microbiology & Infectious disease serology",,MC-5926,28/08/2025,27/08/2029,,19/09/2026,Gayathri S,Oct 3 2026 7:30AM
25,M-1810,MADRAS MEDICAL COLLEGE AND RAJIV GANDHI GOVERNMENT GENERAL HOSPITAL - PATHOLOGY LAB,nabl010267,2022,Medical,Renewal of Accreditation,S Preetha,mmcpath.rggh@gmail.com,9843936539,"INSTITUTE OF PATHOLOGY, MADRAS MEDICAL COLLEGE",Tamil Nadu,Chennai,600003,Accreditation Certificate Approved and Issued,"Cytopathology,Histopathology,Clinical Pathology,Haematology & Immunohaematology",,MC-8067,30/04/2026,29/04/2030,,,Shweta Sinha,Oct 3 2026 7:30AM
26,M-1766,MALLA REDDY NARAYANA MULTI SPECIALITY HOSPITAL CENTRAL CLINICAL LABORATORY (A UNIT OF CHANDRAMMA EDUCATIONAL SOCIETY),nabl010351,2022,Medical,Renewal of Accreditation,SWATHI CM,mrnhlabnabl@gmail.com,9440433632,"DOOR NO: 1-1-216, SURARAM X ROAD",Telangana,Hyderabad,500055,Accreditation Certificate Approved and Issued,"Clinical Biochemistry,Molecular Diagnostics,Clinical Pathology,Microbiology & Infectious disease serology,Haematology & Immunohaematology",,MC-3295,14/04/2026,13/04/2030,,21/04/2026,Archive Applications,Oct 3 2026 7:30AM
27,M-1442,HEALTHCARE 24X7 PATHOLOGY & ENDOCRINE LABORATORY,nabl010405,2022,Medical,Renewal of Accreditation,HIRAL B FALDU,healthcarelab.qms@gmail.com,9825348409,"102, AISHWARYA COMPLEX, ISANPUR ROAD, 2-PRAKASHNAGAR SOCIETY, MANINAGAR",Gujarat,Ahmedabad,380008,Accreditation Certificate Approved and Issued,"Clinical Biochemistry,Haematology,Clinical Pathology,Microbiology & Infectious disease serology",,MC-2790,22/06/2025,21/06/2029,,,Archive Applications,Oct 3 2026 7:30AM
28,M-1747,"DEPARTMENT OF LABORATORY MEDICINE, PRS HOSPITAL PRIVATE LIMITED",nabl010430,2022,Medical,Renewal of Accreditation,Aswathy G S,lab.admin@prshospital.com,6282019310,"TC21/53, KILLIPPALAM",Kerala,Thiruvananthapuram,695002,Accreditation Certificate Approved and Issued,"Clinical Biochemistry,Molecular Testing,Haematology,Clinical Pathology,Microbiology & Infectious disease serology",,MC-3258,26/01/2025,25/01/2029,,27/01/2025,Archive Applications,Oct 3 2026 7:30AM
29,M-0228,NEOTIA MEDIPLUS - A UNIT OF PARK HOSPITALS,nabl010457,2022,Medical,Renewal of Accreditation,SUMITA RAY,sumita.r@neotiahealthcare.com,9830161312,"2, RAWDON STREET",West Bengal,Kolkata,700017,Accreditation Certificate Approved and Issued,"Clinical Biochemistry,Cytopathology,Haematology,Clinical Pathology,Microbiology & Infectious disease serology",,MC-2406,01/01/2026,31/12/2029,,,Archive Applications,Oct 3 2026 7:30AM
30,M-0854,"DEPARTMENT OF NEUROPATHOLOGY, NATIONAL INSTITUTE OF MENTAL HEALTH AND NEUROSCIENCES (NIMHANS)",nabl010511,2022,Medical,Renewal of Accreditation,Nandeesh BN,nandeeshbn@gmail.com,9886489386,HOSUR ROAD,Karnataka,Bengaluru,560029,Accreditation Certificate Approved and Issued,Histopathology,,MC-5884,22/08/2025,08/08/2029,,29/08/2025,Archive Applications,Oct 3 2026 7:30AM
31,M-1789,ONCQUEST LABORATORIES LIMITED,nabl010512,2022,Medical,Renewal of Accreditation,Dr.Gale Kathleen,gale.edward@oncquest.net,9901994545,"1012/22, 26TH MAIN, 4TH 'T' BLOCK, JAYANAGAR",Karnataka,Bengaluru,560041,Accreditation Certificate Approved and Issued,"Clinical Biochemistry,Histopathology,Clinical Pathology,Haematology & Immunohaematology",,MC-3296,09/04/2026,08/04/2030,,,Archive Applications,Oct 3 2026 7:30AM
32,M-1720,"DEPARTMENT OF PATHOLOGY, ARMED FORCES MEDICAL COLLEGE",nabl010575,2022,Medical,Renewal of Accreditation,S Venkatesan,dopafmcpune@gmail.com,9560627448,"DIAMOND JUBILEE BLOCK, OLD SOLAPUR ROAD, WANOWRIE",Maharashtra,Pune,411040,Accreditation Certificate Approved and Issued,Haematology & Immunohaematology,,MC-6426,27/03/2026,26/03/2030,,,Shweta Sinha,Oct 3 2026 7:30AM
33,M-1741,BHOR DIAGNOSTIC CENTRE,nabl010579,2022,Medical,Renewal of Accreditation,ARCHANA GUPTA,bhordiagnostics@gmail.com,9876136269,"SHOP NO.108, JLPL, SECTOR-82",Punjab,Mohali,160055,Accreditation Certificate Approved and Issued,"Clinical Biochemistry,Haematology",,MC-3250,17/10/2024,16/10/2028,,,Archive Applications,Oct 3 2026 7:30AM
34,M-0243,NATIONAL HEART INSTITUTE-LABORATORY,nabl010585,2022,Medical,Renewal of Accreditation,RACHNA SINGH,rachna.singh@nhi.in,9811747020,"49-50, COMMUNITY CENTER, EAST OF KAILASH",Delhi,New Delhi,110065,Accreditation Certificate Approved and Issued,"Clinical Biochemistry,Haematology,Clinical Pathology,Microbiology & Infectious disease serology",,MC-2345,14/10/2025,13/10/2029,,,Archive Applications,Oct 3 2026 7:30AM
35,M-1389,SANT PARMANAND HOSPITAL LABORATORY,nabl010586,2022,Medical,Onsite Surveillance,Beena Augustine,lab@sphdelhi.org,9811826638,"18, SHAM NATH MARG, CIVIL LINES, NEW DELHI",Delhi,Delhi,110054,Accreditation Certificate Approved and Issued,"Clinical Biochemistry,Clinical Pathology,Microbiology & Infectious disease serology,Haematology & Immunohaematology",,MC-2663,23/03/2025,22/03/2029,,16/04/2026,Archive Applications,Oct 3 2026 7:30AM
36,M-1738,VINAYAKA DEPARTMENT OF MEDICAL LABORATORY,nabl010604,2022,Medical,Renewal of Accreditation,DHANYA K,sarnam92vnk@gmail.com,9544457660,VINAYAKA HOSPITAL,Kerala,Sulthan Bathery,673592,Accreditation Certificate Approved and Issued,Clinical Biochemistry,,MC-1014,21/04/2025,20/04/2029,,,Archive Applications,Oct 3 2026 7:30AM
37,M-1722,NU-MED LABS,nabl010605,2022,Medical,Renewal of Accreditation,JAGADEESAN,qualityatnml@gmail.com,9840247171,15A NELLUKARA STREET,Tamil Nadu,Kanchipuram,631502,Accreditation Certificate Approved and Issued,"Clinical Biochemistry,MI CAB - CT,MI CAB - Interventional Radiology,MI CAB - Ultrasound and Color Doppler,MI CAB - Projectional Radiography and Fluoroscopy,Haematology,Clinical Pathology,Microbiology & Infectious disease serology",,MC-3225,27/02/2025,07/12/2028,,06/03/2025,Archive Applications,Oct 3 2026 7:30AM
38,M-1723,EASTERN CLINICAL COMPLEX (DEPARTMENT OF PATHOLOGY),nabl010621,2022,Medical,Renewal of Accreditation,POULAMI SAHA,poulami90saha@gmail.com,9836313649,"285/1, S. K. DEB ROAD",West Bengal,Kolkata,700048,Accreditation Certificate Approved and Issued,"Clinical Biochemistry,Haematology,Clinical Pathology,Microbiology & Infectious disease serology",,MC-3236,19/09/2025,18/09/2029,,,Archive Applications,Oct 3 2026 7:30AM
39,M-2954,"DEPARTMENT OF LAB MEDICINE, MANIPAL HOSPITALS Private Limited",nabl010649,2022,Medical,Renewal of Accreditation,Daisy Sharma,quality.patiala@manipalhospitals.com,8194859933,BHUPINDRA ROAD,Punjab,Patiala,147001,Accreditation Certificate Approved and Issued,"Clinical Biochemistry,Cytopathology,Histopathology,Clinical Pathology,Microbiology & Infectious disease serology,Haematology & Immunohaematology",",--Select Group--",NABLM0626PB08117,24/08/2026,23/08/2030,,,Shweta Sinha,Oct 3 2026 7:30AM
40,M-0827,PESIMSR CENTRAL LABORATORIES,nabl010677,2022,Medical,Renewal of Accreditation,PRAVEEN EP,biochemistry.lab@pesimsr.pes.edu,7974943960,CHITTOOR,Andhra Pradesh,Kuppam,517425,Accreditation Certificate Approved and Issued,"Clinical Biochemistry,Cytopathology,Molecular Diagnostics,Histopathology,Clinical Pathology,Microbiology & Infectious disease serology,Haematology & Immunohaematology",,MC-7884,16/01/2026,15/01/2030,,,Archive Applications,Oct 3 2026 7:30AM
41,M-1894,MARUTI PATHOLOGY LABORATORY,nabl010681,2022,Medical,Renewal of Accreditation,Kalpit Sharma,qm.marutipl@gmail.com,9898839473,"1/87/B/5, MARUTI COMPLEX, MALAV ROAD",Gujarat,Dholka,382225,Accreditation Certificate Approved and Issued,"Clinical Biochemistry,Haematology,Clinical Pathology,Microbiology & Infectious disease serology",",--Select Group--",MC-5879,25/09/2025,07/08/2029,,25/11/2025,Shweta Sinha,Oct 3 2026 7:30AM
42,M-0334,"RAINBOW MEDINOVA DIAGNOSTIC SERVICES, PATHOLOGY LABORATORY",nabl010767,2022,Medical,Renewal of Accreditation,Vasudha Mujumdar,rmdspathlab@gmail.com,9405906982,"282, CENTRAL BAZAR ROAD, RAMDASPETH",Maharashtra,Nagpur,440010,Accreditation Certificate Approved and Issued,"Clinical Biochemistry,Molecular Diagnostics,Clinical Pathology,Haematology & Immunohaematology",,MC-2639,14/02/2026,13/02/2030,,,Gayathri S,Oct 3 2026 7:30AM
43,M-1054,NEOTIA GETWEL (DEPARTMENT OF LABORATORY SERVICES),nabl010843,2022,Medical,Renewal of Accreditation,SOUMICK ROY CHOWDHURY,soumickr.c@neotiahealthcare.com,9051054254,"UTTORAYON, MATIGARA",West Bengal,Siliguri,734010,Accreditation Certificate Approved and Issued,"Clinical Biochemistry,Cytopathology,Molecular Testing,Haematology,Clinical Pathology,Microbiology & Infectious disease serology",,MC-2402,07/10/2025,06/10/2029,,11/10/2025,Archive Applications,Oct 3 2026 7:30AM
44,M-0916,DR. B LAL CLINICAL LABORATORY PRIVATE LIMITED,nabl010855,2022,Medical,Renewal of Accreditation,Vivek kumar,vivekchaudhary@blallab.com,9461624111,"6-E, MALVIYA INDUSTRIAL AREA, MALVIYA NAGAR",Rajasthan,Jaipur,302017,Accreditation Certificate Approved and Issued,"Clinical Biochemistry,Cytopathology,Molecular Testing,Haematology,Histopathology,Clinical Pathology,Microbiology & Infectious disease serology",,MC-2866,14/07/2025,13/07/2029,,04/08/2025,Archive Applications,Oct 3 2026 7:30AM
45,M-0536,"SHALBY LIMITED, SHALBY HOSPITALS, PATHOLOGY LABORATORY",nabl010900,2022,Medical,Renewal of Accreditation,BHAVIN KAPADIYA,bhavin.kapadiya@shalby.in,9376112001,S.G HIGHWAY,Gujarat,Ahmedabad,380015,Accreditation Certificate Approved and Issued,"Clinical Biochemistry,Cytopathology,Haematology,Clinical Pathology,Microbiology & Infectious disease serology",",--Select Group--",MC-2422,22/11/2024,21/11/2028,,,Archive Applications,Oct 3 2026 7:30AM
46,M-0107,SCIENTIFIC DIAGNOSTIC CENTRE PRIVATE LIMITED,nabl010932,2022,Medical,NABL 201,MONA MANKAD,scientific.qm@gmail.com,9510224722,"3, VENUNAD ROW HOUSE, GULBAI TEKRA ROAD, ELLISEBRIDGE",Gujarat,Ahmedabad,380006,Accreditation Certificate Approved and Issued,"Clinical Biochemistry,Molecular Testing,Molecular Diagnostics,Haematology,Clinical Pathology,Microbiology & Infectious disease serology,Haematology & Immunohaematology",,MC-2889,31/07/2025,30/07/2029,,02/05/2026,Archive Applications,Oct 3 2026 7:30AM
47,M-1780,CHANDIGARH DIAGNOSTIC LABORATORIES PRIVATE LIMITED,nabl010941,2022,Medical,Renewal of Accreditation,NEHA,cdl_labs@yahoo.co.in,7087832045,"SCF 14, FIRST FLOOR AND SECOND FLOOR, PHASE-7, SECTOR 61",Punjab,Mohali,160062,Accreditation Certificate Approved and Issued,"Clinical Biochemistry,Microbiology & Infectious disease serology,Haematology & Immunohaematology",,MC-8073,04/05/2026,03/05/2030,,,Shweta Sinha,Oct 3 2026 7:30AM
48,M-1735,INDRAPRASTHA DIAGNOSTICS LLP,nabl010965,2022,Medical,Renewal of Accreditation,REENA DE,drreenade.path@gmail.com,8700383184,"PLOT NO 44/45, SECTOR 10, DWARKA",Delhi,New Delhi,110075,Accreditation Certificate Approved and Issued,"Clinical Biochemistry,Haematology,Clinical Pathology,Microbiology & Infectious disease serology",,MC-3207,11/07/2025,10/07/2029,,,Archive Applications,Oct 3 2026 7:30AM
49,M-0018,DECCAN DIAGNOSTIC AND RESEARCH CENTRE,nabl010990,2022,Medical,Renewal of Accreditation,JAI PRAKASH AGARWAL,ddrc_hyd10@yahoo.co.in,9849017645,"22-5-247/1, DARUL-ULOOM HIGH SCHOOL LANE, KALIKAMAN, GULZAR HOUZ",Telangana,Hyderabad,500002,Accreditation Certificate Approved and Issued,"Clinical Biochemistry,Haematology,Clinical Pathology,Microbiology & Infectious disease serology",,MC-2808,28/08/2025,27/08/2029,,,Archive Applications,Oct 3 2026 7:30AM
50,M-0367,SAROJ SUPER SPECIALITY HOSPITAL - LABORATORY,nabl011014,2022,Medical,Renewal of Accreditation,KAVITA BHARDWAJ,drkdkavita@gmail.com,9582292637,"PLOT NO.- 2, INSTITUTIONAL AREA, SECTOR- 14, EXTENSION, ROHINI",Delhi,New Delhi,110085,Accreditation Certificate Approved and Issued,"Clinical Biochemistry,Molecular Testing,Haematology,Clinical Pathology,Microbiology & Infectious disease serology",,MC-6199,15/12/2025,14/12/2029,,22/12/2025,Archive Applications,Oct 3 2026 7:30AM
51,M-1333,TATA MOTORS HOSPITAL (DEPARTMENT OF PATHOLOGY),nabl011040,2022,Medical,Renewal of Accreditation,SOMDATTA B DATTA,somdattad@tatamotors.com,9263632035,"TELCO COLONY, P.O. TELCO, PURBI SINGHBHUM",Jharkhand,Jamshedpur,831004,Accreditation Certificate Approved and Issued,"Clinical Biochemistry,Cytopathology,Molecular Testing,Haematology,Histopathology,Clinical Pathology",,MC-2481,27/09/2025,26/09/2029,,,Archive Applications,Oct 3 2026 7:30AM
52,M-1772,MALLA REDDY HOSPITAL CENTRAL CLINICAL LABORATORY (A UNIT OF CHANDRAMMA EDUCATIONAL SOCIETY),nabl011048,2022,Medical,Renewal of Accreditation,V SUNANDA,qamrhccl@gmail.com,6303627568,"SURVAY NO. 138, SURARAM MAIN ROAD, QUTHBULLAPUR MUNICIPALITY",Telangana,Hyderabad,500055,Accreditation Certificate Approved and Issued,"Clinical Biochemistry,Cytopathology,Haematology,Clinical Pathology,Microbiology & Infectious disease serology",,MC-7273,27/03/2025,26/03/2029,,,Archive Applications,Oct 3 2026 7:30AM
53,M-1574,CLINILABS,nabl011064,2022,Medical,NABL 201,NEENA PATIL,clinilabsnabl@gmail.com,9920121291,"A/102, ATHARVA HOUSE, PODAR ROAD, MALAD (EAST)",Maharashtra,Mumbai,400097,Accreditation Certificate Approved and Issued,"Clinical Biochemistry,Clinical Pathology,Microbiology & Infectious disease serology,Haematology & Immunohaematology",,MC-3034,16/02/2026,15/02/2030,,26/05/2026,Archive Applications,Oct 3 2026 7:30AM
54,M-1770,MEDIPULSE HOSPITAL - DEPT. OF PATHOLOGY (A UNIT OF JODHPUR HEALTHCARE PRIVATE LIMITED),nabl011077,2022,Medical,Renewal of Accreditation,Priti Vyas,quality@medipulse.in,8239345673,"E-4, BASNI PHASE II",Rajasthan,Jodhpur,342005,Accreditation Certificate Approved and Issued,"Clinical Biochemistry,Molecular Diagnostics,Microbiology & Infectious disease serology,Haematology & Immunohaematology",,MC-6446,08/04/2026,07/04/2030,,,Shweta Sinha,Oct 3 2026 7:30AM
55,M-1737,MIDNAPORE SCAN CENTRE PRIVATE LIMITED (DEPARTMENT OF LABORATORY MEDICINE),nabl011107,2022,Medical,Renewal of Accreditation,SUTANU SARKAR,lab.mscpl@gmail.com,9593295402,"180/256, KERANITOLA, STATION ROAD, PASCHIM MIDNAPORE",West Bengal,Midnapur,721101,Accreditation Certificate Approved and Issued,"Clinical Biochemistry,Cytopathology,Clinical Pathology,Microbiology & Infectious disease serology,Haematology & Immunohaematology",",--Select Group--",MC-3259,16/03/2026,15/03/2030,,,Gayathri S,Oct 3 2026 7:30AM
56,M-1825,LILAVATI HOSPITAL & RESEARCH CENTRE,nabl011110,2022,Medical,Renewal of Accreditation,Sumit Chavan,sumit.chavan@lilavatihospital.com,9833102511,"A-791, BANDRA RECLAMATION, BANDRA WEST",Maharashtra,Mumbai,400050,Accreditation Certificate Approved and Issued,"Clinical Biochemistry,Cytopathology,Molecular Diagnostics,Histopathology,Clinical Pathology,Microbiology & Infectious disease serology,Haematology & Immunohaematology",",--Select Group--",MC-6322,15/02/2026,14/02/2030,,22/02/2026,Archive Applications,Oct 3 2026 7:30AM
57,M-0766,INDIAN RED CROSS SOCIETY (NHQ) BLOOD CENTRE LABORATORY,nabl011117,2022,Medical,Renewal of Accreditation,Sushma Bahuguna,bloodbank@indianredcross.org,9971654991,"1, RED CROSS ROAD",Delhi,New Delhi,110001,Accreditation Certificate Approved and Issued,"Microbiology & Infectious disease serology,Haematology & Immunohaematology",,NABLM0626DL08140,19/06/2026,18/06/2030,,,Gayathri S,Oct 3 2026 7:30AM
58,M-0022,"DEPARTMENT OF CLINICAL BIOCHEMISTRY, CHRISTIAN MEDICAL COLLEGE HOSPITAL",nabl011130,2022,Medical,Renewal of Accreditation,G Jayakumar Amirtharaj,jayakumargnanaraj@gmail.com,6382423061,"6TH FLOOR, ASHA BLDG",Tamil Nadu,Vellore,632004,Accreditation Certificate Approved and Issued,Clinical Biochemistry,,MC-2770,17/06/2025,16/06/2029,,,Archive Applications,Oct 3 2026 7:30AM
59,M-1513,AHALIA CENTRAL LABORATORY,nabl011183,2022,Medical,Renewal of Accreditation,SHAHSEENA ABDULLA M V,hod.lab@ahalia.in,9746420451,"AHALIA DIABETIC HOSPITAL, KOZHIPARA",Kerala,Palakkad,678557,Accreditation Certificate Approved and Issued,"Clinical Biochemistry,Haematology,Clinical Pathology,Microbiology & Infectious disease serology",,MC-7660,03/10/2025,02/10/2029,,,Archive Applications,Oct 3 2026 7:30AM
60,M-0086,"LABORATORY SERVICES, INDRAPRASTHA APOLLO HOSPITALS",nabl011205,2022,Medical,Renewal of Accreditation,Mohit Chowdhry,mohitchowdhry@gmail.com,9650256131,"KHASARA NO. 93-98, 119, 120-121, MATHURA ROAD, SARITA VIHAR",Delhi,New Delhi,110076,Accreditation Certificate Approved and Issued,"Clinical Biochemistry,Cytopathology,Molecular Diagnostics,Histopathology,Clinical Pathology,Flow Cytometry,Microbiology & Infectious disease serology,Haematology & Immunohaematology",,MC-6494,01/05/2026,30/04/2030,,13/05/2026,Gayathri S,Oct 3 2026 7:30AM
61,M-1458,DEV NANDINI PATHOLOGY LABORATORY,nabl011209,2022,Medical,Renewal of Accreditation,SHIV KUMAR,drkshiv@gmail.com,8477838485,"64 - 65, ASGARPURA, GARH ROAD",Uttar Pradesh,Hapur,245101,Accreditation Certificate Approved and Issued,"Clinical Biochemistry,Haematology",,MC-6242,04/01/2026,03/01/2030,,06/01/2026,Shweta Sinha,Oct 3 2026 7:30AM
62,M-0164,SRI AUROBINDO SEVA KENDRA (DEPARTMENT OF PATHOLOGY),nabl011234,2022,Medical,Renewal of Accreditation,K. S. Ray,k.s.ray@eedf.in,9433185730,"1H, GARIAHAT ROAD (SOUTH)",West Bengal,Kolkata,700068,Accreditation Certificate Approved and Issued,"Clinical Biochemistry,Clinical Pathology,Microbiology & Infectious disease serology,Haematology & Immunohaematology",,MC-6439,03/04/2026,02/04/2030,,,Gayathri S,Oct 3 2026 7:30AM
63,M-0621,SAGAR HOSPITALS-DSI MEDICAL LABORATORY,nabl011269,2022,Medical,Renewal of Accreditation,Roopa MO,jnrd282@sagarhospitals.in,9480177399,"SHAVIGE MALLESHWARA HILLS, KUMARASWAMY LAYOUT",Karnataka,Bengaluru,560078,Accreditation Certificate Approved and Issued,"Clinical Biochemistry,Cytopathology,Haematology,Clinical Pathology",,MC-6112,09/11/2025,08/11/2029,,,Archive Applications,Oct 3 2026 7:30AM
64,M-1313,CEE DEE DIAGNOSTICS PRIVATE LIMITED,nabl011300,2022,Medical,Onsite Surveillance,SHEIKH ABDULLAH,sardarsingh2012@gmail.com,9250059194,"RZ-88/J, MAIN ROAD, PALAM COLONY",Delhi,New Delhi,110077,Accreditation Certificate Approved and Issued,"Clinical Biochemistry,Clinical Pathology,Haematology & Immunohaematology",,MC-7354,08/05/2025,07/05/2029,,19/05/2026,Shweta Sinha,Oct 3 2026 7:30AM
65,M-2746,KAMI LABS PRIVATE LIMITED,nabl011302,2022,Medical,Renewal of Accreditation,Hemlata Bhosale,mro@kamilabs.org,8356900817,"UNIT 203, TESLA- BLDG NO 1- EDISON, TESLA INDUSTRIAL, RAHEJA DISTRICT",Maharashtra,Navi Mumbai,400705,Accreditation Certificate Approved and Issued,Clinical Biochemistry,,MC-5859,13/08/2025,01/08/2029,,21/08/2025,Archive Applications,Oct 3 2026 7:30AM
66,M-1319,HOPE IMAGING AND DIAGNOSTICS,nabl011354,2022,Medical,Renewal of Accreditation,Vashita Jaiswal,hopediagnostics10@gmail.com,9811270649,"D-40, SHYAM PARK EXTENSION, SAHIBABAD",Uttar Pradesh,Ghaziabad,201005,Accreditation Certificate Approved and Issued,"Clinical Biochemistry,Haematology",,MC-5995,22/09/2025,21/09/2029,,,Archive Applications,Oct 3 2026 7:30AM
67,M-1752,SHREE AGGARSAIN INTERNATIONAL HOSPITAL -LABORATORY MEDICINE,nabl011408,2022,Medical,Renewal of Accreditation,ANJU KACKER,laboratory@saih.in,9810702590,"P.S.P., SECTOR-22, ROHINI",Delhi,Delhi,110086,Accreditation Certificate Approved and Issued,"Clinical Biochemistry,Cytopathology,Molecular Testing,Haematology,Histopathology,Clinical Pathology,Microbiology & Infectious disease serology",,MC-3249,17/10/2025,16/10/2029,,,Archive Applications,Oct 3 2026 7:30AM
68,M-1480,MEDICARE CLINIC PRIVATE LIMITED (DEPARTMENT OF PATHOLOGY),nabl011438,2022,Medical,Renewal of Accreditation,NAV RATAN JAIN,medicareclinic@hotmail.com,9830009417,"138, G.T. ROAD (S)",West Bengal,Howrah,711102,Accreditation Certificate Approved and Issued,Clinical Biochemistry,,MC-6348,01/03/2026,28/02/2030,,07/04/2026,Gayathri S,Oct 3 2026 7:30AM
69,M-1422,VRR DIAGNOSTICS (A UNIT OF VRR DIAGNOSTIC SERVICES PRIVATE LIMITED),nabl011461,2022,Medical,Renewal of Accreditation,MANIKANTAN,rajmanikantan@gmail.com,9884234425,"#87, BURKIT ROAD, T. NAGAR",Tamil Nadu,Chennai,600017,Accreditation Certificate Approved and Issued,"Clinical Biochemistry,Molecular Diagnostics,Clinical Pathology,Microbiology & Infectious disease serology,Haematology & Immunohaematology",,MC-2935,13/01/2026,12/01/2030,,,Archive Applications,Oct 3 2026 7:30AM
70,M-1495,"DR. LAL PATHLABS LIMITED, KOLKATA REFERENCE LABORATORY",nabl011464,2022,Medical,Renewal of Accreditation,Rajendra Mandal,rajendra.mandal@lalpathlabs.com,9950060423,"PREMISES NO - 031 - 0199, PLOT NO - CB - 31/1, STREET NO - 199, ACTION AREA 1C, NEWTOWN",West Bengal,24 Parganas (n),700156,Accreditation Certificate Approved and Issued,"Clinical Biochemistry,Cytopathology,Molecular Testing,Cytogenetics,Haematology,Histopathology,Clinical Pathology,Flow Cytometry,Microbiology & Infectious disease serology",,MC-6202,14/12/2025,13/12/2029,,,Archive Applications,Oct 3 2026 7:30AM
71,M-0440,"DEPARTMENT OF LABORATORY MEDICINE, MANIPAL HOSPITALS, JAIPUR",nabl011476,2022,Medical,Renewal of Accreditation,Deepika Saxena,deepika.saxena@manipalhospitals.com,7878602191,"SECTOR-5 ,VIDHYADHAR NAGAR",Rajasthan,Jaipur,302039,Accreditation Certificate Approved and Issued,"Clinical Biochemistry,Cytopathology,Molecular Testing,Haematology,Histopathology,Clinical Pathology,Microbiology & Infectious disease serology",,MC-5860,08/08/2025,07/08/2029,,,Archive Applications,Oct 3 2026 7:30AM
72,M-1557,DR. LAL PATHLABS LIMITED,nabl011478,2022,Medical,Renewal of Accreditation,KHANIJ RAY,Khanij.Ray@lalpathlabs.com,9810886502,"PANCHSHEEL HOSPITAL PVT. LTD., C-3/63A, 64A C- BLOCK, YAMUNA VIHAR",Delhi,Delhi,110053,Accreditation Certificate Approved and Issued,"Clinical Biochemistry,Haematology,Clinical Pathology",,MC-2990,23/10/2025,22/10/2029,,,Archive Applications,Oct 3 2026 7:30AM
73,M-0930,CHIKITSA MEDICARE CENTRE Private Limited (DEPARTMENT OF LABORATORY SERVICES),nabl011492,2022,Medical,Renewal of Accreditation,ARIJIT ROY,r.arijit10@gmail.com,9038088921,"6 & 12, DIAMOND HARBOUR ROAD",West Bengal,Kolkata,700034,Accreditation Certificate Approved and Issued,"Clinical Biochemistry,Haematology,Clinical Pathology,Microbiology & Infectious disease serology",,MC-2822,25/07/2025,24/07/2029,,31/07/2025,Archive Applications,Oct 3 2026 7:30AM
74,M-1467,DR. SANJANA NAUTIYAL PATHOLOGY LAB,nabl011504,2022,Medical,Renewal of Accreditation,SANJANA NAUTIYAL,hritiknautiyal@gmail.com,9897599830,"51/6, HARIDWAR ROAD",Uttarakhand,Dehradun,248001,Accreditation Certificate Approved and Issued,"Clinical Biochemistry,Haematology & Immunohaematology",,MC-8088,13/05/2026,12/05/2030,,,Archive Applications,Oct 3 2026 7:30AM
75,M-1758,NEO HOSPITAL LABORATORY(A UNIT OF MUSKAN MEDICAL CENTRE PRIVATE LIMITED),nabl011510,2022,Medical,Renewal of Accreditation,ISRAR AHMAD,laboratory@neohospital.com,9821040391,"D-170, A SECTOR 50",Uttar Pradesh,Noida,201301,Accreditation Certificate Approved and Issued,"Clinical Biochemistry,Clinical Pathology,Microbiology & Infectious disease serology,Haematology & Immunohaematology",",--Select Group--",MC-3302,16/03/2026,15/03/2030,,,Shweta Sinha,Oct 3 2026 7:30AM
76,M-1775,PRG HEALTH CARE LLP (DEPARTMENT OF LABORATORY SERVICES),nabl011523,2022,Medical,Renewal of Accreditation,Sanjeev Das,sanjeevdas56@yahoo.in,9830266924,"66/92, BARASAT ROAD, N.C PUKUR, BARRACKPORE",West Bengal,24 Parganas (n),700122,Accreditation Certificate Approved and Issued,"Clinical Biochemistry,Haematology,Clinical Pathology",,MC-3290,01/01/2026,31/12/2029,,,Archive Applications,Oct 3 2026 7:30AM
77,M-1771,"SRL, HIV TESTING LABORATORY",nabl011573,2022,Medical,Renewal of Accreditation,MANJURAJ,manjusony69@gmail.com,8848205741,"DEPARTMENT OF MICROBIOLOGY, GOVT. MEDICAL COLLEGE, GANDHINAGAR P. O.",Kerala,Kottayam,686008,Accreditation Certificate Approved and Issued,Microbiology & Infectious disease serology,,MC-7727,03/11/2025,02/11/2029,,,Archive Applications,Oct 3 2026 7:30AM
78,M-1459,RENAISSANCE HOSPITAL PRIVATE LIMITED (DEPARTMENT OF PATHOLOGY),nabl011589,2022,Medical,Renewal of Accreditation,SATIRTHA GHOSH,qualitycontrol.renaissance@gmail.com,7603039431,"NAZRUL ISLAM AVENUE (VIP ROAD), TEGHORIA",West Bengal,Kolkata,700157,Accreditation Certificate Approved and Issued,"Clinical Biochemistry,Haematology",,MC-6028,08/10/2025,04/10/2029,,04/11/2025,Archive Applications,Oct 3 2026 7:30AM
79,M-1533,"AAKASH PATH LAB, AAKASH HEALTHCARE SUPER SPECIALITY HOSPITAL",nabl011645,2022,Medical,Renewal of Accreditation,Harpreet Kaur,drharpreet.kaur@aakashhealthcare.com,9999665215,"HOSPITAL PLOT ROAD NO. 201, SECTOR-3, DWARKA",Delhi,Delhi,110075,Accreditation Certificate Approved and Issued,"Clinical Biochemistry,Cytopathology,Molecular Testing,Haematology,Histopathology,Clinical Pathology,Microbiology & Infectious disease serology",,MC-2908,16/08/2025,15/08/2029,,,Archive Applications,Oct 3 2026 7:30AM
80,M-1813,PATHCARE LABS PRIVATE LIMITED,nabl011702,2022,Medical,NABL 201,ANIL SUNKARA,anil@pathcarelabs.com,9346455555,"PLOT NO: 526, PHASE V, UDYOG VIHAR",Haryana,Gurgaon,122016,Accreditation Certificate Approved and Issued,"Clinical Biochemistry,Clinical Pathology,Microbiology & Infectious disease serology,Haematology & Immunohaematology",,MC-3309,04/02/2025,03/02/2029,,06/06/2026,Archive Applications,Oct 3 2026 7:30AM
81,M-0388,"INDIAN RED CROSS SOCIETY GUJARAT STATE BRANCH THALASSEMIA / SICKLE CELL PREVENTION, CONTROL & RESEARCH PROGRAMME",nabl011705,2022,Medical,Renewal of Accreditation,PRAKASH PARMAR,tpp.ircsguj@gmail.com,9428214294,"RED CROSS BHAVAN, ASHRAM ROAD, OLD WADAJ",Gujarat,Ahmedabad,380013,Accreditation Certificate Approved and Issued,"Clinical Biochemistry,Molecular Testing,Haematology",,MC-2109,26/11/2025,25/11/2029,,18/12/2025,Suresh P,Oct 3 2026 7:30AM
82,M-1757,"CENTRAL PATHOLOGY LABORATORY, DEPARTMENT OF PATHOLOGY, MOTILAL NEHRU MEDICAL COLLEGE",nabl011720,2022,Medical,Renewal of Accreditation,Anshul Singh,cplmlnsrn@gmail.com,8423222820,"GEORGE TOWN, PRAYAGRAJ",Uttar Pradesh,Prayagraj,211001,Accreditation Certificate Approved and Issued,Clinical Biochemistry,,MC-3235,19/09/2025,18/09/2029,,23/09/2025,Archive Applications,Oct 3 2026 7:30AM
83,M-0301,"LAMBDA THERAPEUTIC RESEARCH LTD., CLINICAL LAB",nabl011750,2022,Medical,Renewal of Accreditation,BHAVIN KAPADIYA,bhavinkapadiya@lambda-cro.com,9376112001,"LAMBDA HOUSE, PLOT NO 38, S.G HIGHWAY, GOTA",Gujarat,Ahmedabad,382481,Accreditation Certificate Approved and Issued,"Clinical Biochemistry,Cytopathology,Molecular Testing,Haematology,Clinical Pathology,Microbiology & Infectious disease serology",,MC-2807,17/06/2025,16/06/2029,,,Archive Applications,Oct 3 2026 7:30AM
84,M-0803,"LABORATORY SERVICES, LIFE CARE DIAGNOSTICS",nabl011758,2022,Medical,Onsite Surveillance,AHMED OMAR SHERIF,lcd_care@yahoo.com,9864084716,"PRAVA PALACE, AT ROAD, MALIGAON CHARIALI",Assam,Guwahati,781012,Accreditation Certificate Approved and Issued,"Clinical Biochemistry,Clinical Pathology,Haematology & Immunohaematology",",--Select Group--",MC-2913,12/08/2025,11/08/2029,,06/08/2026,Shweta Sinha,Oct 3 2026 7:30AM
85,M-0278,"CLINICAL LABORATORY, CHETTINAD HOSPITAL AND RESEARCH INSTITUTE (A UNIT OF CHETTINAD ACADEMY OF RESEARCH AND EDUCATION)",nabl011768,2022,Medical,Renewal of Accreditation,KARPAGAVEL L,chrilabnabl@chettinadhealthcity.com,9841168000,"RAJIV GANDHI SALAI (OMR, CHENNAI), CHENGALPATTU",Tamil Nadu,Kelambakkam,603103,Accreditation Certificate Approved and Issued,"Clinical Biochemistry,Cytopathology,Molecular Diagnostics,Histopathology,Clinical Pathology,Microbiology & Infectious disease serology,Haematology & Immunohaematology",,MC-2514,14/02/2026,13/02/2030,,,Gayathri S,Oct 3 2026 7:30AM
86,M-1035,"HIV TESTING LABORATORY, DEPARTMENT OF MICROBIOLOGY, BURDWAN MEDICAL COLLEGE & HOSPITAL",nabl011789,2022,Medical,Renewal of Accreditation,SWATI MUKHERJEE,srl.wb.mc@gmail.com,9474991632,"BABURBAG, POST OFFICE - RAJBATI, BURDWAN (ACADEMIC BUILDING 1ST FLOOR, DEPARTMENT OF MICROBIOLOGY, SRL & OUTDOOR BUILDING, ICTC)",West Bengal,Barddhaman,713104,Accreditation Certificate Approved and Issued,"Molecular Testing,Microbiology & Infectious disease serology",,MC-7009,03/12/2024,02/12/2028,,,Archive Applications,Oct 3 2026 7:30AM
87,M-1051,"LABORATORY SERVICES, JANAKPURI SUPER SPECIALITY HOSPITAL SOCIETY",nabl011793,2022,Medical,Renewal of Accreditation,Natasha Singh Gulati,dr.ngulati@gmail.com,8527428405,"C2 B, JANAKPURI",Delhi,New Delhi,110058,Accreditation Certificate Approved and Issued,"Clinical Biochemistry,Haematology,Clinical Pathology,Microbiology & Infectious disease serology",,MC-2487,25/03/2025,24/03/2029,,,Archive Applications,Oct 3 2026 7:30AM
88,M-0787,"MAXLAB, MAX SUPER SPECIALITY HOSPITAL, BATHINDA (A UNIT OF HOMETRAIL BUILDTECH PVTLTD.)",nabl011830,2022,Medical,Renewal of Accreditation,Alka Gupta,Alka.Gupta@maxhealthcare.com,9464482556,"NH- 64, MANSA ROAD",Punjab,Bathinda,151001,Accreditation Certificate Approved and Issued,"Clinical Biochemistry,Cytopathology,Haematology,Clinical Pathology,Microbiology & Infectious disease serology",,MC-2718,08/07/2025,07/07/2029,,,Archive Applications,Oct 3 2026 7:30AM
89,M-1781,"APOLLO DIAGNOSTICS, A UNIT OF APOLLO HEALTH AND LIFESTYLE LIMITED",nabl011908,2022,Medical,Renewal of Accreditation,Narendra Vadlamudi,narendra.v@apollohl.com,9000148346,"SUBHANA COMPLEX, 105 P, FIRST FLOOR, SAGUNA MORE",Bihar,Patna,801503,Accreditation Certificate Approved and Issued,"Clinical Biochemistry,Haematology,Clinical Pathology,Microbiology & Infectious disease serology",,MC-7522,23/07/2025,22/07/2029,,,Archive Applications,Oct 3 2026 7:30AM
90,M-1077,"DEPARTMENT OF NEUROMICROBIOLOGY, NATIONAL INSTITUTE OF MENTAL HEALTH AND NEUROSCIENCES (NIMHANS)",nabl011940,2022,Medical,Renewal of Accreditation,S Nagarathna,nagarathnachandrashekar@gmail.com,9945283129,"ADMINISTRATIVE BLOCK, 1ST FLOOR, NIMHANS, HOSUR ROAD",Karnataka,Bengaluru,560029,Accreditation Certificate Approved and Issued,Microbiology & Infectious disease serology,,MC-6302,02/02/2026,01/02/2030,,,Shweta Sinha,Oct 3 2026 7:30AM
91,M-0937,KALE PATHLAB LLP,nabl012017,2022,Medical,Renewal of Accreditation,Asmita Kale,drasmitak@gmail.com,9423782376,"31, MITRA NAGAR",Maharashtra,Aurangabad,431005,Accreditation Certificate Approved and Issued,"Clinical Biochemistry,Haematology,Clinical Pathology",,MC-2915,02/09/2025,01/09/2029,,,Archive Applications,Oct 3 2026 7:30AM
92,M-0909,QUADRA MEDICAL SERVICES PRIVATE LIMITED,nabl012019,2022,Medical,Renewal of Accreditation,ASISH KUMAR DATTA,dasish26@gmail.com,9163300913,"53, HAZRA ROAD",West Bengal,Kolkata,700019,Accreditation Certificate Approved and Issued,"Clinical Biochemistry,Cytopathology,Histopathology,Hematology & Immunohematology,Clinical Pathology",,MC-2891,24/09/2025,05/09/2029,,05/10/2025,Archive Applications,Oct 3 2026 7:30AM
93,M-1782,HUMAIN SRI SAI LABS,nabl012021,2022,Medical,Renewal of Accreditation,KANAGA B,kgsrisailabs@gmail.com,9445713352,"NO 11, NANJUNDA RAO COLONY, MYLAPORE",Tamil Nadu,Chennai,600004,Accreditation Certificate Approved and Issued,"Clinical Biochemistry,Clinical Pathology,Haematology & Immunohaematology",,MC-6321,13/02/2026,12/02/2030,,25/02/2026,Shweta Sinha,Oct 3 2026 7:30AM
94,M-0113,RTIICS LABORATORY SERVICES,nabl012042,2022,Medical,Renewal of Accreditation,TAPAS RAY,tapas.ray.dr@narayanahealth.org,9830712220,"PREMISES NUMBER 1489, (124) MUKUNDAPUR, EM BYPASS",West Bengal,Kolkata,700099,Accreditation Certificate Approved and Issued,"Clinical Biochemistry,Cytopathology,Molecular Diagnostics,Histopathology,Clinical Pathology,Microbiology & Infectious disease serology,Haematology & Immunohaematology,Histocompatibility & Immunogenetics",,NABLM0626WB08113,03/07/2026,02/07/2030,,,Archive Applications,Oct 3 2026 7:30AM
95,M-1153,DR. RAMESH CARDIAC AND MULTI SPECIALTY HOSPITAL PRIVATE LIMITED,nabl012043,2022,Medical,Renewal of Accreditation,SANGALLA MAHESH,SANGALLABIO@GMAIL.COM,8341112488,"MARKET SIGNALS CENTER, COLLECTOR OFFICE ROAD, NAGARAM PALEM",Andhra Pradesh,Guntur,522004,Accreditation Certificate Approved and Issued,"Clinical Biochemistry,Haematology,Clinical Pathology",,MC-5956,01/09/2025,31/08/2029,,,Archive Applications,Oct 3 2026 7:30AM
96,M-1872,MAHAVEER CLINICAL LABORATORY,nabl012130,2022,Medical,Renewal of Accreditation,NIDHI JAIN,mahaveer.clinical@gmail.com,9416089401,"KHASRA NO 456, PATTI MEHAR, AMBALA CITY",Haryana,Ambala,134003,Accreditation Certificate Approved and Issued,"Clinical Biochemistry,Haematology",,MC-7454,23/06/2025,22/06/2029,,,Archive Applications,Oct 3 2026 7:30AM
97,M-0314,"MEDICAL TESTING LABORATORY, YASHODA SUPERSPECIALITY HOSPITAL",nabl012156,2022,Medical,Renewal of Accreditation,PRASHANT KUMAR SINGH,pksingh20@gmail.com,9818462683,"H1, KAUSHAMBI",Uttar Pradesh,Ghaziabad,201010,Accreditation Certificate Approved and Issued,"Clinical Biochemistry,Cytopathology,Molecular Testing,Haematology,Histopathology,Clinical Pathology,Microbiology & Infectious disease serology",,MC-2914,07/01/2026,06/01/2030,,09/01/2026,Gayathri S,Oct 3 2026 7:30AM
98,M-1080,ADVANCED GENOMICS INSTITIUTE AND LABORATORY MEDICINE PRIVATE LIMITED,nabl012158,2022,Medical,Renewal of Accreditation,SUKRUT JOBANPUTRA,sukrut@labassure.com,9958694141,"1513, FIRST FLOOR, GUMAN PURI COMPLEX, WAZIR NAGAR",Delhi,New Delhi,110003,Accreditation Certificate Approved and Issued,"Cytogenetics,Molecular Diagnostics",,MC-8081,06/05/2026,05/05/2030,,,Shweta Sinha,Oct 3 2026 7:30AM
99,M-1534,"CARE HOSPITAL, HI-TECH CITY (A UNIT OF ASTER DM QUALITY CARE LIMITED)",nabl012181,2022,Medical,NABL 201,Jyothi,dr.jyothi.palisetti@carehospitals.com,9963192224,"PLOT NO.48,49,50,51,52 JAYABHERI PINE VALLEY",Telangana,Hyderabad,500032,Accreditation Certificate Approved and Issued,"Clinical Biochemistry,Cytopathology,Molecular Testing,Haematology,Histopathology,Clinical Pathology,Microbiology & Infectious disease serology",,MC-2969,31/07/2026,09/10/2029,,,Archive Applications,Oct 3 2026 7:30AM
100,M-1181,SUDAR DIAGNOSTIC CENTRE ( A UNIT OF SUDAR HOSPITALS),nabl012189,2022,Medical,Renewal of Accreditation,THIAGARAJAN K,trbiochem@gmail.com,9445349759,"15/4, DURAISAMY REDDY STREET, WEST TAMBARAM",Tamil Nadu,Chennai,600045,Accreditation Certificate Approved and Issued,"Clinical Biochemistry,Haematology,Clinical Pathology",,MC-7613,13/09/2025,12/09/2029,,,Archive Applications,Oct 3 2026 7:30AM
1,M-0090,SIPRA LABS LIMITED (CLINICAL LABORATORY),nabl012191,2022,Medical,Renewal of Accreditation,V AASRITHA,aasrithaqa@sipralabs.com,9885322551,"7-2-1813/5/A, INDUSTRIAL ESTATE, SANATHNAGAR",Telangana,Hyderabad,500018,Accreditation Certificate Approved and Issued,"Clinical Biochemistry,Haematology,Clinical Pathology,Microbiology & Infectious disease serology",,MC-7208,05/03/2025,04/03/2029,,,Archive Applications,Oct 3 2026 7:30AM
2,M-0345,"DEPARTMENT OF LABORTORY SERVICES, DHARAMSHILA NARAYANA SUPERSPECIALITY HOSPITAL (A UNIT OF DHARAMSHILA CANCER FOUNDATION AND RESEARCH CENTRE)",nabl012241,2022,Medical,Renewal of Accreditation,HEMA MALINI AIYER,hema.maliniaiyer.dr@narayanahealth.org,9711561611,"VASUNDHARA ENCLAVE, DHARAMSHILA MARG, EAST",Delhi,Delhi,110096,Accreditation Certificate Approved and Issued,"Clinical Biochemistry,Cytopathology,Molecular Diagnostics,Histopathology,Clinical Pathology,Microbiology & Infectious disease serology,Haematology & Immunohaematology",,MC-2328,31/01/2026,30/01/2030,,,Archive Applications,Oct 3 2026 7:30AM
3,M-1811,"DEPARTMENT OF LABORATORY MEDICINE - KIRAN MULTISUPER SPECIALITY HOSPITAL AND RESEARCH CENTER, SURAT",nabl012265,2022,Medical,Renewal of Accreditation,Dayana oza,Laboratory.Incharge@kiranhospital.com,9213021132,"2ND FLOOR, KIRAN MULTI SUPER SPECAILITY HOSPITAL & RESEARCH CENTR, VASTADEVDI ROAD",Gujarat,Surat,395004,Accreditation Certificate Approved and Issued,"Clinical Biochemistry,Cytopathology,Molecular Diagnostics,Histopathology,Clinical Pathology,Microbiology & Infectious disease serology,Haematology & Immunohaematology",,MC-3287,14/05/2026,13/05/2030,,,Archive Applications,Oct 3 2026 7:30AM
4,M-3335,SUVIDHA DIAGNOSTIC CENTRE,nabl012272,2022,Medical,Renewal of Accreditation,Ankur Mehta,suvidhalabnabl@gmail.com,9825473035,"103-104, FIRST FLOOR, TWINKLE COMPLEX, AMBAWADI, VEJALPUR",Gujarat,Ahmedabad,380051,Accreditation Certificate Approved and Issued,"Clinical Biochemistry,Clinical Pathology,Haematology & Immunohaematology",,MC-6492,01/05/2026,30/04/2030,,,Gayathri S,Oct 3 2026 7:30AM
5,M-1154,"DEPARTMENT OF LABORATORY SERVICES, KANCHI KAMAKOTI CHILDS TRUST HOSPITAL",nabl012278,2022,Medical,Renewal of Accreditation,P.SULOCHANA PUTLI BAI,dr.sulochana@kkcth.org,8754460674,"NO: 12 A, NAGESWARA ROAD, NUNGAMBAKKAM",Tamil Nadu,Chennai,600034,Accreditation Certificate Approved and Issued,"Clinical Biochemistry,Haematology,Histopathology,Clinical Pathology,Microbiology & Infectious disease serology",,MC-2851,12/08/2025,11/08/2029,,,Archive Applications,Oct 3 2026 7:30AM
6,M-1043,"HIV TESTING LABORATORY (SRL & ICTC), DEPARTMENT OF MICROBIOLOGY, New STNM MULTI SPECIALTY HOSPITAL",nabl012282,2022,Medical,Renewal of Accreditation,Tara Sharma,srl.sikkim.stnm@gmail.com,9434409802,"LEVEL-2, NEW STNM MULTI-SPECIALTY HOSPITAL BUILDING, SOCHAKGANG",Sikkim,Gangtok,737101,Accreditation Certificate Approved and Issued,Microbiology & Infectious disease serology,,MC-6281,25/01/2026,24/01/2030,,,Shweta Sinha,Oct 3 2026 7:30AM
7,M-1801,TAKE CARE DIAGNOSTICS,nabl012318,2022,Medical,Renewal of Accreditation,Saket,takecarediagnostics@gmail.com,9829051770,"498, GANGORI BAZAR RD",Rajasthan,Jaipur,302001,Accreditation Certificate Approved and Issued,Haematology & Immunohaematology,,MC-6365,06/03/2026,05/03/2030,,,Archive Applications,Oct 3 2026 7:30AM
8,M-1816,"DEPARTMENT OF LABORATORY MEDICINE, LASCO MEDICARE PRIVATE LIMITED",nabl012322,2022,Medical,Renewal of Accreditation,Sourav Kar,lasco.bally@gmail.com,8972959595,"11, KAILASH CHANDRA SINGHA LANE",West Bengal,Bally,711201,Accreditation Certificate Approved and Issued,"Clinical Biochemistry,Haematology,Clinical Pathology",,MC-7808,05/12/2025,04/12/2029,,,Archive Applications,Oct 3 2026 7:30AM
9,M-1843,"HIV TESTING LABORATORY, GOVERNMENT MEDICAL COLLEGE",nabl012358,2022,Medical,Renewal of Accreditation,INDU P,srlmchkkd@gmail.com,7907674253,"DEPARTMENT OF MICROBIOLOGY, GOVERNMENT MEDICAL COLLEGE, MEDICAL COLLEGE JUNCTION, MAVOOR ROAD",Kerala,Kozhikode,673008,Accreditation Certificate Approved and Issued,Microbiology & Infectious disease serology,,MC-6305,07/02/2026,06/02/2030,,,Shweta Sinha,Oct 3 2026 7:30AM
10,M-1779,SUPREME HOSPITALS PRIVATE LIMITED - PATHOLOGY LAB,nabl012371,2022,Medical,Renewal of Accreditation,Navneet Kaur,lab@supremehospital.in,8448283998,"LOWER GROUND FLOOR, SUPREME HOSPITAL, EROS GARDEN, CHARMWOOD VILLAGE, SECTOR 39",Haryana,Faridabad,121009,Accreditation Certificate Approved and Issued,"Clinical Biochemistry,Clinical Pathology,Haematology & Immunohaematology",,MC-3300,09/01/2026,08/01/2030,,,Shweta Sinha,Oct 3 2026 7:30AM
11,M-0272,"DEPARTMENT OF LABORATORY MEDICINE, JUPITER HOSPITAL (A UNIT OF JUPITER LIFE LINE HOSPITALS LTD.)",nabl012422,2022,Medical,Renewal of Accreditation,AWANI ABHYANKAR,awani.abhyankar@jupiterhospital.com,9869745595,EASTERN EXPRESS HIGHWAY,Maharashtra,Thane,400601,Accreditation Certificate Approved and Issued,"Clinical Biochemistry,Cytopathology,Molecular Testing,Haematology,Clinical Pathology,Microbiology & Infectious disease serology",,MC-2529,24/11/2024,23/11/2028,,24/12/2024,Archive Applications,Oct 3 2026 7:30AM
12,M-1516,"DEPARTMENT OF LAB SCIENCES, TAGORE HOSPITAL & HEART CARE CENTRe PRIVATE LIMITED",nabl012442,2022,Medical,Renewal of Accreditation,Parneet kaur,parneetminhas@rediffmail.com,9888585180,"BANDA BAHADUR NAGAR,MAHAVIR MARG",Punjab,Jalandhar,144008,Accreditation Certificate Approved and Issued,"Clinical Biochemistry,Cytopathology,Haematology,Histopathology,Clinical Pathology,Microbiology & Infectious disease serology",,MC-3011,03/11/2025,02/11/2029,,,Archive Applications,Oct 3 2026 7:30AM
13,M-1157,METROPOLIS HEALTHCARE LIMITED,nabl012536,2022,Medical,Renewal of Accreditation,Preethi Morais,preethi.m@metropolisindia.com: QUALITY.LM@METROPOL,9841945715,"NO:3, JAGANATHAN ROAD, NUNGAMBAKKAM",Tamil Nadu,Chennai,600034,Accreditation Certificate Approved and Issued,"Clinical Biochemistry,Cytopathology,Molecular Testing,Haematology,Histopathology,Clinical Pathology,Flow Cytometry,Microbiology & Infectious disease serology",,MC-2518,12/08/2025,11/08/2029,,,Archive Applications,Oct 3 2026 7:30AM
14,M-1483,INTERMEDIATE REFERENCE LABORATORY,nabl012566,2022,Medical,Renewal of Accreditation,Shailesh lichade,irlmhngp@rntcp.org,9765299719,"STDC, TB WARD CAMPUS, GMC, AJNI ROAD",Maharashtra,Nagpur,440003,Accreditation Certificate Approved and Issued,"Molecular Testing,Microbiology & Infectious disease serology",,MC-7034,17/12/2024,16/12/2028,,,Archive Applications,Oct 3 2026 7:30AM
15,M-1488,RELIABLE DIAGNOSTIC CENTRE PRIVATE LIMITED,nabl012626,2022,Medical,Renewal of Accreditation,Nidhi P Chanchalani,Nidhipc79@gmail.com,9549396865,"C314 A, HARI MARG, MALVIYA NAGAR",Rajasthan,Jaipur,302017,Accreditation Certificate Approved and Issued,"Cytopathology,Molecular Testing,Histopathology",,MC-7977,03/03/2026,02/03/2030,,,Shweta Sinha,Oct 3 2026 7:30AM
16,M-1472,SRI GURU RAM DAS INSTITUTE OF MEDICAL SCIENCES AND RESEARCH (LABORATORY SERVICES),nabl012633,2022,Medical,Renewal of Accreditation,SAHIBA KUKREJA,biochemistry12345@gmail.com,9779446975,"MEHTA ROAD, VALLAH, SRI AMRITSAR",Punjab,Amritsar,143501,Accreditation Certificate Approved and Issued,"Clinical Biochemistry,Molecular Diagnostics",",--No Data--",MC-8018,30/03/2026,29/03/2030,,,Shweta Sinha,Oct 3 2026 7:30AM
17,M-1492,GENESTRINGS DIAGNOSTIC CENTRE PRIVATE LIMITED,nabl012651,2022,Medical,Renewal of Accreditation,Alpana Razdan,alpana.razdan@genestrings.co.in,9811368862,"3,MMTC,GEETANJALI ENCLAVE",Delhi,New Delhi,110017,Accreditation Certificate Approved and Issued,"Clinical Biochemistry,Molecular Testing,Haematology,Clinical Pathology,Microbiology & Infectious disease serology",,MC-2979,22/12/2025,21/12/2029,,,Archive Applications,Oct 3 2026 7:30AM
18,M-1465,"DEPARTMENT OF LABORATORY MEDICINE, SRI GOKULAM HOSPITAL",nabl012666,2022,Medical,Renewal of Accreditation,Srinivasan,hellodrsrini@gmail.com,7695969166,"3/60, MEYYANUR ROAD",Tamil Nadu,Salem,636004,Accreditation Certificate Approved and Issued,Clinical Biochemistry,,MC-6133,21/11/2025,20/11/2029,,,Archive Applications,Oct 3 2026 7:30AM
19,M-0064,RML MEHROTRA PATHOLOGY PVT. LTD.,nabl012673,2022,Medical,Renewal of Accreditation,Supriya Mehrotra,rmllabs@hotmail.com,9838099887,"A-21/A, NIRALA NAGAR",Uttar Pradesh,Lucknow,226020,Accreditation Certificate Approved and Issued,"Clinical Biochemistry,Cytopathology,Molecular Testing,Haematology,Histopathology,Clinical Pathology,Flow Cytometry,Microbiology & Infectious disease serology",",--Select Group--",MC-2999,06/11/2025,22/10/2029,,13/11/2025,Archive Applications,Oct 3 2026 7:30AM
20,M-0608,STEMCYTE INDIA THERAPEUTICS PVT.LTD.,nabl012693,2022,Medical,Renewal of Accreditation,HEENA PATEL,heena.patel@stemcyteindia.com,9687640861,"PLOT NO. 1A, APOLLO HOSPITAL CAMPUS, BHAT GIDC ESTATE",Gujarat,Gandhinagar,382428,Accreditation Certificate Approved and Issued,"Haematology,Flow Cytometry,Microbiology & Infectious disease serology",,MC-2469,12/12/2024,11/12/2028,,,Archive Applications,Oct 3 2026 7:30AM
21,M-1356,"DEPARTMENT OF MICROBIOLOGY, KING GEORGE'S MEDICAL UNIVERSITY",nabl012760,2022,Medical,Renewal of Accreditation,VIMALA VENKATESH,vimalavenkatesh@gmail.com,9335912340,"DEPARTMENT OF MICROBIOLOGY, KING GEORGE'S MEDICAL UNIVERSITY, CHOWK",Uttar Pradesh,Lucknow,226003,Accreditation Certificate Approved and Issued,"Molecular Testing,Flow Cytometry,Microbiology & Infectious disease serology",,MC-2500,18/12/2024,17/12/2028,,,Archive Applications,Oct 3 2026 7:30AM
22,M-1064,"HIV DIAGNOSTIC LABORATORY, DEPT. OF MICROBIOLOGY, GOVT. MEDICAL COLLEGE, NAGPUR",nabl012801,2022,Medical,Renewal of Accreditation,Sunita Gajbhiye,srltonagpur@mahasacs.org,9325339668,"STATE REFERENCE LABORATORY, DEPT. OF MICROBIOLOGY, GOVT. MEDICAL COLLEGE",Maharashtra,Nagpur,440003,Accreditation Certificate Approved and Issued,"Molecular Testing,Flow Cytometry,Microbiology & Infectious disease serology",,MC-7104,17/01/2025,16/01/2029,,,Archive Applications,Oct 3 2026 7:30AM
23,M-2573,RELIABLE DIAGNOSTICS,nabl012840,2022,Medical,Renewal of Accreditation,Bhutnath Bag,reliablediagnosticskol@gmail.com,6291920712,"117A, RAKHAL DAS AUDDY ROAD, CHETLA",West Bengal,Kolkata,700027,Accreditation Certificate Approved and Issued,"Clinical Biochemistry,Haematology,Clinical Pathology",,MC-4180,24/02/2025,23/02/2029,,,Archive Applications,Oct 3 2026 7:30AM
24,M-1858,"DEPARTMENT OF LABORATORY MEDICINE, MAHARAJA AGRASEN HOSPITAL DWARKA",nabl012867,2022,Medical,Renewal of Accreditation,Sangeeta Singh,dms.dw@mahdelhi.org,9990495495,"PLOT - 01, DWARKA SECTOR - 01",Delhi,New Delhi,110075,Accreditation Certificate Approved and Issued,"Clinical Biochemistry,Clinical Pathology,Microbiology & Infectious disease serology,Haematology & Immunohaematology",,NABLM0626DL08118,19/06/2026,18/06/2030,,,Shweta Sinha,Oct 3 2026 7:30AM
25,M-4337,DOCTORS ADVANCED DIAGNOSTICS - A UNIT OF VARLT MEDICAL DIAGNOSTICS PVT. LTD.,nabl012893,2022,Medical,Renewal of Accreditation,MEERA VARGHESE,doctorsadvanceddiagnostics@gmail.com,9539317947,"TC 36/1121/4,1121/5, M EIGHT HOMES, VATTIYOORKAVU",Kerala,Thiruvananthapuram,695013,Accreditation Certificate Approved and Issued,"Clinical Biochemistry,Haematology,Clinical Pathology,Microbiology & Infectious disease serology",,MC-5495,03/02/2025,02/02/2029,,10/02/2025,Archive Applications,Oct 3 2026 7:30AM
26,M-1812,PRIMUS HEALTH CARE PRIVATE LIMITED - LABORATORY,nabl012971,2022,Medical,Renewal of Accreditation,PRAVEEN KUMAR GUPTA,lab@primushealthcare.co.in,9013644218,"2, CHANDRAGUPTA MARG, CHANAKYAPURI",Delhi,New Delhi,110021,Accreditation Certificate Approved and Issued,"Clinical Biochemistry,Cytopathology,Haematology,Clinical Pathology,Microbiology & Infectious disease serology",,MC-3291,01/01/2025,31/12/2028,,,Archive Applications,Oct 3 2026 7:30AM
27,M-1809,"UNIPATH SPECIALTY LABORATORY LIMITED, JAIPUR",nabl013002,2022,Medical,Renewal of Accreditation,PURVI SHAH,purvibshah1@rediffmail.com,9898372362,"93-93, PALLAVI APARTMENTS, SAWAI RAM SINGH RD",Rajasthan,Jaipur,302004,Accreditation Certificate Approved and Issued,"Clinical Biochemistry,Cytopathology,Haematology,Histopathology,Clinical Pathology,Microbiology & Infectious disease serology",",--Select Group--",MC-3288,01/01/2026,31/12/2029,,,Archive Applications,Oct 3 2026 7:30AM
28,M-1866,NARAYANA HRUDAYALAYA LIMITED,nabl013163,2022,Medical,Renewal of Accreditation,Himanshu P Patel,himanshu.patel.dr@narayanahealth.org,9898134746,"EX MONOGRAM MILL COMPOUND, RAKHIYAL",Gujarat,Ahmedabad,380023,Accreditation Certificate Approved and Issued,"Clinical Biochemistry,Molecular Testing,Haematology,Clinical Pathology,Microbiology & Infectious disease serology",,MC-4217,15/03/2025,14/03/2029,,17/03/2025,Archive Applications,Oct 3 2026 7:30AM
29,M-2764,MANIPAL INSTITUTE OF VIROLOGY,nabl013191,2022,Medical,Renewal of Accreditation,Chiranjay Mukhopadhyay,virology@manipal.edu,9740131002,MANIPAL ACADEMY OF HIGHER EDUCATION,Karnataka,Manipal,576104,Accreditation Certificate Approved and Issued,"Molecular Testing,Microbiology & Infectious disease serology",,MC-4062,18/02/2025,17/02/2029,,25/02/2025,Archive Applications,Oct 3 2026 7:30AM
30,M-1857,METROPOLIS HEALTHCARE LIMITED (DR. MONA PATH LAB),nabl013343,2022,Medical,Renewal of Accreditation,Mona Goyal,mona.ldh@metropolisindia.com,9216286048,"MCL NO. B-20, 1745/1, PAU ROAD, NEW PREM NAGAR",Punjab,Ludhiana,141002,Accreditation Certificate Approved and Issued,"Clinical Biochemistry,Haematology,Clinical Pathology,Microbiology & Infectious disease serology",,MC-5713,03/06/2025,02/06/2029,,,Archive Applications,Oct 3 2026 7:30AM
31,M-1845,"DEPARTMENT OF LABORATORY SERVICES, SREE RENGA HOSPITAL",nabl013367,2022,Medical,Renewal of Accreditation,R Kamaraj,drkamaraj24@gmail.com,9790327400,"NO.12, VARADA REDDY STREET, VEDACHALAM NAGAR",Tamil Nadu,Chengalpattu,603001,Accreditation Certificate Approved and Issued,"Clinical Biochemistry,Clinical Pathology,Microbiology & Infectious disease serology,Haematology & Immunohaematology",,MC-3351,01/04/2026,31/03/2030,,18/04/2026,Archive Applications,Oct 3 2026 7:30AM
32,M-1829,DEPARTMENT OF LAB SERVICES ASHWIN FED SPECIALITY HOSPITAL,nabl013370,2022,Medical,Renewal of Accreditation,APARNA,ashwinlaboratory@gmail.com,9935348808,"29/64 KURUVIKKARAN SALAI, 1ST CROSS ST",Tamil Nadu,Madurai,625020,Accreditation Certificate Approved and Issued,"Clinical Biochemistry,Haematology",,MC-3320,06/02/2025,05/02/2029,,19/02/2025,Archive Applications,Oct 3 2026 7:30AM
33,M-1868,THYROCARE TECHNOLOGIES LIMITED,nabl013417,2022,Medical,Renewal of Accreditation,Poonam Korade,poonam.korade@thyrocare.com,7391821262,"103, FIRST FLOOR, BKC APEX, KANAKIA-B, ZILLION BUILDING, KURLA WEST",Maharashtra,Mumbai,400070,Accreditation Certificate Approved and Issued,"Clinical Biochemistry,Haematology,Clinical Pathology,Microbiology & Infectious disease serology",,MC-4252,27/03/2025,26/03/2029,,,Archive Applications,Oct 3 2026 7:30AM
34,M-0081,"THE CLINICAL LABORATORY, ARVIND MEDICARE PRIVATE LIMITED",nabl013476,2022,Medical,Renewal of Accreditation,KARABI ROY,lab@miracleshealth.com,9873049503,"S.C.O 1, 2 & 3, SECTOR-14",Haryana,Gurgaon,122007,Accreditation Certificate Approved and Issued,"Clinical Biochemistry,Cytopathology,Haematology,Clinical Pathology,Microbiology & Infectious disease serology",,MC-2942,13/10/2025,30/09/2029,,29/10/2025,Archive Applications,Oct 3 2026 7:30AM
35,M-1907,THE DEPARTMENT OF PATHOLOGY (BHAGWAN MAHAVEER CANCER HOSPITAL & RESEARCH CENTRE),nabl013479,2022,Medical,NABL 201,Ruchi Kanwar,bmchrc.nabl@bmchrc.com,8209725639,"BHAGWAN MAHAVEER CANCER HOSPITAL & RESERCH CENTRE, JAWAHAR LAL NEHRU MARG, BAJAJ NAGAR",Rajasthan,Jaipur,302017,Accreditation Certificate Approved and Issued,"Clinical Biochemistry,Cytopathology,Molecular Testing,Haematology,Histopathology,Flow Cytometry,Microbiology & Infectious disease serology",",--Select Group--",MC-4280,16/04/2025,15/04/2029,,02/01/2026,Archive Applications,Oct 3 2026 7:30AM
36,M-2701,GOENKA AND ASSOCIATES MEDICAL AND RESEARCH CENTRE PATHOLOGY LABORATORY,nabl013480,2022,Medical,Renewal of Accreditation,ARCHANA BELEKAR,archana20169@gmail.com,9820560126,"SAI ROAD , GOKULDHAM, GEN A K VAIDYA MARG",Maharashtra,Mumbai,400063,Accreditation Certificate Approved and Issued,"Clinical Biochemistry,Haematology,Clinical Pathology,Microbiology & Infectious disease serology",,MC-4248,27/03/2025,26/03/2029,,,Archive Applications,Oct 3 2026 7:30AM
37,M-2628,TOTAL CARE CONTROL (PATH LAB),nabl013525,2022,Medical,Renewal of Accreditation,RAJESH KESARI,rajesh.kesari@gmail.com,9899155255,"B294, NEW ASHOK NAGAR",Delhi,New Delhi,110096,Accreditation Certificate Approved and Issued,"Clinical Biochemistry,Haematology",,MC-5984,18/09/2025,17/09/2029,,,Archive Applications,Oct 3 2026 7:30AM
38,M-0956,DEEWAN DIAGNOSTIC CENTRE,nabl013543,2022,Medical,Renewal of Accreditation,SHIPRA GUPTA,shipra.gupta1109@gmail.com,9871114771,"A-1, PATEL NAGAR-2",Uttar Pradesh,Ghaziabad,201001,Accreditation Certificate Approved and Issued,"Clinical Biochemistry,Clinical Pathology,Haematology & Immunohaematology",",--Select Group--",MC-2981,18/02/2026,17/02/2030,,,Shweta Sinha,Oct 3 2026 7:30AM
39,M-1568,KONARK DIAGNOSTIC CENTRE (A UNIT OF KONARK HEALTH CARE CENTRE),nabl013570,2022,Medical,Renewal of Accreditation,SANA BEGUM,konarkquality9@gmail.com,6309286713,"16-2-753/1/1 & 2/G KONARK TOWERS, AB COLONY, DILSHUKNAGAR",Telangana,Hyderabad,500036,Accreditation Certificate Approved and Issued,"Clinical Biochemistry,Haematology,Clinical Pathology",,MC-3026,26/11/2025,25/11/2029,,,Archive Applications,Oct 3 2026 7:30AM
40,M-1834,"HIV DIAGNOSTIC LABORATORY, SWAMI RAMANAND TEERTH RURAL GOVT MEDICAL COLLEGE, AMBAJOGAI",nabl013596,2022,Medical,Renewal of Accreditation,Bhausaheb Munde,srltoambejogai@mahasacs.org,9767562986,"MEDICAL CAMPUS, CHANAI ROAD",Maharashtra,Ambajogai,431517,Accreditation Certificate Approved and Issued,"Molecular Diagnostics,Microbiology & Infectious disease serology",,MC-3346,20/03/2026,19/03/2030,,,Shweta Sinha,Oct 3 2026 7:30AM
41,M-1877,JUSTICE K. S HEGDE CHARITABLE HOSPITAL LABORATORY SERVICES,nabl013645,2022,Medical,Renewal of Accreditation,Rajesh M,rajesh.m@nitte.edu.in,8722610299,"MEDICAL SCIENCES COMPLEX, UNIVERSITY ROAD",Karnataka,Mangaluru,575018,Accreditation Certificate Approved and Issued,"Clinical Biochemistry,Cytopathology,Molecular Testing,Haematology,Clinical Pathology,Microbiology & Infectious disease serology",,MC-7318,17/04/2025,16/04/2029,,,Archive Applications,Oct 3 2026 7:30AM
42,M-1833,"DEPARTMENT OF PATHOLOGY, BALRAMPUR HOSPITAL",nabl013688,2022,Medical,Renewal of Accreditation,Arvind Prasad,goldishivani@gmail.com,9454759876,KAISARBAGH,Uttar Pradesh,Lucknow,226018,Accreditation Certificate Approved and Issued,Clinical Biochemistry,,MC-7133,27/01/2025,26/01/2029,,,Archive Applications,Oct 3 2026 7:30AM
43,M-1848,"GNRC MEDICAL LAB, GNRC INSTITUTE OF MEDICAL SCIENCE (A UNIT OF GNRC LIMITED)",nabl013969,2022,Medical,Renewal of Accreditation,MADHAB KALITA,gnrclabnghy19@gmail.com,8011779919,SILA GRANT,Assam,North Guwahati,781031,Accreditation Certificate Approved and Issued,"Clinical Biochemistry,Haematology,Clinical Pathology,Microbiology & Infectious disease serology",,MC-6101,08/11/2025,07/11/2029,,,Archive Applications,Oct 3 2026 7:30AM
44,M-1911,APOLLOMEDICS SUPER SPECIALITY HOSPITALS,nabl013999,2022,Medical,NABL 201,Sandeep Tyagi,sandeep_tg@apollohospitals.com,9891578919,"KBC-31, SECTOR-B",Uttar Pradesh,Lucknow,226012,Accreditation Certificate Approved and Issued,"Clinical Biochemistry,Molecular Testing,Haematology,Microbiology & Infectious disease serology",,MC-7293,31/03/2025,30/03/2029,,10/12/2025,Archive Applications,Oct 3 2026 7:30AM
45,M-1910,"DEPARTMENT OF MICROBIOLOGy, SVNGMC YAVATMAL, HIV DIAGNOSTIC LABORATORY",nabl014049,2022,Medical,Renewal of Accreditation,Vivek M Gujar,srltoyavatmal@mahasacs.org,8208750188,"SRL,SVNGMC YAVATMAL",Maharashtra,Yavatmal,445001,Accreditation Certificate Approved and Issued,"Flow Cytometry,Microbiology & Infectious disease serology",,MC-4005,11/12/2024,10/12/2028,,,Archive Applications,Oct 3 2026 7:30AM
46,M-1861,CARE PATH LABS,nabl014098,2022,Medical,Renewal of Accreditation,RASHMI CHANCHLANI,rashmi_chanchlani@yahoo.co.in,7746973910,"1347/1, GROUND, FIRST and SECOND FLOOR, HOME SCIENCE COLLEGE ROAD, NAPIER TOWN",Madhya Pradesh,Jabalpur,482002,Accreditation Certificate Approved and Issued,"Clinical Biochemistry,Haematology,Microbiology & Infectious disease serology",,MC-7856,31/12/2025,30/12/2029,,,Archive Applications,Oct 3 2026 7:30AM
47,M-1883,SUNIL PATHOLOGY CLINIC PRIVATE LIMITED,nabl014177,2022,Medical,Renewal of Accreditation,N K Hinduja,nirmalhinduja@yahoo.com,9868128124,25/9 OLD RAJINDER NAGAR,Delhi,New Delhi,110060,Accreditation Certificate Approved and Issued,"Clinical Biochemistry,Haematology",,MC-4253,27/03/2025,26/03/2029,,,Archive Applications,Oct 3 2026 7:30AM
48,M-1880,NARAYANA HRUDAYALAYA LIMITED,nabl014184,2022,Medical,Scope Extension,Sheefali Jadhav,sheefali.jadhav.dr@narayanahealth.org,9867979836,"SRCC CHILDREN`S HOSPITAL, 1-1A, HAJI ALI PARK, K. KHADYE MARG, MAHALAXMI",Maharashtra,Mumbai,400034,Accreditation Certificate Approved and Issued,"Clinical Biochemistry,Molecular Diagnostics,Histopathology,Clinical Pathology,Microbiology & Infectious disease serology,Haematology & Immunohaematology",,MC-4254,03/04/2025,29/03/2029,,22/09/2026,Shweta Sinha,Oct 3 2026 7:30AM
49,M-1887,JEEVAN SCIENTIFIC TECHNOLOGY LIMITED-CLINICAL PATHOLOGY LABORATORY,nabl014188,2022,Medical,Renewal of Accreditation,K Suryanarayana,suryanarayana.kommu@jeevanscientific.com,9493228219,"PLOT NO: S-13, TIE, PHASE II, BALANAGAR",Telangana,Hyderabad,500037,Accreditation Certificate Approved and Issued,"Clinical Biochemistry,Haematology,Clinical Pathology,Microbiology & Infectious disease serology",,MC-5721,14/06/2025,13/06/2029,,,Archive Applications,Oct 3 2026 7:30AM
50,M-1882,"JSS HOSPITAL LABORATORY SERVICES (PART OF JAGADGURU SRI SHIVARATHREESWARA MEDICAL SERVICE TRUST), JSS HOSPITAL, MYSORE",nabl014202,2022,Medical,Renewal of Accreditation,Asha M,jsshnabl@gmail.com,9845747106,"JSS HOSPITAL, MAHATHMA GANDHI ROAD",Karnataka,Mysuru,570004,Accreditation Certificate Approved and Issued,"Clinical Biochemistry,Cytopathology,Molecular Testing,Cytogenetics,Haematology,Histopathology,Clinical Pathology,Microbiology & Infectious disease serology",,MC-1030,03/05/2025,02/05/2029,,10/12/2025,Shweta Sinha,Oct 3 2026 7:30AM
51,M-1879,S. SERUM ANALYSIS CENTRE (P) LTD.,nabl014207,2022,Medical,Renewal of Accreditation,Pritikana Dutta,serum.kol@gmail.com,8777593551,"82/4B, BIDHAN SARANI",West Bengal,Kolkata,700004,Accreditation Certificate Approved and Issued,"Clinical Biochemistry,Haematology,Clinical Pathology",",--Select Group--",MC-4124,29/01/2025,28/01/2029,,,Archive Applications,Oct 3 2026 7:30AM
52,M-1862,HCG MANAVATA CANCER CENTRE (A UNIT OF HCG MANAVATA ONCOLOGY LLP),nabl014263,2022,Medical,Renewal of Accreditation,Sucheta Gandhe,qualityunit2@manavatacancercentre.com,9325363379,"PLOT NO. 64+68, NASHIK SHIVAR, NEW MUMBAI AGRA HIGHWAY",Maharashtra,Nashik,422202,Accreditation Certificate Approved and Issued,"Clinical Biochemistry,Cytopathology,Haematology,Histopathology,Clinical Pathology,Microbiology & Infectious disease serology",,MC-4210,09/03/2025,08/03/2029,,,Archive Applications,Oct 3 2026 7:30AM
53,M-2228,HINDLABS DIAGNOSTIC CENTRE AND SPECIALITY CLINIC,nabl014276,2022,Medical,Renewal of Accreditation,PREEJA B,preeja3889@gmail.com,8301041299,"TRIDA-SOPANAM COMPLEX, MEDICAL COLLEGE",Kerala,Thiruvananthapuram,695011,Accreditation Certificate Approved and Issued,"Clinical Biochemistry,Haematology,Clinical Pathology,Microbiology & Infectious disease serology",,MC-5967,10/09/2025,07/09/2029,,19/09/2025,Archive Applications,Oct 3 2026 7:30AM
54,M-1867,LAB AT HOME,nabl014325,2022,Medical,Renewal of Accreditation,Mihir Shah,labathomemulund@gmail.com,9773456205,"17, TRIDEV COMMERCIAL COMPLEX, BHAKTI MARG, MULUND (WEST)",Maharashtra,Mumbai,400080,Accreditation Certificate Approved and Issued,"Clinical Biochemistry,Haematology,Clinical Pathology,Microbiology & Infectious disease serology",,MC-7327,25/04/2025,24/04/2029,,,Archive Applications,Oct 3 2026 7:30AM
55,M-1874,LABCORP DIAGNOSTICS PRIVATE LIMITED,nabl014345,2022,Medical,Renewal of Accreditation,Nisha Agnihotri,quality@ldpldiagnostics.com,8384003458,"B-101, PUSHPANJALI ENCLAVE",Delhi,New Delhi,110034,Accreditation Certificate Approved and Issued,"Clinical Biochemistry,Molecular Testing,Haematology,Clinical Pathology,Microbiology & Infectious disease serology",,MC-3353,31/10/2024,30/10/2028,,06/11/2024,Archive Applications,Oct 3 2026 7:30AM
56,M-2230,ALOKA MEDICARE PRIVATE LIMITED (DEPARTMENT OF LABORATORY SERVICES),nabl014354,2022,Medical,Renewal of Accreditation,Dilip Jana,chrc.finance@gmail.com,7980892297,"114 B, SARAT BOSE ROAD, LANSDOWNE",West Bengal,Kolkata,700029,Accreditation Certificate Approved and Issued,"Clinical Biochemistry,Haematology,Clinical Pathology",,MC-5981,15/09/2025,14/09/2029,,,Archive Applications,Oct 3 2026 7:30AM
57,M-1891,VIJAYA DIAGNOSTIC CENTRE LTD,nabl014368,2022,Medical,NABL 201,VIJAYA SREE MATHE,vijayasree.mathe@vijayadiagnostic.in,9989701120,"3-3, 193, SAVARAN ST, CHRISTIAN COLONY",Telangana,Karimnagar,505001,Accreditation Certificate Approved and Issued,"Clinical Biochemistry,Cytopathology,Haematology,Clinical Pathology,Microbiology & Infectious disease serology",,MC-4164,19/02/2025,18/02/2029,,05/08/2025,Archive Applications,Oct 3 2026 7:30AM
58,M-1900,PARAMOUNT DIAGNOSTIC AND RESEARCH CENTER (A UNIT OF PARAMOUNT CHARITY TRUST),nabl014386,2022,Medical,Renewal of Accreditation,MAYURI PATEL,quality@paramountdiagnostic.org,7069594490,"3RD FLOOR, PARAMOUNT COMPLEX, GOTRI",Gujarat,Vadodara,390007,Accreditation Certificate Approved and Issued,"Clinical Biochemistry,Cytopathology,Haematology,Histopathology,Clinical Pathology,Microbiology & Infectious disease serology",,MC-7511,16/07/2025,15/07/2029,,,Archive Applications,Oct 3 2026 7:30AM
59,M-1873,INTERMEDIATE REFERENCE LABORATORY,nabl014533,2022,Medical,Renewal of Accreditation,Anuradha Mohanty,anuradhamohanty29@gmail.com,9611408055,"SDS & RGICD CAMPUS, SOMESHWARANAGARA",Karnataka,Bengaluru,560029,Accreditation Certificate Approved and Issued,"Molecular Testing,Microbiology & Infectious disease serology",,MC-7847,26/12/2025,25/12/2029,,,Archive Applications,Oct 3 2026 7:30AM
60,M-4036,"DEPARTMENT OF LABORATORY MEDICINE, DAYA GENERAL HOSPITAL LIMITED",nabl014554,2022,Medical,Renewal of Accreditation,KAVYA P,kavyaprabha2011@gmail.com,9400724090,SHORNUR ROAD,Kerala,Thrissur,680022,Accreditation Certificate Approved and Issued,"Clinical Biochemistry,Haematology",,MC-7315,16/04/2025,15/04/2029,,,Archive Applications,Oct 3 2026 7:30AM
61,M-2148,LUCID MEDICAL DIAGNOSTICS PRIVATE LIMITED,nabl014570,2022,Medical,Renewal of Accreditation,S Abdul Nabi,qualitycell@luciddiagnostics.com,9133355144,"BHIMAVARAM HOSPITALS, D NO 7-32/2, JP ROAD, CHINAMIRAM, BHIMAVARAM MANDAL",Andhra Pradesh,Bhimavaram,534204,Accreditation Certificate Approved and Issued,"Clinical Biochemistry,Haematology,Clinical Pathology",,MC-4085,05/03/2025,14/02/2029,,12/03/2025,Archive Applications,Oct 3 2026 7:30AM
62,M-1876,BIOSCAN DIAGNOSTICS,nabl014578,2022,Medical,Renewal of Accreditation,TERESA BISWAS,teresabiswasguha@gmail.com,9613691440,"A.T. ROAD. GOKUL VILLA, ADABARI TINIALI",Assam,Guwahati,781012,Accreditation Certificate Approved and Issued,"Clinical Biochemistry,Haematology",,MC-5709,06/06/2025,05/06/2029,,,Archive Applications,Oct 3 2026 7:30AM
63,M-2828,"LABORATORY SERVICES, GUJARAT MEDICAL EDUCATION AND RESEARCH SOCIETY (GMERS) MEDICAL COLLEGE AND HOSPITAL",nabl014638,2022,Medical,Renewal of Accreditation,Mitesh Kamothi,hod.microb.gotri@gmail.com,9426996787,OLD T. B. CAMPUS,Gujarat,Vadodara,390021,Accreditation Certificate Approved and Issued,"Clinical Biochemistry,Cytopathology,Molecular Testing,Haematology,Histopathology,Clinical Pathology,Microbiology & Infectious disease serology",,MC-4696,08/09/2025,07/09/2029,,,Archive Applications,Oct 3 2026 7:30AM
64,M-2874,ZAFFJAY MEDICAL SERVICE (INDIA) PRIVATE LIMITED-LABORATORY,nabl014680,2022,Medical,Renewal of Accreditation,Pooja Gumaste,viekram@zaffjay.com,9820410008,"1/B, 1ST FLOOR, APSARA CINEMA BUILDING, DR.DADASAHEB BHADKAMKAR MARG, GRANT ROAD",Maharashtra,Mumbai,400007,Accreditation Certificate Approved and Issued,"Clinical Biochemistry,Haematology,Clinical Pathology,Microbiology & Infectious disease serology",,MC-4351,17/05/2025,16/05/2029,,,Archive Applications,Oct 3 2026 7:30AM
65,M-1985,"LABORATORY SERVICES, S.S.G. HOSPITAL & MEDICAL COLLEGE BARODA",nabl014698,2022,Medical,Renewal of Accreditation,SANDEEP NANDA,lsbssgh@gmail.com,9898168578,"S S G HOSPITAL, ANANDPURA",Gujarat,Vadodara,390001,Accreditation Certificate Approved and Issued,"Clinical Biochemistry,Cytopathology,Molecular Testing,Haematology,Histopathology,Clinical Pathology,Flow Cytometry,Microbiology & Infectious disease serology",,MC-4355,03/06/2025,18/05/2029,,07/06/2025,Archive Applications,Oct 3 2026 7:30AM
66,M-1892,VCARE DIAGNOSTICS AND MEDICAL CENTRE,nabl014710,2022,Medical,Renewal of Accreditation,Furqan Murumkar,fattrust123@gmail.com,8097959560,"BHAGYASHREE APARTMENT, GUPTE CHOWK, DOODH NAKA",Maharashtra,Thane,421301,Accreditation Certificate Approved and Issued,"Clinical Biochemistry,Haematology,Microbiology & Infectious disease serology",,MC-4352,17/05/2025,16/05/2029,,,Archive Applications,Oct 3 2026 7:30AM
67,M-2894,DR. D. Y. PATIL HOSPITAL AND RESEARCH CENTRE LABORATORY,nabl014745,2022,Medical,Renewal of Accreditation,SANA AMREEN,sanasanaamreen@gmail.com,8975738931,"DR. D. Y. PATIL MEDICAL COLLEGE, HOSPITAL AND RESEARCH CENTRE, SANT TUKARAM NAGAR, PIMPRI",Maharashtra,Pune,411018,Accreditation Certificate Approved and Issued,"Clinical Biochemistry,Cytopathology,Molecular Testing,Haematology,Histopathology,Clinical Pathology,Microbiology & Infectious disease serology",,MC-6066,23/10/2025,16/10/2029,,08/11/2025,Archive Applications,Oct 3 2026 7:30AM
68,M-3497,D. S. DIAGNOSTIC CENTRE,nabl014768,2022,Medical,Renewal of Accreditation,Saibal chakraborty,saibalchakraborty76@gmail.com,9830482668,"20 TAGORE, TEMPLE ROAD, SHYAMNAGAR",West Bengal,Kolkata,743127,Accreditation Certificate Approved and Issued,"Clinical Biochemistry,Haematology",,MC-5393,09/11/2024,08/11/2028,,14/11/2024,Archive Applications,Oct 3 2026 7:30AM
69,M-2659,CHANDAN HOSPITAL - LAB SERVICES (UNIT OF CHANDAN HOSPITAL LTD),nabl014784,2022,Medical,Renewal of Accreditation,BRAHM PRAKASH,brahm1976@gmail.com,9454444434,"HOSPITAL BUILDING, VIJAYANT KHAND, GOMTI NAGAR, FAIZABAD ROAD",Uttar Pradesh,Lucknow,226010,Accreditation Certificate Approved and Issued,"Clinical Biochemistry,Haematology,Clinical Pathology,Microbiology & Infectious disease serology",,MC-5801,13/07/2025,12/07/2029,,,Archive Applications,Oct 3 2026 7:30AM
70,M-1906,"LABORATORY DIVISION, NATIONAL TUBERCULOSIS INSTITUTE",nabl014819,2022,Medical,Renewal of Accreditation,SARIKA JAIN AGRAWAL,drsarika.nti@gmail.com,9891604515,"NO.8, BELLARY ROAD, PALACE GUTTAHALLI",Karnataka,Bengaluru,560003,Accreditation Certificate Approved and Issued,"Molecular Testing,Microbiology & Infectious disease serology",,MC-4255,02/04/2025,30/03/2029,,08/04/2025,Archive Applications,Oct 3 2026 7:30AM
71,M-1978,RADIAL DIAGNOSTICS PRIVATE LIMITED,nabl014829,2022,Medical,Renewal of Accreditation,Ramakrishna N Gowda,ramakrishna@radialdiagnostics.in,9986500570,"8TH A CROSS, 16TH A MAIN ROAD, CA SITE, LIONS SEVA BHAVANA, YELAHANKA NEW TOWN",Karnataka,Bengaluru,560064,Accreditation Certificate Approved and Issued,"Clinical Biochemistry,Haematology,Clinical Pathology,Microbiology & Infectious disease serology",,MC-4230,18/03/2025,17/03/2029,,,Archive Applications,Oct 3 2026 7:30AM
72,M-2845,LABORATORY SERVICES - GENERAL HOSPITAL SOLA,nabl014889,2022,Medical,Renewal of Accreditation,SUNIL S PATANI,dr_sunilpatani@yahoo.co.in,9428810796,"GMERS MEDICAL COLLEGE & HOSPITAL, S.G.HIGHWAY",Gujarat,Ahmedabad,380060,Accreditation Certificate Approved and Issued,"Clinical Biochemistry,Cytopathology,Histopathology,Clinical Pathology,Haematology & Immunohaematology",,MC-7991,11/03/2026,10/03/2030,,,Shweta Sinha,Oct 3 2026 7:30AM
73,M-2922,SPC LABORATORY (A UNIT OF SALEM POLYCLINIC PRIVATE LIMITED),nabl014957,2022,Medical,Renewal of Accreditation,U N Priyadharshini,priyaneelakandan@gmail.com,9444051858,"NO.250, OMALUR MAIN ROAD, PERAMANUR",Tamil Nadu,Salem,636007,Accreditation Certificate Approved and Issued,"Clinical Biochemistry,Haematology,Clinical Pathology,Microbiology & Infectious disease serology",,MC-4745,29/09/2025,28/09/2029,,,Archive Applications,Oct 3 2026 7:30AM
74,M-1901,"CENTRAL LABORATORY, GOVERNMENT INSTITUTE OF MEDICAL SCIENCES",nabl014965,2022,Medical,Renewal of Accreditation,Manisha Singh,manishakamendu@gmail.com,7011435560,"KASNA, GAUTAM BUDDHA NAGAR",Uttar Pradesh,Greater Noida,201310,Accreditation Certificate Approved and Issued,"Clinical Biochemistry,Haematology,Microbiology & Infectious disease serology",,MC-7536,03/08/2025,02/08/2029,,,Archive Applications,Oct 3 2026 7:30AM
75,M-2367,DEPARTMENT OF LABORATORY SERVICES- AHINSA JAIN DHARMARTH SANSTHAN,nabl014977,2022,Medical,Renewal of Accreditation,Monika Saxena,"ahinsadham@gmail.com , ahinsadhamlab@gmail.com",9250914631,"F-1-2(R2), MADHU VIHAR, I.P EXT.",Delhi,Delhi,110092,Accreditation Certificate Approved and Issued,"Clinical Biochemistry,Haematology",,MC-4208,12/03/2025,11/03/2029,,,Archive Applications,Oct 3 2026 7:30AM
76,M-1921,ASTER CLINICAL LAB LLP,nabl015144,2022,Medical,Scope Extension,Ashok,s.ashok@asterlabs.in,9845838041,"NO 24, VENKATAPPA ROAD, TASKER TOWN",Karnataka,Bengaluru,560001,Accreditation Certificate Approved and Issued,"Clinical Biochemistry,Cytopathology,Molecular Testing,Cytogenetics,Haematology,Histopathology,Clinical Pathology,Flow Cytometry,Microbiology & Infectious disease serology",",--Select Group--",MC-7046,23/12/2024,22/12/2028,,30/09/2025,Archive Applications,Oct 3 2026 7:30AM
77,M-2039,BAI JERBAI WADIA HOSPITAL FOR CHILDREN LABORATORY,nabl015166,2022,Medical,Renewal of Accreditation,Dhruv Mamtora,dhruv.mamtora@wadiahospitals.org,8369388751,"ACHARYA DHONDE MARG, PAREL",Maharashtra,Mumbai,400012,Accreditation Certificate Approved and Issued,"Clinical Biochemistry,Cytopathology,Molecular Testing,Haematology,Histopathology,Clinical Pathology,Microbiology & Infectious disease serology",,MC-4061,04/01/2025,03/01/2029,,15/01/2025,Archive Applications,Oct 3 2026 7:30AM
78,M-1918,SRI AUROBINDO MEDICAL COLLEGE AND P.G. INSTITUTE,nabl015205,2022,Medical,Renewal of Accreditation,Susmit Kosta,susmit.kosta@saimsonline.com,9685786958,INDORE UJJAIN STATE HIGHWAY,Madhya Pradesh,Indore,453555,Accreditation Certificate Approved and Issued,"Clinical Biochemistry,Molecular Diagnostics,Clinical Pathology,Microbiology & Infectious disease serology,Haematology & Immunohaematology",,MC-3357,14/04/2026,13/04/2030,,15/04/2026,Archive Applications,Oct 3 2026 7:30AM
79,M-2045,NEUBERG DIAGNOSTICS PRIVATE LIMITED,nabl015222,2022,Medical,NABL 201,Divya Jayaram,dr.divya@neubergdiagnostics.com,9288011160,"North Square, Paramara Road, Kacheripady",Kerala,Kochi,682018,Accreditation Certificate Approved and Issued,"Clinical Biochemistry,Clinical Pathology,Microbiology & Infectious disease serology,Haematology & Immunohaematology",,MC-7530,17/08/2026,30/07/2029,,,Archive Applications,Oct 3 2026 7:30AM
80,M-1928,R D GARDI MEDICAL COLLEGE (A UNIT OF UJJAIN CHARITABLE TRUST HOSPITAL AND RESEARCH CENTRE),nabl015245,2022,Medical,Renewal of Accreditation,manju purohit,manjuraj.purohit64@gmail.com,9425093572,"AGAR ROAD, SURASA",Madhya Pradesh,Ujjain,456006,Accreditation Certificate Approved and Issued,Molecular Testing,,MC-3359,13/01/2025,12/01/2029,,25/01/2025,Archive Applications,Oct 3 2026 7:30AM
81,M-1926,"CENTRAL RESEARCH LABORATORY, DR. D. Y. PATIL MEDICAL COLLEGE HOSPITAL & RESEARCH CENTER",nabl015248,2022,Medical,Renewal of Accreditation,Shahzad Mirza,mdl.medical@dpu.edu.in,7507372372,"BLOCK 1, D Y PATIL COLLEGE ROAD, SANT TUKARAM NAGAR, PIMPRI",Maharashtra,Pune,411018,Accreditation Certificate Approved and Issued,"Molecular Testing,Haematology",,MC-6882,03/10/2024,02/10/2028,,,Archive Applications,Oct 3 2026 7:30AM
82,M-1934,BHARATI VIDYAPEETH (DEEMED TO BE UNIVERSITY) MEDICAL COLLEGE AND HOSPITAL (UNIT OF BHARATI VIDYAPEETH) LABORATORY,nabl015252,2022,Medical,Renewal of Accreditation,Gajanan J Belwalkar,gbelwalkar29@gmail.com,9422515529,SANGLI MIRAJ ROAD WALNESSWADI,Maharashtra,Sangli,416414,Accreditation Certificate Approved and Issued,"Clinical Biochemistry,Cytopathology,Molecular Testing,Haematology,Histopathology,Microbiology & Infectious disease serology",,MC-5742,23/06/2025,22/06/2029,,,Archive Applications,Oct 3 2026 7:30AM
83,M-2766,KRISHNA DIAGNOSTICS PVT LTD,nabl015282,2022,Medical,Renewal of Accreditation,Sanchita Chakraborty,dsanchita8@gmail.com,9831587408,"B-180, SURVEY PARK, SANTOSHPUR",West Bengal,Kolkata,700075,Accreditation Certificate Approved and Issued,"Clinical Biochemistry,Molecular Testing,Haematology",,MC-4154,15/02/2025,14/02/2029,,25/02/2025,Archive Applications,Oct 3 2026 7:30AM
84,M-1959,ORBITO ASIA DIAGNOSTICS,nabl015283,2022,Medical,Renewal of Accreditation,Jemima D Kingsley,jemima@orbitoasia.com,9585153565,"737, PULIYAKULAM ROAD",Tamil Nadu,Coimbatore,641045,Accreditation Certificate Approved and Issued,"Clinical Biochemistry,Cytopathology,Molecular Testing,Haematology,Histopathology,Clinical Pathology,Microbiology & Infectious disease serology",,MC-7473,28/06/2025,27/06/2029,,,Archive Applications,Oct 3 2026 7:30AM
85,M-2952,PAVNI PATHOLOGY AND BIOPSY CENTRE,nabl015293,2022,Medical,Renewal of Accreditation,PUNIT BAHAL,pavnipathology1@gmail.com,9936177995,"113/21, SHAHI DARBAR APARTMENT,SWAROOP NAGAR",Uttar Pradesh,Kanpur,208002,Accreditation Certificate Approved and Issued,"Clinical Biochemistry,Haematology",,MC-4637,25/08/2025,24/08/2029,,,Archive Applications,Oct 3 2026 7:30AM
86,M-2680,JMF'S ACPM MEDICAL COLLEGE MOLECULAR LABORATORY,nabl015332,2022,Medical,Renewal of Accreditation,Nitin Kulkarni,deanacpm@gmail.com,7020676227,"GROUND FLOOR, F-WING, BLOCK NO-F009 & F010, SAKRI ROAD",Maharashtra,Dhule,424001,Accreditation Certificate Approved and Issued,"Molecular Testing,Microbiology & Infectious disease serology",,MC-7457,26/06/2025,25/06/2029,,,Archive Applications,Oct 3 2026 7:30AM
87,M-1941,"MOLECULAR TESTING, INSTITUTE OF LABORATORY MEDICINE, KOVAI MEDICAL CENTER AND HOSPITAL",nabl015335,2022,Medical,Renewal of Accreditation,MUTHUSAMI K R,drmuthusamikr@kmchhospitals.com,9944445533,"INSTITUTE OF LABORATORY MEDICINE, KOVAI MEDICAL CENTER AND HOSPITAL, 99, AVINASHI ROAD",Tamil Nadu,Coimbatore,641014,Accreditation Certificate Approved and Issued,Molecular Diagnostics,,MC-7858,31/12/2025,30/12/2029,,,Archive Applications,Oct 3 2026 7:30AM
88,M-1939,"MAHATMA GANDHI MEDICAL COLLEGE AND RESEARCH INSTITUTE, LABORATORY SERVICES",nabl015351,2022,Medical,Renewal of Accreditation,Bhavani K,bhavanik@mgmcri.ac.in,8220201448,"SECOND FLOOR (COLLEGE BLOCK), GROUND FLOOR (HOSPITAL BLOCK), PONDICHERRY - CUDDALORE RD, PILLAYARKUPPAM",Puducherry,Puducherry,607402,Accreditation Certificate Approved and Issued,"Clinical Biochemistry,Molecular Testing,Haematology,Histopathology,Clinical Pathology,Microbiology & Infectious disease serology",,MC-7189,21/02/2025,20/02/2029,,,Archive Applications,Oct 3 2026 7:30AM
89,M-2529,"PUSHPAGIRI CENTRE FOR VIROLOGY, DEPARTMENT OF MICROBIOLOGY, PUSHPAGIRI MEDICAL COLLEGE HOSPITAL, PUSHPAGIRI INSTITUTE OF MEDICAL SCIENCES & RESEARCH CENTRE (PUSHPAGIRI MEDICAL SOCIETY)",nabl015356,2022,Medical,Renewal of Accreditation,GEORGE VARGHESE,surugv@gmail.com,9847380149,PUSHPAGIRI INSTITIUTE OF MEDICAL SCIENCES & RESEARCH CENTER,Kerala,Thiruvalla,689101,Accreditation Certificate Approved and Issued,Molecular Testing,,MC-7164,07/02/2025,06/02/2029,,,Archive Applications,Oct 3 2026 7:30AM
90,M-2207,MES MEDICAL COLLEGE & HOSPITAL (DEPARTMENT OF LABORATORY SERVICES ) - A UNIT OF MUSLIM EDUCATIONAL SOCIETY,nabl015358,2022,Medical,NABL 201,SYED MUSTAQ AHMED,syedmustaq35@gmail.com,9846609106,"MALAPARAMBA, PALACHODE PO, MALAPPURAM DIST",Kerala,Perinthalmanna,679338,Accreditation Certificate Approved and Issued,"Clinical Biochemistry,Cytopathology,Molecular Testing,Haematology,Histopathology",,MC-6892,03/07/2025,03/10/2028,,,Archive Applications,Oct 3 2026 7:30AM
91,M-2100,"APOLLO HOSPITALS LABORATORY, SHESHADRIPURAM",nabl015399,2022,Medical,Renewal of Accreditation,RESHMA ANEGUNDI,labhod_ssp@apollohospitals.com,9886808014,"NEW#1, OLD#28, PLATFORM ROAD",Karnataka,Bengaluru,560020,Accreditation Certificate Approved and Issued,"Clinical Biochemistry,Haematology,Clinical Pathology,Microbiology & Infectious disease serology",,MC-5806,14/07/2025,13/07/2029,,16/07/2025,Archive Applications,Oct 3 2026 7:30AM
92,M-1952,"NARAYANA NETHRALAYA, DEPT OF MOLECULAR DIAGNOSTICS",nabl015419,2022,Medical,Renewal of Accreditation,VENKATA RAMANA A,drvenkatanandula@gmail.com,9663301277,"NARAYANA HEALTH CITY, 258/A, BOMMASANDRA",Karnataka,Bengaluru,560099,Accreditation Certificate Approved and Issued,Molecular Diagnostics,,MC-3398,25/05/2026,24/05/2030,,,Shweta Sinha,Oct 3 2026 7:30AM
93,M-2117,"DEPARTMENT OF LABORATORY SERVICES, APOLLO HOSPITALS ENTERPRISE LIMITED",nabl015435,2022,Medical,Scope Extension,S Mohsin,hodlab_nm@apollohospitals.com,8169255479,"PLOT #13, PARSIK HILL RD, SECTOR 23, CBD BELAPUR",Maharashtra,Navi Mumbai,400614,Accreditation Certificate Approved and Issued,"Clinical Biochemistry,Cytopathology,Molecular Diagnostics,Histopathology,Clinical Pathology,Microbiology & Infectious disease serology,Haematology & Immunohaematology",,MC-6957,11/11/2024,10/11/2028,,04/05/2026,Archive Applications,Oct 3 2026 7:30AM
94,M-1955,ASIAN INSTITUTE OF GASTROENTEROLOGY DEPARTMENT OF LABORATORY MEDICINE,nabl015448,2022,Medical,Renewal of Accreditation,Gowthami,quality@aighospitals.com,9550804432,"SURVEY NO 136, PLOT NO 2/3/4/5, 1, MINDSPACE RD, GACHIBOWLI, RANGA REDDY",Telangana,Hyderabad,500032,Accreditation Certificate Approved and Issued,"Clinical Biochemistry,Cytopathology,Molecular Testing,Haematology,Histopathology,Clinical Pathology,Flow Cytometry,Microbiology & Infectious disease serology",,MC-7137,28/01/2025,27/01/2029,,,Archive Applications,Oct 3 2026 7:30AM
95,M-2053,"LABORATORY MEDICINE, PREMIUM MEDICAL AND HEALTH CARE PROVIDERS PRIVATE LIMITED",nabl015454,2022,Medical,Renewal of Accreditation,SHABANA RAZMIN,shabana.r@meitra.com,9207702017,"38/2208-B, MEITRA HOSPITAL, KARAPARMBA KUNDUPARMBA MINI BYPASS, KOZHIKODE CORPORATION",Kerala,Kozhikode,673005,Accreditation Certificate Approved and Issued,"Clinical Biochemistry,Cytopathology,Molecular Testing,Haematology,Histopathology,Clinical Pathology,Microbiology & Infectious disease serology",,MC-6951,10/11/2024,09/11/2028,,,Archive Applications,Oct 3 2026 7:30AM
96,M-2005,"DEPARTMENT OF LABORATORY MEDICINE, JUPITER LIFE LINE HOSPITALS LIMITED",nabl015456,2022,Medical,Scope Extension,Amit Bhide,amit.bhide@jupiterhospital.com,9225511178,"BANER-PIMPLE NILAKH ROAD, BANER",Maharashtra,Pune,411045,Accreditation Certificate Approved and Issued,"Clinical Biochemistry,Cytopathology,Molecular Diagnostics,Histopathology,Clinical Pathology,Microbiology & Infectious disease serology,Haematology & Immunohaematology",,MC-3407,01/06/2026,31/05/2030,,07/09/2026,Shweta Sinha,Oct 3 2026 7:30AM
97,M-2112,"DEPARTMENT OF LABORATORY MEDICINE, APOLLO PERSONALISED HEALTH CHEK CENTRE (A UNIT OF ASSAM HOSPITALS LTD.)",nabl015491,2022,Medical,Renewal of Accreditation,MOUSHUMI SAIKIA,drmoushumi_s@apollohospitals.com,9435734071,"BLOCK-H, SUBHAM BUILDWELL COMPLEX, R.G. BARUAH ROAD",Assam,Guwahati,781005,Accreditation Certificate Approved and Issued,"Clinical Biochemistry,Cytopathology,Molecular Testing,Haematology,Histopathology,Clinical Pathology,Microbiology & Infectious disease serology",,MC-3480,28/01/2025,13/01/2029,,09/02/2025,Archive Applications,Oct 3 2026 7:30AM
98,M-2065,METRO PATHLABS,nabl015508,2022,Medical,Renewal of Accreditation,MAYANK MADAN,drmayankmadan@gmail.com,9996362351,"MADAN ULTRASOUND CENTRE, TB HOSPITAL ROAD",Haryana,Ambala,134003,Accreditation Certificate Approved and Issued,Clinical Biochemistry,,MC-4181,01/03/2025,28/02/2029,,12/03/2025,Archive Applications,Oct 3 2026 7:30AM
99,M-2386,VISWABHARATHI MEDICAL COLLEGE AND HOSPITAL VIROLOGY RESEARCH AND DIAGNOSTIC LABORATORY,nabl015534,2022,Medical,Renewal of Accreditation,G MOUNIKA,vmcvrdl@gmail.com,9121853233,"RT NAGAR, PENCHIKALAPADU",Andhra Pradesh,Kurnool,518467,Accreditation Certificate Approved and Issued,Molecular Testing,,MC-7662,03/10/2025,02/10/2029,,,Archive Applications,Oct 3 2026 7:30AM
100,M-2844,PERFECT DIAGNOSTICS (A UNIT OF BIG X RAY DIAGNOSTICS CENTRE LLP),nabl015583,2022,Medical,Renewal of Accreditation,Paresh Gurjar,perfectdiagnostics@gmail.com,9898249619,"33 TO 39, 2ND FLOOR, SHEETAL SHOPPING SQUARE, BHATAR ROAD",Gujarat,Surat,395007,Accreditation Certificate Approved and Issued,"Clinical Biochemistry,Molecular Diagnostics,Clinical Pathology,Microbiology & Infectious disease serology,Haematology & Immunohaematology",",--Select Group--",MC-7648,27/09/2025,26/09/2029,,,Archive Applications,Oct 3 2026 7:30AM
1,M-2175,"PROGEN MOLECULAR BIOLOGY LAB, ACME PROGEN BIOTECH (INDIA) PRIVATE LIMITED",nabl015591,2022,Medical,Renewal of Accreditation,Ganesan V,acmeprogen@gmail.com,9444495531,"#260G, RAM SQUARE, 2ND FLOOR, ADVAITHA ASHRAM ROAD, BALAJI NAGAR",Tamil Nadu,Salem,636016,Accreditation Certificate Approved and Issued,Molecular Testing,,MC-3625,22/12/2024,21/12/2028,,27/12/2024,Archive Applications,Oct 3 2026 7:30AM
2,M-1982,"DEPARTMENT OF VIROLOGY, NARAYAN MEDICAL COLLEGE & HOSPITAL",nabl015595,2022,Medical,Renewal of Accreditation,ASHWINI KUMAR,nmchcovid19@gmail.com,8709340869,JAMUHAR,Bihar,Sasaram,821305,Accreditation Certificate Approved and Issued,Molecular Testing,,MC-3396,18/01/2025,17/01/2029,,05/02/2025,Archive Applications,Oct 3 2026 7:30AM
3,M-2029,AARA CLINICAL LABORATORIES,nabl015603,2022,Medical,NABL 201,ZAHIR HUSSAIN,aaralabs@gmail.com,9841076177,"3RD FLOOR NO 251, HAMID BUILDING, ANNA SALAI",Tamil Nadu,Chennai,600006,Accreditation Certificate Approved and Issued,"Clinical Biochemistry,Molecular Testing",,MC-3438,23/10/2024,22/10/2028,,10/09/2026,Shweta Sinha,Oct 3 2026 7:30AM
4,M-3390,Department of Immunohematology & Blood Transfusion (IHBT),nabl015631,2022,Medical,Renewal of Accreditation,Balaji M,clinpath@cmcvellore.ac.in,9789446263,"CHRISTIAN MEDICAL COLLEGE, IDA SCUDDER ROAD",Tamil Nadu,Vellore,632004,Accreditation Certificate Approved and Issued,"Clinical Pathology,Haematology & Immunohaematology,Histocompatibility & Immunogenetics",,MC-7932,05/02/2026,04/02/2030,,,Gayathri S,Oct 3 2026 7:30AM
5,M-2000,DEPARTMENT OF MOLECULAR TESTING LABORATORY MEENAKSHI MEDICAL COLLEGE HOSPITAL AND RESEARCH INSTITUTE,nabl015653,2022,Medical,Renewal of Accreditation,SENTHAMARAI S,mmchri@gmail.com,8667484916,"ENATHUR, KARRAPETTAI POST",Tamil Nadu,Kanchipuram,631552,Accreditation Certificate Approved and Issued,Molecular Testing,,MC-6944,07/11/2024,06/11/2028,,,Archive Applications,Oct 3 2026 7:30AM
6,M-2047,CONTINENTAL HOSPITAL PRIVATE LIMITED - DEPARTMENT OF ADVANCED DIAGNOSTICS AND LABORATORY MEDICINE,nabl015691,2022,Medical,Renewal of Accreditation,B NARSIMHA REDDY,narsimha.r@continentalhospitals.com,9492926850,"PLOT NO. 3, ROAD NO. 2, IT & FINANCIAL DISTRICT",Telangana,Hyderabad,500032,Accreditation Certificate Approved and Issued,"Clinical Biochemistry,Cytopathology,Molecular Testing,Haematology,Histopathology,Clinical Pathology,Microbiology & Infectious disease serology",,MC-3442,11/12/2024,25/11/2028,,23/12/2024,Archive Applications,Oct 3 2026 7:30AM
7,M-2021,"DEPARTMENT OF LAB SERVICES, BALCO MEDICAL CENTRE (VEDANTA MEDICAL RESEARCH FOUNDATION)",nabl015726,2022,Medical,Renewal of Accreditation,Sandeep Ojha,Sandeep.Ojha@vedanta.co.in,7806090888,"BALCO MEDICAL CENTRE, SECTOR-36, NAYA RAIPUR, PO: UPARWARA",Chhattisgarh,Raipur,493661,Accreditation Certificate Approved and Issued,"Clinical Biochemistry,Cytopathology,Haematology,Histopathology,Microbiology & Infectious disease serology",,MC-3418,27/12/2024,26/12/2028,,,Archive Applications,Oct 3 2026 7:30AM
8,M-2028,SRI SHANKARA CANCER HOSPITAL AND RESEARCH CENTRE - LABORATORY SERVICES,nabl015758,2022,Medical,Renewal of Accreditation,B S SRINATH,drbss@sschrc.org,9986989075,"SHANKARA MATH PREMISES, 1ST CROSS, SHANKARAPURAM",Karnataka,Bengaluru,560004,Accreditation Certificate Approved and Issued,"Clinical Biochemistry,Cytopathology,Molecular Testing,Cytogenetics,Haematology,Histopathology,Clinical Pathology,Flow Cytometry,Microbiology & Infectious disease serology",,MC-3502,30/12/2024,26/12/2028,,22/01/2025,Archive Applications,Oct 3 2026 7:30AM
9,M-2478,CITY DIAGNOSTIC CENTRE,nabl015777,2022,Medical,Renewal of Accreditation,Raman Sukhija,ramansukhija70@gmail.com,9996359540,"HOUSE NO-1207/19, HARI NAGAR",Haryana,Rohtak,124001,Accreditation Certificate Approved and Issued,"Clinical Biochemistry,Haematology",,MC-1033,05/05/2025,04/05/2029,,,Archive Applications,Oct 3 2026 7:30AM
10,M-2057,"CENTRAL LABORATORY, SHANTI MEMORIAL HOSPITAL",nabl015851,2022,Medical,Renewal of Accreditation,Gurjeet Singh Saggu,quality@shantimemorialhospital.com,7667285199,"PATNAIK COLONY, THORIA SAHI",Odisha,Cuttack,753001,Accreditation Certificate Approved and Issued,Clinical Biochemistry,,MC-5980,15/09/2025,14/09/2029,,21/09/2025,Archive Applications,Oct 3 2026 7:30AM
11,M-2468,ACER DIAGNOSTICS PRIVATE LIMITED,nabl015881,2022,Medical,Renewal of Accreditation,LEKHA BISWAS,lbiswas25@gmail.com,9433814910,"FLAT NO 1,162/12/3,VIVEKANANDA APARTMENT, GR FLOOR,LAKE GARDENS",West Bengal,Kolkata,700045,Accreditation Certificate Approved and Issued,Clinical Biochemistry,,MC-4206,09/03/2025,08/03/2029,,10/03/2025,Archive Applications,Oct 3 2026 7:30AM
12,M-0878,REGENIX SUPER SPECIALITY LABORATORIES PRIVATE LIMITED,nabl015910,2022,Medical,Renewal of Accreditation,S SUBRAMANIAM,subramaniam@regenix.in,9841113331,"42, LOGANATHAN NAGAR, 100 FEET ROAD, CHOOLAIMEDU",Tamil Nadu,Chennai,600094,Accreditation Certificate Approved and Issued,"Clinical Biochemistry,Molecular Testing,Haematology,Clinical Pathology,Microbiology & Infectious disease serology",,MC-6130,04/12/2025,16/11/2029,,11/12/2025,Archive Applications,Oct 3 2026 7:30AM
13,M-2064,DR. CHOPRA'S PATH CLINIC,nabl015931,2022,Medical,Renewal of Accreditation,MEENU CHOPRA,drmeenuchopra@gmail.com,9810985984,III-F/8 RAKESH MARG NEHRU NAGAR,Uttar Pradesh,Ghaziabad,201001,Accreditation Certificate Approved and Issued,"Clinical Biochemistry,Cytopathology,Molecular Diagnostics,Clinical Pathology,Microbiology & Infectious disease serology,Haematology & Immunohaematology",,MC-3430,22/06/2026,21/06/2030,,,Shweta Sinha,Oct 3 2026 7:30AM
14,M-2061,MEENAKSHI HOSPITAL LABORATORY SERVICES,nabl015935,2022,Medical,Renewal of Accreditation,Arathi N,arathin10@gmail.com,9443790783,"244/2, TRICHY MAIN ROAD",Tamil Nadu,Thanjavur,613005,Accreditation Certificate Approved and Issued,"Clinical Biochemistry,Cytopathology,Molecular Testing,Haematology,Histopathology,Clinical Pathology,Microbiology & Infectious disease serology",,MC-3431,13/01/2025,12/01/2029,,22/01/2025,Archive Applications,Oct 3 2026 7:30AM
15,M-2082,MICROPRAXIS LABS,nabl015939,2022,Medical,Renewal of Accreditation,POOJA SAHAI,micropraxislabs@gmail.com,9122869159,"2ND FLOOR, NEW BUILDING, GURUNANAK HOSPITAL AND RESEARCH CENTRE, STATION ROAD",Jharkhand,Ranchi,834001,Accreditation Certificate Approved and Issued,Molecular Testing,,MC-6913,14/10/2024,13/10/2028,,,Archive Applications,Oct 3 2026 7:30AM
16,M-2087,"LABORATORY SERVICES, LAKESHORE HOSPITAL & RESEARCH CENTRE LIMITED",nabl016019,2022,Medical,NABL 201,NISHANTH M,biochemistry@lakeshorehospital.org,8606429390,"NH-66 BYPASS, NETTOR, MARADU",Kerala,Ernakulam,682040,Accreditation Certificate Approved and Issued,"Clinical Biochemistry,Cytopathology,Molecular Testing,Molecular Diagnostics,Histopathology,Clinical Pathology,Microbiology & Infectious disease serology,Haematology & Immunohaematology",,MC-3457,18/03/2025,17/03/2029,,29/05/2026,Shweta Sinha,Oct 3 2026 7:30AM
17,M-2110,SSPM MEDICAL COLLEGE AND LIFETIME HOSPITAL,nabl016036,2022,Medical,Renewal of Accreditation,Vishwashanti S Vatkar,vsvatkar@gmail.com,8788886233,"PADAVE, KASAL MALVAN ROAD",Maharashtra,Sindhudurg,416534,Accreditation Certificate Approved and Issued,Molecular Testing,,MC-7123,29/01/2025,28/01/2029,,,Archive Applications,Oct 3 2026 7:30AM
18,M-2123,PATHOGENIX LABS (OPC) PRIVATE LIMITED,nabl016058,2022,Medical,Renewal of Accreditation,A SANTHOSH,drsanthos2k@gmail.com,8056046460,"NO- 1515, GRAND THE HUB, AVINASHI ROAD , PEELAMEDU",Tamil Nadu,Coimbatore,641004,Accreditation Certificate Approved and Issued,"Clinical Biochemistry,Cytopathology,Molecular Testing,Haematology,Clinical Pathology,Microbiology & Infectious disease serology",,MC-7297,04/04/2025,03/04/2029,,,Archive Applications,Oct 3 2026 7:30AM
19,M-2104,CUROVIS HEALTHCARE PVT. LTD.,nabl016166,2022,Medical,Renewal of Accreditation,Hiral Vasava,chpl.ahd@gmail.com,7573030039,"'B' BLOCK, MONDEAL BUSINESS PARK, BODAKDEV, S. G. HIGHWAY",Gujarat,Ahmedabad,380054,Accreditation Certificate Approved and Issued,"Clinical Biochemistry,Haematology,Clinical Pathology,Microbiology & Infectious disease serology",,MC-3466,21/11/2024,09/11/2028,,05/12/2024,Archive Applications,Oct 3 2026 7:30AM
20,M-2178,"CENTRAL LABORATORY, VINAYAKA MISSION'S MEDICAL COLLEGE & HOSPITAL, KARAIKAL",nabl016186,2022,Medical,Renewal of Accreditation,Namrata Bhosale,drnamrata@vmmckkl.edu.in,9500628647,KEEZHAKASAKUDY MEDU,Puducherry,Karaikal,609609,Accreditation Certificate Approved and Issued,Molecular Testing,,MC-7060,31/12/2024,30/12/2028,,,Archive Applications,Oct 3 2026 7:30AM
21,M-2206,SPANDAN DIAGNOSTICS (A UNIT OF SPANDAN HEART INSTITUTE AND RESEARCH CENTER (INDIA) PRIVATE LIMITED),nabl016191,2022,Medical,Scope Extension,ARUN BHANGADIA,spandanlabnabh@gmail.com,9723816382,"PLOT NO. 99, 3RD FLOOR, WEST COURT APPARTMENTS",Maharashtra,Nagpur,440010,Accreditation Certificate Approved and Issued,"Clinical Biochemistry,Molecular Diagnostics,Microbiology & Infectious disease serology,Haematology & Immunohaematology",,MC-1042,09/05/2025,08/05/2029,,16/04/2026,Archive Applications,Oct 3 2026 7:30AM
22,M-2200,IN VITRO SPECIALITY LABORATORY (A UNIT OF INVITRO SPECIALITY LAB PRIVATE LIMITED),nabl016197,2022,Medical,Renewal of Accreditation,NARESH CHANDRA LADDHA,qm.invitro@gmail.com,9825268948,"S.F 205-210, GOLDEN TRIANGLE",Gujarat,Ahmedabad,380009,Accreditation Certificate Approved and Issued,"Clinical Biochemistry,Molecular Testing,Haematology,Clinical Pathology,Microbiology & Infectious disease serology",,MC-6981,24/11/2024,23/11/2028,,,Archive Applications,Oct 3 2026 7:30AM
23,M-2621,ACCLIN PATH LABS INDIA PVT. LTD.,nabl016207,2022,Medical,Renewal of Accreditation,ANIL J MUNDRA,dranil@acclinlabs.com,9849523474,"PLOT NO:E7, VIKRAMPURI COLONY, KARKHANA",Telangana,Secunderabad,500009,Accreditation Certificate Approved and Issued,"Clinical Biochemistry,Molecular Testing,Haematology,Clinical Pathology,Microbiology & Infectious disease serology",,MC-3876,02/11/2024,01/11/2028,,11/11/2024,Archive Applications,Oct 3 2026 7:30AM
24,M-2116,MOLECULAR TESTING LABORATORY - SVS MEDICAL COLLEGE & HOSPITAL (A UNIT OF SRI VENKATA SAI EDUCATIONAL SOCIETY),nabl016249,2022,Medical,Renewal of Accreditation,RAJA RATNA REDDY,svsmtl2020@gmail.com,9848719665,SVS MEDICAL COLLEGE CAMPUS,Telangana,Mahbubnagar,509002,Accreditation Certificate Approved and Issued,Molecular Testing,,MC-7028,13/12/2024,12/12/2028,,,Archive Applications,Oct 3 2026 7:30AM
25,M-2172,LILAC INSIGHTS PRIVATE LIMITED,nabl016328,2022,Medical,Scope Extension,Madhuri Prabhudesai,madhuri.prabhudesai@lilacinsights.com,9552651929,"301-302, BUILDING A-1, RUPA SOLITAIRE",Maharashtra,Navi Mumbai,400710,Accreditation Certificate Approved and Issued,"Clinical Biochemistry,Cytogenetics,Molecular Diagnostics,Clinical Pathology,Microbiology & Infectious disease serology,Haematology & Immunohaematology",,MC-6043,12/10/2025,11/10/2029,,23/06/2026,Archive Applications,Oct 3 2026 7:30AM
26,M-2540,KALINGA HOSPITAL LABORATORY,nabl016339,2022,Medical,Renewal of Accreditation,Deepak Kumar,lab.hod@kalingahospital.com,7077729231,"NALCO SQUARE, CHANDRASEKHARPUR",Odisha,Bhubaneswar,751023,Accreditation Certificate Approved and Issued,"Clinical Biochemistry,Cytopathology,Haematology,Histopathology,Clinical Pathology,Microbiology & Infectious disease serology",,MC-6071,19/10/2025,18/10/2029,,,Archive Applications,Oct 3 2026 7:30AM
27,M-2199,"MOLECULAR DIAGNOSTIC LABORATORY, DEPARTMENT OF MICROBIOLOGY, DR PDM MEDICAL COLLEGE, HOSPITAL & RESEARCH CENTER, AMRAVATI",nabl016340,2022,Medical,Renewal of Accreditation,Mukta M. Deshmukh,muktamdeshmukh@gmail.com,9922445908,SHIVAJI NAGAR,Maharashtra,Amravati,444603,Accreditation Certificate Approved and Issued,Molecular Testing,,MC-7527,26/07/2025,25/07/2029,,,Archive Applications,Oct 3 2026 7:30AM
28,M-2334,CAMBERWELL DIAGNOSTIC AND MR CENTER,nabl016348,2022,Medical,Renewal of Accreditation,SONALI VIJAYWARGI,camberwellpathology@gmail.com,8239219999,"1, NARAYAN SINGH ROAD",Rajasthan,Jaipur,302004,Accreditation Certificate Approved and Issued,"Clinical Biochemistry,Molecular Testing,Haematology",,MC-1060,23/05/2025,22/05/2029,,31/05/2025,Archive Applications,Oct 3 2026 7:30AM
29,M-2296,"LABORATORY DEPARTMENT, SAVITRI HOSPITAL AND RESEARCH CENTRE",nabl016365,2022,Medical,Renewal of Accreditation,MEENAKSHI NAGENDRA KUMAR,DRMEENAKSHIJAISWAL@GMAIL.COM,8800384337,"A UNIT OF SAVITRI DEVI HEALTHCARE PRIVATE LIMITED, DILEZAKPUR",Uttar Pradesh,Gorakhpur,273001,Accreditation Certificate Approved and Issued,Molecular Testing,,MC-3669,22/03/2025,21/03/2029,,,Archive Applications,Oct 3 2026 7:30AM
30,M-2297,HERITAGE INSTITUTE OF MEDICAL SCIENCES (A UNIT OF HERITAGE HOSPITALS LTD) (DEPARTMENT OF MICROBIOLOGY - MOLECULAR DIAGNOSTICS LABORATORY),nabl016399,2022,Medical,Renewal of Accreditation,Shalini Singh,shalini.mdmicro@gmail.com,7905024042,"NH-2 MOHANSARAI, RAMNAGAR BYPASS ROAD",Uttar Pradesh,Varanasi,221311,Accreditation Certificate Approved and Issued,Molecular Testing,,MC-7329,26/04/2025,25/04/2029,,,Archive Applications,Oct 3 2026 7:30AM
31,M-2558,"GRANT MEDICAL FOUNDATION RUBY HALL CLINIC PATHOLOGY LABORATORY, WANOWARIE",nabl016423,2022,Medical,Renewal of Accreditation,Moin Shaikh,rubynabl20@gmail.com,7972832338,"59/6, AZAD NAGAR, WANOWARIE",Maharashtra,Pune,411040,Accreditation Certificate Approved and Issued,"Clinical Biochemistry,Haematology,Clinical Pathology,Microbiology & Infectious disease serology",,MC-5807,29/07/2025,13/07/2029,,07/08/2025,Archive Applications,Oct 3 2026 7:30AM
32,M-2146,"CENTRAL LABORATORY, TRICHY SRM MEDICAL COLLEGE HOSPITAL & RESEARCH CENTRE (A UNIT OF SRM INSTITUTE OF SCIENCE AND TECHNOLOGY)",nabl016441,2022,Medical,Renewal of Accreditation,Velayutharaj A,dean@mc.srmtrichy.edu.in,8098435757,SRM NAGAR,Tamil Nadu,Thiruchirapalli,621105,Accreditation Certificate Approved and Issued,"Clinical Biochemistry,Cytopathology,Molecular Testing,Haematology,Histopathology,Clinical Pathology,Microbiology & Infectious disease serology",,MC-3487,11/02/2025,10/02/2029,,08/03/2025,Archive Applications,Oct 3 2026 7:30AM
33,M-2253,"DEPARTMENTOF LABORATORY MEDICINE, Shri Mata Vaishno Devi Narayana super-specialty Hospital.",nabl016488,2022,Medical,NABL 201,BEENA JAD,BEENA.JAD.DR@narayanahealth.org,9419183813,KAKRYAL,Jammu and Kashmir,Katra,182320,Accreditation Certificate Approved and Issued,"Clinical Biochemistry,Cytopathology,Molecular Diagnostics,Microbiology & Infectious disease serology,Haematology & Immunohaematology",,MC-7134,02/05/2026,26/01/2029,,,Shweta Sinha,Oct 3 2026 7:30AM
34,M-2176,"CENTRAL LAB, KMCT MEDICAL COLLEGE HOSPITAL",nabl016491,2022,Medical,Renewal of Accreditation,RAMEES PM,kmctmch@gmail.com,9895220077,"7/677F MUKKAM GRAMA PANCHAYATH, 7, MANASSERY, MANASSERY PO",Kerala,Kozhikode,673602,Accreditation Certificate Approved and Issued,"Clinical Biochemistry,Molecular Testing,Haematology,Clinical Pathology",,MC-3541,13/01/2025,05/01/2029,,29/01/2025,Archive Applications,Oct 3 2026 7:30AM
35,M-2156,JANATHA DIAGNOSTICS,nabl016514,2022,Medical,Renewal of Accreditation,KADHEEJA FARHATH T,pathologist@janathadiagnostics.com,8089561777,"MAIN ROAD, CHEMMAD",Kerala,Malappuram,676306,Accreditation Certificate Approved and Issued,"Clinical Biochemistry,Haematology,Clinical Pathology,Microbiology & Infectious disease serology",,MC-7492,07/07/2025,06/07/2029,,,Archive Applications,Oct 3 2026 7:30AM
36,M-2543,DEPARTMENT OF MICROBIOLOGY - CAREER INSTITUTE OF MEDICAL SCIENCES & HOSPITAL,nabl016519,2022,Medical,Renewal of Accreditation,MOLAY BANERJEE,hodmicro.cimsh@gmail.com,9415086563,"SITAPUR - HARDOI BYPASS ROAD, GHAILLA",Uttar Pradesh,Lucknow,226013,Accreditation Certificate Approved and Issued,"Molecular Diagnostics,Microbiology & Infectious disease serology",,MC-6276,25/01/2026,24/01/2030,,09/02/2026,Archive Applications,Oct 3 2026 7:30AM
37,M-2374,ALPINE DIAGNOSTIC CENTRE LLP,nabl016529,2022,Medical,Renewal of Accreditation,Hrishikesh Chevle,alpinenabl@gmail.com,8888811777,"PLOT NO: A232, ROAD NO: 21,Y-LANE, NEHRU NAGAR, WAGLE INDUSTRIAL",Maharashtra,Thane,400604,Accreditation Certificate Approved and Issued,"Clinical Biochemistry,Haematology,Clinical Pathology,Microbiology & Infectious disease serology",,MC-1013,18/04/2025,17/04/2029,,24/04/2025,Archive Applications,Oct 3 2026 7:30AM
38,M-2240,DR. LAL PATH LABS LTD.,nabl016562,2022,Medical,Renewal of Accreditation,MANJU SHARMA,Manju.Sharma@lalpathlabs.com,9431284315,"R K ESTATE, BASEMENT, 4TH FLOOR & 5TH FLOOR, RAJA BAZAR, BAILEY ROAD",Bihar,Patna,800014,Accreditation Certificate Approved and Issued,"Clinical Biochemistry,Molecular Testing,Haematology,Histopathology,Clinical Pathology,Microbiology & Infectious disease serology",,MC-7357,14/05/2025,13/05/2029,,,Archive Applications,Oct 3 2026 7:30AM
39,M-2173,"MOLECULAR VIROLOGY LABORATORY, PANIMALAR MEDICAL COLLEGE HOSPITAL & RESEARCH INSTITUTE",nabl016631,2022,Medical,Renewal of Accreditation,SURAPANENI KRISHNA MOHAN,viceprincipal@pmchri.ac.in,9789099989,VARADHARAJAPURAM,Tamil Nadu,Chennai,600123,Accreditation Certificate Approved and Issued,Molecular Testing,,MC-6883,03/10/2024,02/10/2028,,,Archive Applications,Oct 3 2026 7:30AM
40,M-2184,SARASWATHI INSTITUTE OF MEDICAL SCIENCES,nabl016637,2022,Medical,Renewal of Accreditation,Krati Raj Varshney,sims.principaloffice@gmail.com,9044195799,"NH 9, PILKHUWA, ANWARPUR",Uttar Pradesh,Hapur,245304,Accreditation Certificate Approved and Issued,Molecular Testing,,MC-6916,16/10/2024,15/10/2028,,,Archive Applications,Oct 3 2026 7:30AM
41,M-2576,CLINOVA PATHLABS PVT. LTD.,nabl016658,2022,Medical,Renewal of Accreditation,BHAGATHSINGH CH,bhagat@clinovalabs.com,8008999365,"H. NO. 5-54/1/7, PLOT NO:7, SWARNADHAMA NAGAR, MILITARY DAIRY FARM ROAD",Telangana,Secunderabad,500011,Accreditation Certificate Approved and Issued,"Clinical Biochemistry,Cytopathology,Molecular Testing,Haematology,Histopathology,Clinical Pathology,Flow Cytometry,Microbiology & Infectious disease serology",,MC-3860,28/10/2024,27/10/2028,,,Archive Applications,Oct 3 2026 7:30AM
42,M-2875,WELFARE MEDICAL FOUNDATION'S VILLOO POONAWALLA MEMORIAL HOSPITAL,nabl016676,2022,Medical,Renewal of Accreditation,Vaishali Jain,vpmhlab@gmail.com,7057659419,"S. NO.156, H.NO1/3A+3B+1+2/3, PUNE SOLAPUR ROAD, HADAPSAR",Maharashtra,Pune,411028,Accreditation Certificate Approved and Issued,"Clinical Biochemistry,Molecular Testing,Haematology,Clinical Pathology,Microbiology & Infectious disease serology",,MC-1048,16/05/2025,15/05/2029,,,Archive Applications,Oct 3 2026 7:30AM
43,M-2181,"CENTRAL CLINICAL LABORATORY, G.S. MEDICAL COLLEGE",nabl016704,2022,Medical,Renewal of Accreditation,RITU AGARWAL,cclgsmc@gmail.com,8377001612,"VILLAGE-PEEPLABANDPUR, PABLAPANCHSEEL NAGAR PILKHUWA",Uttar Pradesh,Hapur,245304,Accreditation Certificate Approved and Issued,"Clinical Biochemistry,Haematology,Clinical Pathology,Microbiology & Infectious disease serology",,MC-7042,20/12/2024,19/12/2028,,,Archive Applications,Oct 3 2026 7:30AM
44,M-2369,"BSL-2 RT PCR LABORATORy, GITAM INSTITUTE OF MEDICAL SCIENCES AND RESEARCH",nabl016712,2022,Medical,Renewal of Accreditation,Supriya Panda,hod_microbiologygimsr@gitam.edu,9848429919,"GIMSR HOSPITAL, GANDHINAGAR",Andhra Pradesh,Visakhapatnam,530045,Accreditation Certificate Approved and Issued,Molecular Testing,,MC-3748,21/02/2025,20/02/2029,,23/02/2025,Archive Applications,Oct 3 2026 7:30AM
45,M-2182,ASTER CLINICAL LAB LLP,nabl016723,2022,Medical,Scope Extension,Chitra J,asterlabmimskannur@gmail.com,6235000565,"MALABAR INSTITUTE OF MEDICAL SCIENCES LIMITED, CHALA EAST",Kerala,Kannur,670621,Accreditation Certificate Approved and Issued,"Clinical Biochemistry,Clinical Pathology,Microbiology & Infectious disease serology,Haematology & Immunohaematology",,MC-7155,04/02/2025,03/02/2029,,12/08/2026,Archive Applications,Oct 3 2026 7:30AM
46,M-2289,"CENTRAL LABORATORY, VINAYAKA MISSION'S KIRUPANANDA VARIYAR MEDICAL COLLEGE & HOSPITALS",nabl016761,2022,Medical,NABL 201,REENA RAJAN,vinayakavrdl@gmail.com,9894990961,"NH-47, SANKARI MAIN ROAD, CHINNA SEERAGAPADI",Tamil Nadu,Salem,636308,Accreditation Certificate Approved and Issued,Molecular Diagnostics,,MC-3662,03/07/2026,29/12/2026,,,Shweta Sinha,Oct 3 2026 7:30AM
47,M-2281,CENTRAL LABORATORY - SRI MANAKULA VINAYAGAR MEDICAL COLLEGE & HOSPITAL,nabl016776,2022,Medical,Renewal of Accreditation,V Sriram,ce.lab@smvmch.ac.in,9677786854,"KALITHEERTHALKUPPAM, MADAGADIPET",Puducherry,Puducherry,605107,Accreditation Certificate Approved and Issued,"Clinical Biochemistry,Cytopathology,Molecular Testing,Haematology,Histopathology,Clinical Pathology,Microbiology & Infectious disease serology",,MC-3698,19/11/2024,18/11/2028,,20/11/2024,Archive Applications,Oct 3 2026 7:30AM
48,M-2310,"Central Laboratory, TMU Hospital",nabl016782,2022,Medical,Renewal of Accreditation,UMAR FAROOQ,farooqzf@yahoo.com,8630094411,"MEDICAL COLLEGE BUILDING, 3RD FLOOR, BAGARPUR, DELHI ROAD",Uttar Pradesh,Moradabad,244001,Accreditation Certificate Approved and Issued,"Clinical Biochemistry,Molecular Testing,Haematology,Microbiology & Infectious disease serology",,MC-7249,20/03/2025,19/03/2029,,,Archive Applications,Oct 3 2026 7:30AM
49,M-2820,WELCARE MEDICAL CENTRE (DEPARTMENT OF PATHOLOGY),nabl016804,2022,Medical,Renewal of Accreditation,PARTHA MONDAL,welcare.mc@gmail.com,9830318594,"79 A , SATISH MUKHERJEE ROAD",West Bengal,Kolkata,700026,Accreditation Certificate Approved and Issued,"Clinical Biochemistry,Haematology",,MC-7629,17/09/2025,16/09/2029,,,Archive Applications,Oct 3 2026 7:30AM
50,M-2475,"BSL - 2 VIROLOGY LAB - MAHESHWARA MEDICAL COLLEGE AND HOSPITAL, A UNIT OF ALLETI SHRUNITHA EDUCATIONAL SOCIETY",nabl016832,2022,Medical,Renewal of Accreditation,ARUNA SUNDER,aruna.0172@gmail.com,9989240172,"CHITKUL (V), ISNAPUR X ROADS, PATANCHERU",Telangana,Sangareddy,502307,Accreditation Certificate Approved and Issued,Molecular Testing,,MC-3774,18/02/2025,17/02/2029,,,Archive Applications,Oct 3 2026 7:30AM
51,M-2223,"MOLECULAR & VIROLOGY LAB , NATIONAL CAPITAL REGION INSTITUTE OF MEDICAL SCIENCES",nabl016855,2022,Medical,Renewal of Accreditation,ASHWANI SHARMA,ncrimsmolecularlab2020@gmail.com,9012333000,"21-KM, NH-334",Uttar Pradesh,Meerut,245206,Accreditation Certificate Approved and Issued,Molecular Testing,,MC-7116,20/01/2025,19/01/2029,,,Archive Applications,Oct 3 2026 7:30AM
52,M-2249,LIFE CARE DIAGNOSTICS,nabl016876,2022,Medical,Renewal of Accreditation,SUBBURAJ,lifecarediagnostics2008@gmail.com,9842122188,"11 VAIDHIYANATHA IYER 1ST STREET, SHENOY NAGAR",Tamil Nadu,Madurai,625020,Accreditation Certificate Approved and Issued,"Clinical Biochemistry,Haematology",,MC-7321,21/04/2025,20/04/2029,,,Archive Applications,Oct 3 2026 7:30AM
53,M-2237,"MOLECULAR LABORATORY, NOOTAN MEDICALCOLLEGE & RESEARCH CENTRE, VISNAGAR",nabl016899,2022,Medical,Renewal of Accreditation,PARUL SHAH,nmcmicro123@gmail.com,9825941100,NOOTAN MEDICAL COLLEGE & RESEARCH CENTRE,Gujarat,Visnagar,384315,Accreditation Certificate Approved and Issued,Molecular Testing,,MC-7063,01/01/2025,31/12/2028,,,Archive Applications,Oct 3 2026 7:30AM
54,M-2733,LABORATORY SERVICES RAINBOW CHILDREN'S HOSPITAL,nabl016940,2022,Medical,Renewal of Accreditation,Jasmeen Gulzar,drjasmeen.g@rainbowhospitals.in,9667782781,"PLOT NO. 5,FC-29, GEETANJALI",Delhi,New Delhi,110017,Accreditation Certificate Approved and Issued,"Clinical Biochemistry,Haematology,Clinical Pathology,Microbiology & Infectious disease serology",,MC-4376,25/05/2025,24/05/2029,,,Archive Applications,Oct 3 2026 7:30AM
55,M-2429,"DEPARTMENT OF LABORATORY MEDICINE, MANIPAL HOSPITALS PRIVATE LIMITED",nabl016952,2022,Medical,Renewal of Accreditation,Preethi E,preethi.e@manipalhospitals.com,9442270127,"SURVEY NO. 42/2, WARD NO. 150, AMBALIPURA, SARJAPURA ROAD",Karnataka,Bengaluru,560102,Accreditation Certificate Approved and Issued,"Clinical Biochemistry,Cytopathology,Haematology,Histopathology,Clinical Pathology,Microbiology & Infectious disease serology",,MC-5817,21/07/2025,20/07/2029,,,Archive Applications,Oct 3 2026 7:30AM
56,M-2342,GANGA DIAGNOSTIC CARE - CLINICAL LABORATORY,nabl016956,2022,Medical,NABL 201,RADHIKA N,gangadiagnosticcare@gmail.com,9840904170,"NO-154, BAZAAR ROAD, COLLECTOR NAGAR, ANNA NAGAR WEST EXTN",Tamil Nadu,Chennai,600101,Accreditation Certificate Approved and Issued,"Clinical Biochemistry,Molecular Testing,Haematology,Clinical Pathology",,MC-3738,10/11/2024,09/11/2028,,09/09/2025,Archive Applications,Oct 3 2026 7:30AM
57,M-2401,THYROCARE TECHNOLOGIES LIMITED,nabl016991,2022,Medical,Renewal of Accreditation,Niraj Kumar,niraj.k@thyrocare.com,7209964314,"PLOT NO.428,UDYOG VIHAR PHASE-4",Haryana,Gurugram,122015,Accreditation Certificate Approved and Issued,"Clinical Biochemistry,Cytopathology,Haematology,Histopathology,Clinical Pathology,Microbiology & Infectious disease serology",,MC-3759,14/01/2025,13/01/2029,,29/01/2025,Archive Applications,Oct 3 2026 7:30AM
58,M-2271,"SURABHI MULTI SPECIALITY HOSPITAL, CENTRAL LABORATORY (SURABHI INSTITUTE OF MEDICAL SCIENCES), (A UNIT OF THE SURABHI EDUCATIONAL SOCIETY)",nabl017031,2022,Medical,Renewal of Accreditation,K A GOPICHAND,mssurabhihospital@gmail.com,9440844130,MITTAPALLY VILLAGE,Telangana,Siddipet,502375,Accreditation Certificate Approved and Issued,Molecular Testing,,MC-7443,17/06/2025,16/06/2029,,,Archive Applications,Oct 3 2026 7:30AM
59,M-2441,"CENTRAL LAB, DR. PSIMS & RF",nabl017040,2022,Medical,Renewal of Accreditation,V KALYAN CHAKRAVARTHY,kalyancv74@yahoo.com,9440031206,CHINNAOUT PALLI,Andhra Pradesh,Gannavaram,521286,Accreditation Certificate Approved and Issued,"Clinical Biochemistry,Cytopathology,Haematology,Histopathology,Clinical Pathology,Microbiology & Infectious disease serology",,MC-3727,25/12/2024,24/12/2028,,01/01/2025,Archive Applications,Oct 3 2026 7:30AM
60,M-2287,MEDICOVER HOSPITAL LABORATORY SERVICES,nabl017071,2022,Medical,Renewal of Accreditation,Abdul hafeez,nabl.hitech@medicoverhospitals.in,7674031827,"MEDICOVER HOSPITAL, IBIS HOTEL LANE, HITECH CITY",Telangana,Hyderabad,500081,Accreditation Certificate Approved and Issued,"Clinical Biochemistry,Molecular Testing,Haematology,Clinical Pathology,Microbiology & Infectious disease serology",,MC-3605,29/03/2025,28/03/2029,,,Archive Applications,Oct 3 2026 7:30AM
61,M-2477,DIAGNOPEIN HEALTHCARE PRIVATE LIMITED,nabl017110,2022,Medical,NABL 201,Gitesh Gupta,qualitym@diagnopein.com,8291729501,"38A/A2/2/1, KHARADKAR NAGAR, VADGAONSHERI, HAVELI",Maharashtra,Pune,411014,Accreditation Certificate Approved and Issued,"Clinical Biochemistry,Clinical Pathology,Microbiology & Infectious disease serology,Haematology & Immunohaematology",,MC-6511,15/06/2026,12/11/2029,,,Archive Applications,Oct 3 2026 7:30AM
62,M-2381,NARAYANA SUPERSPECIALITY HOSPITAL,nabl017125,2022,Medical,Renewal of Accreditation,Raghubir Singh,raghubir.singh01@narayanahealth.org,9810865540,"PLOT - 3201, BLOCK - 5, SECTOR-24",Haryana,Gurgaon,122002,Accreditation Certificate Approved and Issued,"Clinical Biochemistry,Molecular Testing,Haematology,Clinical Pathology,Microbiology & Infectious disease serology",,MC-3778,07/10/2024,06/10/2028,,22/10/2024,Archive Applications,Oct 3 2026 7:30AM
63,M-2377,"MOLECULAR DIAGNOSTIC LABORATORY, DR. B. R. AMBEDKAR MEDICAL COLLEGE AND HOSPITAL",nabl017184,2022,Medical,Renewal of Accreditation,SUJATHA K KARJIGI,sujathakarjigi@gmail.com,9901699290,KADUGONDANAHALLI,Karnataka,Bengaluru,560045,Accreditation Certificate Approved and Issued,Molecular Testing,,MC-3660,28/12/2024,27/12/2028,,10/01/2025,Archive Applications,Oct 3 2026 7:30AM
64,M-2392,AURO MRI CENTRE PRIVATE LIMITED,nabl017247,2022,Medical,Renewal of Accreditation,SOVAN NAYEK,auropathreport@gmail.com,9749669083,PADUMBASAN,West Bengal,Tamluk,721636,Accreditation Certificate Approved and Issued,"Clinical Biochemistry,Molecular Testing,Haematology,Clinical Pathology,Microbiology & Infectious disease serology",,MC-5887,11/08/2025,10/08/2029,,13/08/2025,Archive Applications,Oct 3 2026 7:30AM
65,M-2597,K.J. SOMAIYA MEDICAL COLLEGE AND HOSPITAL LABORATORY,nabl017315,2022,Medical,Renewal of Accreditation,SAPNA MALIK,sapna@somaiya.edu,9821213220,"SOMAIYA AYURVIHAR COMPLEX, EASTERN EXPRESS HIGHWAY, SION",Maharashtra,Mumbai,400022,Accreditation Certificate Approved and Issued,"Clinical Biochemistry,Molecular Testing,Haematology,Clinical Pathology,Microbiology & Infectious disease serology",,MC-7344,03/05/2025,02/05/2029,,,Archive Applications,Oct 3 2026 7:30AM
66,M-2437,LABORATORY SERVICES MUTHU MEENAKSHI HOSPITALS PRIVATE LIMITED,nabl017344,2022,Medical,Renewal of Accreditation,PREMKUMAR RAJAN,CEO@MUTHUMEENAKSHIHOSPITALS.COM,7094440113,"TS NO. 5542, SOUTH 4TH STREET, MARTHANDAPURAM",Tamil Nadu,Pudukottai,622001,Accreditation Certificate Approved and Issued,Molecular Testing,,MC-7389,28/05/2025,27/05/2029,,,Archive Applications,Oct 3 2026 7:30AM
67,M-2394,BINDU DIAGNOSTICS PRIVATE LIMITED,nabl017357,2022,Medical,Renewal of Accreditation,RAM PRAKASH DIWAKAR,bindudiagnosticspvtltd@gmail.com,9631739835,"ALLAPATTI, LAHRIASARAI",Bihar,Darbhanga,846003,Accreditation Certificate Approved and Issued,"Clinical Biochemistry,Haematology",,MC-3666,12/01/2025,11/01/2029,,17/01/2025,Archive Applications,Oct 3 2026 7:30AM
68,M-2517,"DEPARTMENT OF MICROBIOLOGY, ERA'S LUCKNOW MEDICAL COLLEGE & HOSPITAL, A UNIT OF ERA EDUCATIONAL TRUST",nabl017374,2022,Medical,Renewal of Accreditation,Vineeta Khare,virologyelmch@gmail.com,9935008498,"SARFARAZGANJ, HARDOI ROAD",Uttar Pradesh,Lucknow,226003,Accreditation Certificate Approved and Issued,Molecular Testing,,MC-3804,13/10/2024,12/10/2028,,16/10/2024,Archive Applications,Oct 3 2026 7:30AM
69,M-2564,"MOLECULAR LABORATORY, ZYDUS MEDICAL COLLEGE AND HOSPITAL",nabl017386,2022,Medical,Renewal of Accreditation,Deepak W Deshkar,deepakdeshkar@gmail.com,9890984020,STATION ROAD,Gujarat,Dahod,389151,Accreditation Certificate Approved and Issued,Molecular Testing,,MC-3924,20/11/2024,19/11/2028,,,Archive Applications,Oct 3 2026 7:30AM
70,M-2473,"DEPARTMENT OF PATHOLOGY, VIRANGANA AVANTI BAI MAHILA CHIKITSALAYA",nabl017388,2022,Medical,Renewal of Accreditation,JAI SINGH,Jaisingh002@yahoo.in,8887531972,"GOLAGANJ, QAISAR BAGH",Uttar Pradesh,Lucknow,226018,Accreditation Certificate Approved and Issued,Clinical Biochemistry,,MC-1045,14/05/2025,08/05/2029,,17/05/2025,Archive Applications,Oct 3 2026 7:30AM
71,M-2436,DR'S PATH LAB (A UNIT OF D R DIAGNOSTICS),nabl017392,2022,Medical,Renewal of Accreditation,Poonam Gupta,lavkeshbsr@gmail.com,9897245102,"528/27, CIVIL LINES, D.M.COLONY ROAD",Uttar Pradesh,Bulandshahar,203001,Accreditation Certificate Approved and Issued,"Clinical Biochemistry,Haematology,Clinical Pathology",,MC-7450,21/06/2025,20/06/2029,,,Archive Applications,Oct 3 2026 7:30AM
72,M-2417,"KG HOSPITALS LABORATORY SERVICES, A UNIT OF K.GOVINDASWAMY NAIDU MEDICAL TRUST",nabl017394,2022,Medical,Scope Extension,R VIVEKANANDAN,"nabl@kghospital.com, drvivekanandanr@kghospital.co",9842853150,"NO. 5, GOVERNMENT ARTS COLLEGE ROAD",Tamil Nadu,Coimbatore,641018,Accreditation Certificate Approved and Issued,"Clinical Biochemistry,Clinical Pathology,Microbiology & Infectious disease serology,Haematology & Immunohaematology",,MC-3712,14/01/2025,13/01/2029,,15/05/2026,Archive Applications,Oct 3 2026 7:30AM
73,M-2440,ANNAPOORNA MEDICAL COLLEGE MOLECULAR RESEARCH LABORATORY - BSL2,nabl017410,2022,Medical,Renewal of Accreditation,USHA B,ushaatsalem@gmail.com,9842744070,"NH-47 SANKARI MAIN ROAD, KOMBADIPATTY",Tamil Nadu,Salem,636308,Accreditation Certificate Approved and Issued,Molecular Testing,,MC-3708,22/12/2024,21/12/2028,,,Archive Applications,Oct 3 2026 7:30AM
74,M-2481,CRYSTAL DIAGNOSTIC CENTRE,nabl017448,2022,Medical,NABL 201,L R NAIDU,crystaltpt@yahoo.com,9246999571,"10-13-514, REDDY & REDDY COLONY",Andhra Pradesh,Tirupati,517501,Accreditation Certificate Approved and Issued,"Clinical Biochemistry,Molecular Testing",,MC-7282,28/03/2025,27/03/2029,,23/01/2026,Archive Applications,Oct 3 2026 7:30AM
75,M-2789,"LABORATORY SERVICES, RUBAN MEMORIAL HOSPITAL",nabl017464,2022,Medical,Renewal of Accreditation,SANTOSH KUMAR,santoshdr77@rediffmail.com,9431452234,"19, PATLIPUTRA COLONY",Bihar,Patna,800013,Accreditation Certificate Approved and Issued,Clinical Biochemistry,,MC-4141,18/03/2025,17/03/2029,,,Archive Applications,Oct 3 2026 7:30AM
76,M-2607,DR. LAL PATHLABS LIMITED,nabl017473,2022,Medical,Renewal of Accreditation,JACKSON BOSE S T,Jackson.Bose@lalpathlabs.com,9962410438,"2ND FLOOR, #6, OMR ROAD, KARAPAKKAM",Tamil Nadu,Chennai,600097,Accreditation Certificate Approved and Issued,"Clinical Biochemistry,Haematology,Clinical Pathology,Microbiology & Infectious disease serology",,MC-5908,16/08/2025,15/08/2029,,10/09/2025,Archive Applications,Oct 3 2026 7:30AM
77,M-2480,MOLECULAR DIAGNOSTICS LABORATORY - AARUPADAI VEEDU MEDICAL COLLEGE AND HOSPITAL (A UNIT OF VINAYAKA MISSIONS RESEARCH FOUNDATION),nabl017500,2022,Medical,Renewal of Accreditation,KAVITHA K,kavitha.kanniyan@avmc.edu.in,9942113319,"PONDY - CUDDALORE MAIN ROAD, KIRUMAMPAKKAM, BAHOUR COMMUNE PANCHAYAT",Puducherry,Puducherry,607403,Accreditation Certificate Approved and Issued,Molecular Testing,,MC-7250,20/03/2025,19/03/2029,,,Archive Applications,Oct 3 2026 7:30AM
78,M-2457,NARAYANA DIAGNOSTICS,nabl017502,2022,Medical,Renewal of Accreditation,DR SHASHANK TIWARI,narayanadiagnostics.qc@gmail.com,7521001901,"PLOT NO. 4, HOUSE NO. 546/768 LGF1, HARDOI ROAD",Uttar Pradesh,Lucknow,226003,Accreditation Certificate Approved and Issued,"Clinical Biochemistry,Molecular Testing,Haematology,Microbiology & Infectious disease serology",,MC-3829,21/01/2025,20/01/2029,,06/02/2025,Archive Applications,Oct 3 2026 7:30AM
79,M-2452,"CENTRAL LABORATORY, GAYATRI VIDYA PARISHAD INSTITUTE OF HEALTH CARE AND MEDICAL TECHNOLOGY (A UNIT OF GAYATRI VIDYA PARISHAD SOCIETY)",nabl017523,2022,Medical,Renewal of Accreditation,Vijaya Bharathi Dondapati,quality.gvpmch@gmail.com,9441126758,"6-25, MARIDI VALLEY, MARIKAVALASA, MADHURAWADA",Andhra Pradesh,Visakhapatnam,530048,Accreditation Certificate Approved and Issued,Molecular Testing,,MC-3843,20/12/2024,19/12/2028,,01/01/2025,Archive Applications,Oct 3 2026 7:30AM
80,M-2459,"CENTRAL LABORATORY, DEPARTMENT OF MICROBIOLOGY, SRM MEDICAL COLLEGE HOSPITAL AND RESEARCH CENTRE ( A UNIT OF SRM INSTITUTE OF SCIENCE AND TECHNOLOGY)",nabl017530,2022,Medical,Renewal of Accreditation,NITIN M NAGARKAR,dean.medical.ktr@srmist.edu.in,9940036038,"SRM NAGAR, POTHERI, KATTANKULATHUR,CHENGALPATTU",Tamil Nadu,Kanchipuram,603203,Accreditation Certificate Approved and Issued,Molecular Testing,,MC-3728,09/11/2024,08/11/2028,,,Archive Applications,Oct 3 2026 7:30AM
81,M-2482,"SRI LAKSHMI NARAYANA INSTITUTE OF MEDICAL SCIENCES MOLECULAR BIOLOGY LAB, A UNIT OF SRI LAKSHMI AMMAL EDUCATIONAL TRUST",nabl017537,2022,Medical,Renewal of Accreditation,A SIVARANJINI,slimsmbl@gmail.com,8220107898,"OSUDU, AGARAM VILLAGE, VILLIANUR COMMUNE, KOODAPAKKAM POST",Puducherry,Villianur,605502,Accreditation Certificate Approved and Issued,Molecular Testing,,MC-7345,03/05/2025,02/05/2029,,,Archive Applications,Oct 3 2026 7:30AM
82,M-2471,"CENTRAL LABORATORY SERVICES, SRI VENKATESHWARAA MEDICAL COLLEGE HOSPITAL AND RESEARCH CENTRE",nabl017539,2022,Medical,Onsite Surveillance,K ASHOKACHAKKARAVARTHY,labqualitymanager@svmchrc.ac.in,7200164046,"13 A, PONDY-VILLUPURAM MAIN ROAD, ARIYUR",Puducherry,Puducherry,605102,Accreditation Certificate Approved and Issued,"Clinical Biochemistry,Cytopathology,Molecular Testing,Haematology,Histopathology,Clinical Pathology,Microbiology & Infectious disease serology",,MC-3752,23/01/2025,19/01/2029,,07/01/2026,Shweta Sinha,Oct 3 2026 7:30AM
83,M-2586,SREE NARAYANA INSTITUTE OF MEDICAL SCIENCES - MDL,nabl017562,2022,Medical,Renewal of Accreditation,Minu George,nablqm@snims.org,9207955552,"CHALAKKA, NORTH KUTHIYATHODU P.O",Kerala,Ernakulam,683594,Accreditation Certificate Approved and Issued,Molecular Testing,,MC-7296,03/04/2025,02/04/2029,,,Archive Applications,Oct 3 2026 7:30AM
84,M-2492,"DEPARTMENT OF LABORATORY SERVICES, BARUA CLINICAL LABORATORY",nabl017616,2022,Medical,Renewal of Accreditation,SASHANK S BARUA,drbarua@gmail.com,7578008586,"WING OF SANJIVANI HOSPITAL, A T ROAD TARAJAN",Assam,Jorhat,785001,Accreditation Certificate Approved and Issued,"Clinical Biochemistry,Molecular Testing,Haematology,Microbiology & Infectious disease serology",,MC-7586,29/08/2025,28/08/2029,,,Archive Applications,Oct 3 2026 7:30AM
85,M-2498,"LABORATORY SERVICES, HEALTHWORLD HOSPITALS (A UNIT OF PARASHMANI MEDICAL CENTRE PVT. LTD.)",nabl017648,2022,Medical,Renewal of Accreditation,MOUSHUMI LODH,drmoushumilodh@gmail.com,8170052605,C-49 COMMERCIAL AREA,West Bengal,Durgapur,713216,Accreditation Certificate Approved and Issued,"Clinical Biochemistry,Cytopathology,Molecular Testing,Haematology,Histopathology,Clinical Pathology,Microbiology & Infectious disease serology",,MC-3832,21/10/2024,20/10/2028,,25/10/2024,Archive Applications,Oct 3 2026 7:30AM
86,M-2506,"CENTRAL LABORATORY, RAMA HOSPITAL AND RESEARCH CENTRE (A UNIT OF RAMA EDUCATIONAL SOCIETY)",nabl017652,2022,Medical,Renewal of Accreditation,Sujatha,drsujatha152@gmail.com,7892792526,"RAMA MEDICAL COLLEGE HOSPITAL AND RESEARCH CENTRE, RAMA CITY, MANDHANA",Uttar Pradesh,Kanpur,209217,Accreditation Certificate Approved and Issued,"Molecular Testing,Microbiology & Infectious disease serology",,MC-7319,19/04/2025,18/04/2029,,,Archive Applications,Oct 3 2026 7:30AM
87,M-2936,DR. SUDEEP'S PATHOLOGY & BIOPSY CENTRE,nabl017660,2022,Medical,Renewal of Accreditation,SUDEEP THAKUR,sudeeppathology1@gmail.com,9651486873,"113/245, SWAROOP NAGAR, INDRAJEET JAIN MARG",Uttar Pradesh,Kanpur,208002,Accreditation Certificate Approved and Issued,"Clinical Biochemistry,Haematology",",--Select Group--",MC-4547,19/07/2025,18/07/2029,,,Archive Applications,Oct 3 2026 7:30AM
88,M-2497,KANVA DIAGNOSTIC SERVICES PVT. LTD,nabl017668,2022,Medical,Renewal of Accreditation,RANJEETA GADDE,kdsnlaboratory@gmail.com,9361674306,"BUILDING NO. 744, 11TH BLOCK, 2ND STAGE, NAGARBHAVI",Karnataka,Bengaluru,560072,Accreditation Certificate Approved and Issued,"Clinical Biochemistry,Cytopathology,Molecular Testing,Haematology,Clinical Pathology,Microbiology & Infectious disease serology",",--Select Group--",MC-3756,22/02/2025,21/02/2029,,08/11/2025,Shweta Sinha,Oct 3 2026 7:30AM
89,M-2538,"HI-TECH MEDICAL COLLEGE & HOSPITAL, MICROBIOLOGY DEPARTMENT",nabl017675,2022,Medical,Renewal of Accreditation,AMRUTA KAR,amrutakar27@gmail.com,9438461668,"HEALTH PARK, PANDARA",Odisha,Bhubaneswar,751025,Accreditation Certificate Approved and Issued,Molecular Testing,,MC-1039,09/05/2025,08/05/2029,,17/05/2025,Archive Applications,Oct 3 2026 7:30AM
90,M-2568,"MOLECULAR LAB, INTEGRAL INSTITUTE OF MEDICAL SCIENCES & RESEARCH, INTEGRAL UNIVERSITY",nabl017727,2022,Medical,Onsite Surveillance,Karuna Katiyar,bsl2iimsr@iul.ac.in,7311190333,"DASAULI, KURSI ROAD",Uttar Pradesh,Lucknow,226026,Accreditation Certificate Approved and Issued,"Molecular Testing,Molecular Diagnostics",,MC-3819,04/02/2025,03/02/2029,,16/03/2026,Shweta Sinha,Oct 3 2026 7:30AM
91,M-2530,"LABORATORY MEDICINE, PK DAS INSTITUTE OF MEDICAL SCIENCES",nabl017729,2022,Medical,NABL 201,DIVYA M B,divyamb1991@gmail.com; microbiology@pkdims.org,9946268461,VANIAMKULAM,Kerala,Ottapalam,679522,Accreditation Certificate Approved and Issued,"Clinical Biochemistry,Microbiology & Infectious disease serology",,MC-7491,07/07/2025,06/07/2029,,02/09/2026,Shweta Sinha,Oct 3 2026 7:30AM
92,M-2551,DR. MOOPEN'S MEDICAL COLLEGE CENTRAL LABORATORY,nabl017747,2022,Medical,Renewal of Accreditation,Anupama A Manjula,lab.director@drmoopensmc.ac.in,944634558,"NASEERA NAGAR, MEPPADI, THAZHE ARAPETTA",Kerala,Wayanad,673577,Accreditation Certificate Approved and Issued,"Clinical Biochemistry,Molecular Testing,Haematology,Clinical Pathology,Microbiology & Infectious disease serology",,MC-7191,23/02/2025,22/02/2029,,,Archive Applications,Oct 3 2026 7:30AM
93,M-2554,"VIROLOGY SERVICE LABORATORY, TRIPURA MEDICAL COLLEGE & DR. B. R. AMBEDKAR MEMORIAL TEACHING HOSPITAL",nabl017750,2022,Medical,Renewal of Accreditation,PRADIP KUMAR DAS,dr.pradip.tmc@gmail.com,9436124934,"HAPANIA, AGARTALA SADAR SUB DIVISION, WEST TRIPURA",Tripura,Agartala,799014,Accreditation Certificate Approved and Issued,Molecular Diagnostics,,MC-7880,15/01/2026,14/01/2030,,,Shweta Sinha,Oct 3 2026 7:30AM
94,M-2555,NEMCARE HOSPITALS PRIVATE LIMITED (NEMCARE HEART INSTITUTE & RESEARCH CENTRE & SUPER SPECIALITY HOSPITAL (DEPARTMENT OF LABORATORY SCIENCES),nabl017754,2022,Medical,Renewal of Accreditation,BELA SETHI,bela.sethi@nemcare.com,9864061016,"GMCH ROAD, BHANGAGARH",Assam,Guwahati,781005,Accreditation Certificate Approved and Issued,"Clinical Biochemistry,Haematology,Clinical Pathology,Microbiology & Infectious disease serology",,MC-3838,18/02/2025,17/02/2029,,05/03/2025,Archive Applications,Oct 3 2026 7:30AM
95,M-2829,"CENTRAL LABORATORY, SHREE GURU GOBIND TRICENTENARY MEDICAL COLLEGE HOSPITAL AND RESEARCH INSTITUTE",nabl017758,2022,Medical,Renewal of Accreditation,ANKITA GUPTA,hqac@sgtuniversity.org,9717193054,CHANDU BUDHERA,Haryana,Gurgaon,122505,Accreditation Certificate Approved and Issued,"Clinical Biochemistry,Cytopathology,Molecular Testing,Haematology,Histopathology,Microbiology & Infectious disease serology",,MC-5890,16/08/2025,15/08/2029,,,Archive Applications,Oct 3 2026 7:30AM
96,M-2612,"MOLECULAR LABORATORY, GSL MEDICAL COLLEGE & GENERAL HOSPITAL",nabl017789,2022,Medical,Renewal of Accreditation,T JAYA CHANDRA,chanduthegreat2014@gmail.com,9490646100,"D.NO.6-265, NH-16, LAKSHMIPURAM, RAJANAGARAM",Andhra Pradesh,Rajahmundry,533296,Accreditation Certificate Approved and Issued,Molecular Testing,,MC-3882,04/11/2024,03/11/2028,,,Archive Applications,Oct 3 2026 7:30AM
97,M-2542,"MOLECULAR VIROLOGY LAB, CENTRAL LAB, MADHA MEDICAL COLLEGE AND HOSPITAL (A UNIT OF LOORDHU AMMAL EDUCATIONAL TRUST)",nabl017806,2022,Medical,Renewal of Accreditation,SUSHMA NAYAR,divya_s35@hotmail.com,9841284594,"MADHA MEDICAL COLLEGE AND HOSPITAL,THANDALAM,KOVUR",Tamil Nadu,Chennai,600128,Accreditation Certificate Approved and Issued,Molecular Testing,,MC-3795,06/02/2025,03/02/2029,,18/02/2025,Archive Applications,Oct 3 2026 7:30AM
98,M-2693,HEALTHCARE PATHOLOGY,nabl017815,2022,Medical,Renewal of Accreditation,JOY S OHRI,healthcarepathlabs@yahoo.co.in,9820074816,"11, HRS CENTRE, SION COSMOPOLITAN CHSL, BHAUDAJI ROAD EXTENSION, SION WEST",Maharashtra,Mumbai,400022,Accreditation Certificate Approved and Issued,"Clinical Biochemistry,Haematology",",--Select Group--",MC-5821,21/07/2025,20/07/2029,,30/07/2025,Archive Applications,Oct 3 2026 7:30AM
99,M-2548,CENTRAL RESEARCH LABORATORY- SANTOSH MEDICAL COLLEGE AND HOSPITAL,nabl017820,2022,Medical,Renewal of Accreditation,ASHUTOSH RAWAT,molecularlabsmch@gmail.com,9971173054,1 AMBEDKAR ROAD,Uttar Pradesh,Ghaziabad,201009,Accreditation Certificate Approved and Issued,Molecular Testing,,MC-5880,08/08/2025,07/08/2029,,09/08/2025,Archive Applications,Oct 3 2026 7:30AM
100,M-2613,MACRO DIAGNOSTICS LAB PRIVATE LIMITED,nabl017887,2022,Medical,Renewal of Accreditation,SELVAGANAPATHY,rapuramlab@macrolab.in,9003003843,"NEW NO 241 OLD NO 117, RAMAKRISHNA MUTT ROAD, RAJA ANNAMALAIPURAM",Tamil Nadu,Chennai,600028,Accreditation Certificate Approved and Issued,Clinical Biochemistry,,MC-7267,25/03/2025,24/03/2029,,,Archive Applications,Oct 3 2026 7:30AM
1,M-2632,HINDLABS (A UNIT OF HLL LIFECARE LIMITED),nabl017910,2022,Medical,Renewal of Accreditation,Renjith MC,renjithmc@lifecarehll.com,9995484947,"ANNAPURNA COMPLEX, AYODHYA NAGAR, CHAKKRADHAR NAGAR",Maharashtra,Nagpur,440024,Accreditation Certificate Approved and Issued,"Clinical Biochemistry,Haematology",,MC-7708,28/10/2025,27/10/2029,,,Archive Applications,Oct 3 2026 7:30AM
2,M-2640,LABORATORY SERVICES - LIFECELL INTERNATIONAL PVT. LTD.,nabl017974,2022,Medical,NABL 201,Kalkirajan,kalkirajan.r@lifecell.in,8608232151,"NO. 73/1 (OLD NO.406) 20TH MAIN ROAD, 1ST BLOCK, RAJAJI NAGAR, WOC ROAD",Karnataka,Bengaluru,560010,Accreditation Certificate Approved and Issued,"Clinical Biochemistry,Clinical Pathology,Microbiology & Infectious disease serology,Haematology & Immunohaematology",,MC-7111,17/01/2025,16/01/2029,,06/05/2026,Shweta Sinha,Oct 3 2026 7:30AM
3,M-2615,"LABORATORY, NATIONAL INSTITUTE OF UNANI MEDICINE",nabl017985,2022,Medical,Renewal of Accreditation,RENUKA BN,renushivu@yahoo.com,9108703140,"KOTTEGEPALYA, MAGADI MAIN ROAD",Karnataka,Bengaluru,560091,Accreditation Certificate Approved and Issued,"Clinical Biochemistry,Haematology & Immunohaematology",,MC-6325,17/02/2026,16/02/2030,,,Archive Applications,Oct 3 2026 7:30AM
4,M-2713,CENTER FOR MOLECULAR BIOLOGY - SHADAN INSTITUTE OF MEDICAL SCIENCES TEACHING HOSPITAL & RESEARCH CENTRE,nabl017986,2022,Medical,Renewal of Accreditation,SADIA SHAHNAZ,naveedaltafdr@yahoo.com,9849651516,HIMAYATSAGAR ROAD,Telangana,Hyderabad,500091,Accreditation Certificate Approved and Issued,Molecular Testing,,MC-1040,12/05/2025,11/05/2029,,,Archive Applications,Oct 3 2026 7:30AM
5,M-2642,"DYNAMATIC BIOSECURITY LABORATORY, A UNIT OF DYNAMATIC TECHNOLOGIES LIMITED",nabl018007,2022,Medical,Renewal of Accreditation,KUMKUM KUMARI,kumkum.kumari@dynamatics.net,9962698245,"DYNAMATIC MEDICAL, DYNAMATIC AEROTROPOLIS, NO. 55, KIADB INDUSTRIAL AREA, BANGALORE AEROSPACE PARK SEZ, UNACHUR VILLAGE, JALA HOBLI, DEVANAHALLI",Karnataka,Bengaluru,562110,Accreditation Certificate Approved and Issued,"Clinical Biochemistry,Molecular Testing,Haematology,Clinical Pathology",,MC-7404,31/05/2025,30/05/2029,,,Archive Applications,Oct 3 2026 7:30AM
6,M-2698,"APOLLO HEALTH AND LIFESTYLE LTD - SADASHIV PETH PUNE, DIAGNOSTICS LABORATORY",nabl018016,2022,Medical,Renewal of Accreditation,Narendra Vadlamudi,Narendra.v@apollohl.com,9000148346,"SARASBAUG, SANAS PLAY GROUND, VIJAY NAGAR COLONY, SADASHIVPETH",Maharashtra,Pune,411030,Accreditation Certificate Approved and Issued,"Clinical Biochemistry,Cytopathology,Haematology,Clinical Pathology,Microbiology & Infectious disease serology",,MC-5697,30/05/2025,29/05/2029,,06/06/2025,Archive Applications,Oct 3 2026 7:30AM
7,M-2636,KALYAN HOSPITAL,nabl018020,2022,Medical,Renewal of Accreditation,SHAREENA SADAR S,kalyanhospitaltvm@gmail.com,9744257603,"KALYAN HOSPITAL ROAD,ARYSALAI",Kerala,Thiruvananthapuram,695009,Accreditation Certificate Approved and Issued,Molecular Testing,,MC-3963,15/03/2025,14/03/2029,,,Archive Applications,Oct 3 2026 7:30AM
8,M-2653,SUTHARYA HEALTHCARE AND DIAGNOSTICS,nabl018129,2022,Medical,Renewal of Accreditation,IBRAHIM P,sutharyahealthcarepmna@gmail.com,7907054890,"GOVINDAM ARCADE, MUTTUNGAL JUNCTION, BYEPASS ROAD",Kerala,Perinthalmanna,679322,Accreditation Certificate Approved and Issued,Molecular Testing,,MC-5819,21/07/2025,20/07/2029,,,Archive Applications,Oct 3 2026 7:30AM
9,M-2658,K C PRASHANT PATH LAB,nabl018149,2022,Medical,Renewal of Accreditation,PRASHANT GUPTA,prashantgupta74@yahoo.co.uk,9813389010,"KALRA COLONY, NEW SOHNA ROAD",Haryana,Palwal,121102,Accreditation Certificate Approved and Issued,Molecular Testing,,MC-3969,02/12/2024,01/12/2028,,,Archive Applications,Oct 3 2026 7:30AM
10,M-2696,"MOLECULAR LAB, RAJSHREE MEDICAL RESEARCH INSTITUTE BAREILLY",nabl018174,2022,Medical,Renewal of Accreditation,V K AGGARWAL,rmribly@gmail.com,9648845753,"NH-24, RAMPUR ROAD, FATEHGANJ WEST",Uttar Pradesh,Bareilly,243501,Accreditation Certificate Approved and Issued,Molecular Testing,,MC-3948,22/02/2025,21/02/2029,,,Archive Applications,Oct 3 2026 7:30AM
11,M-2662,SANTHIRAM MEDICAL COLLEGE AND GENERAL HOSPITAL (A UNIT OF SHAFA EDUCATIONAL SOCIETY),nabl018194,2022,Medical,Renewal of Accreditation,Usha Vaidya Rani,srmcmolecularlab@gmail.com,9848203373,"NH-40, NANDYA",Andhra Pradesh,Kurnool,518502,Accreditation Certificate Approved and Issued,Molecular Testing,,MC-7323,24/04/2025,23/04/2029,,,Archive Applications,Oct 3 2026 7:30AM
12,M-2682,"MALABAR MULTI SPECIALITY CENTRE PRIVATE LIMITED, LABORATORY SERVICES",nabl018235,2022,Medical,Renewal of Accreditation,RACHANA CHANDRAN,lab@malabarhospitals.com,9745284897,"2/1856, ERANHIPALAM",Kerala,Kozhikode,673020,Accreditation Certificate Approved and Issued,Clinical Biochemistry,,MC-7346,03/05/2025,02/05/2029,,,Archive Applications,Oct 3 2026 7:30AM
13,M-2825,STARTECH WELLNESS AND DIAGNOSTIC SERVICES PRIVATE LIMITED (DEPARTMENT OF LABORATORY SERVICES),nabl018263,2022,Medical,Renewal of Accreditation,SANJEEB KONWAR,Apolloclinicdispur.nabl@gmail.com,8399956082,"ABODE GRAND, G.S ROAD, KAMRUP METRO",Assam,Guwahati,781006,Accreditation Certificate Approved and Issued,"Clinical Biochemistry,Haematology",,MC-4267,09/04/2025,08/04/2029,,,Archive Applications,Oct 3 2026 7:30AM
14,M-4083,DHULIYAN DIAGNOSTIC & HEALTH CARE PVT. LTD. (DEPARTMENT OF LABORATORY SERVICES),nabl018372,2022,Medical,Renewal of Accreditation,KHALIDUR RAHAMAN,ddhcpvtltd@gmail.com,8001200101,"OLD DAKBANGLOW MORE, NIMTITA ROAD, P.O.-TINPAKURIA, P.S- SAMSERGANJ",West Bengal,Dhulian,742202,Accreditation Certificate Approved and Issued,"Clinical Biochemistry,Haematology,Clinical Pathology,Microbiology & Infectious disease serology",,MC-5359,11/10/2024,10/10/2028,,17/10/2024,Archive Applications,Oct 3 2026 7:30AM
15,M-2964,JIYO DIAGNOSTICS AND WELLNESS CENTRE,nabl018393,2022,Medical,Renewal of Accreditation,SHILPA HASTIR,drshilpahastir@gmail.com,7837074144,"SCO 6, SECTOR 16 D",Chandigarh,Chandigarh,160015,Accreditation Certificate Approved and Issued,"Clinical Biochemistry,Molecular Testing,Haematology,Clinical Pathology",,MC-5950,01/09/2025,31/08/2029,,,Archive Applications,Oct 3 2026 7:30AM
16,M-2714,"CENTRE FOR MOLECULAR BIOLOGY, DR.V.R.K. WOMEN'S MEDICAL COLLEGE TEACHING HOSPITAL AND RESEARCH CENTRE",nabl018400,2022,Medical,Renewal of Accreditation,Raghunath,shakirnomandr@gmail.com,9849605553,"AZIZNAGAR (V), MOINABAD (M)",Telangana,Ranga Reddy district,500075,Accreditation Certificate Approved and Issued,Molecular Testing,,MC-7326,25/04/2025,24/04/2029,,,Archive Applications,Oct 3 2026 7:30AM
17,M-2728,"ADESH INSTITUTE OF MEDICAL SCIENCES AND RESEARCH, MOLECULAR TESTING LABORATORY",nabl018427,2022,Medical,Renewal of Accreditation,Upasana Bhumbla,ucupasana124@gmail.com,9650820138,"NH-7, BARNALA ROAD",Punjab,Bathinda,151001,Accreditation Certificate Approved and Issued,"Clinical Biochemistry,Molecular Testing,Haematology,Clinical Pathology,Microbiology & Infectious disease serology",,MC-1037,05/05/2025,04/05/2029,,,Archive Applications,Oct 3 2026 7:30AM
18,M-2817,POOJA DIAGNOSTIC CENTRE PVT. LTD.,nabl018439,2022,Medical,Renewal of Accreditation,JIGAR CHANDARANA,jigar@poojalab.com,9167051515,"63-A, 1ST FLOOR, 7, AROTO HOUSE, P K ROAD, MULUND (W)",Maharashtra,Mumbai,400080,Accreditation Certificate Approved and Issued,"Clinical Biochemistry,Haematology,Clinical Pathology,Microbiology & Infectious disease serology",,MC-4337,12/05/2025,11/05/2029,,,Archive Applications,Oct 3 2026 7:30AM
19,M-2747,"MOLECULAR LAB, VIKASH MULTI SPECIALITY HOSPITAL",nabl018451,2022,Medical,Renewal of Accreditation,GEETARANI PUROHIT,molecularlabvmsh@gmail.com,9868429847,BARAHUGADA CANAL CHOWK,Odisha,Bargarh,768040,Accreditation Certificate Approved and Issued,Molecular Testing,,MC-3985,27/03/2025,04/03/2029,,02/04/2025,Archive Applications,Oct 3 2026 7:30AM
20,M-2782,"DIVISION OF MOLECULAR AND ADVANCED DIAGNOSTICS, G. KUPPUSWAMY NAIDU MEMORIAL HOSPITAL",nabl018523,2022,Medical,Renewal of Accreditation,Vishnu Chandra Kumar A,molecularlab@gknmh.org,9842375747,"NETHAJI ROAD, PAPPANAICKENPALAYAM",Tamil Nadu,Coimbatore,641037,Accreditation Certificate Approved and Issued,Molecular Testing,,MC-4050,21/03/2025,16/03/2029,,31/03/2025,Archive Applications,Oct 3 2026 7:30AM
21,M-2759,ADVANCE MOLECULAR LABORATORY NIMS HOSPITAL,nabl018524,2022,Medical,Renewal of Accreditation,Yogesh Singh,covid19nims@gmail.com,7073253481,"NIMS UNIVERSITY, NH 11 C, JAIPUR DELHI HIGHWAY",Rajasthan,Jaipur,303121,Accreditation Certificate Approved and Issued,Molecular Testing,,MC-1011,12/04/2025,11/04/2029,,,Archive Applications,Oct 3 2026 7:30AM
22,M-2818,RAGHAV DIAGNOSTIC CENTRE,nabl018534,2022,Medical,Scope Extension,RAJ KUMAR RAGHAV,diagnosticraghav@gmail.com,9899770920,"34 / 21, KHANDSA ROAD, RAJ NAGAR",Haryana,Gurgaon,122001,Accreditation Certificate Approved and Issued,"Clinical Biochemistry,Haematology & Immunohaematology",,MC-1051,16/05/2025,15/05/2029,,16/02/2026,Archive Applications,Oct 3 2026 7:30AM
23,M-2774,DNA LABS-A CENTRE FOR APPLIED SCIENCES,nabl018663,2022,Medical,Renewal of Accreditation,NAROTAM SHARMA,sharmanarotam5@gmail.com,9557650069,"LAXMIPUR, EAST HOPE TOWN",Uttarakhand,Dehradun,248007,Accreditation Certificate Approved and Issued,Molecular Testing,,MC-5869,29/08/2025,07/08/2029,,02/09/2025,Archive Applications,Oct 3 2026 7:30AM
24,M-2777,HPRIME LABS PRIVATE LIMITED,nabl018697,2022,Medical,Renewal of Accreditation,CHETNA RAWAT,info@hprimelabs.com,7906263520,"S-29, 2ND FLOOR, ANGEL MEGA MALL, KAUSHAMBI",Uttar Pradesh,Ghaziabad,201010,Accreditation Certificate Approved and Issued,Molecular Testing,,MC-7432,13/06/2025,12/06/2029,,,Shweta Sinha,Oct 3 2026 7:30AM
25,M-4254,MONORAMA ULTRASCAN PRIVATE LIMITED,nabl018762,2022,Medical,Renewal of Accreditation,LINA CHAKRABORTY,nabl.monorama@gmail.com,7865892118,"172, BEHARAMPUR ROAD",West Bengal,Ranaghat,741201,Accreditation Certificate Approved and Issued,"Clinical Biochemistry,Haematology,Clinical Pathology",",--Select Group--",MC-7779,22/11/2025,21/11/2029,,,Archive Applications,Oct 3 2026 7:30AM
26,M-2878,MAHAVIR PATHOLOGY LABORATORY,nabl018776,2022,Medical,Onsite Surveillance,NISHA CHAUHAN,shreemahavirpathologylab@gmail.com,9726432444,"SHREE MAHAVIR HEALTH CAMPUS, NANPURA-ATHWAGATE",Gujarat,Surat,395007,Accreditation Certificate Approved and Issued,"Clinical Biochemistry,Microbiology & Infectious disease serology,Haematology & Immunohaematology",,MC-4737,24/09/2025,23/09/2029,,26/08/2026,Shweta Sinha,Oct 3 2026 7:30AM
27,M-3644,DEPARTMENT OF PATHOLOGY MEHERBAI TATA MEMORIAL HOSPITAL (JAMSHEDPUR CANCER SOCIETY),nabl018796,2022,Medical,Scope Extension,VANITA PANDEY,vanita.pandey@mtmh.co.in,8252738673,STOCKING ROAD BISTUPUR,Jharkhand,Jamshedpur,831001,Accreditation Certificate Approved and Issued,"Clinical Biochemistry,Cytopathology,Molecular Testing,Haematology,Histopathology",,MC-7003,02/12/2024,01/12/2028,,16/12/2025,Archive Applications,Oct 3 2026 7:30AM
28,M-4229,BHANUMATI CLINICAL LABORATORY,nabl018823,2022,Medical,Renewal of Accreditation,Dr. Manoj Kahar,manojkahar788@gmail.com,9825156788,"G-19, DEVDARSHAN APARTMENT, STATION ROAD",Gujarat,Navsari,396445,Accreditation Certificate Approved and Issued,"Clinical Biochemistry,Cytopathology,Haematology,Histopathology,Clinical Pathology,Microbiology & Infectious disease serology",,MC-7475,30/06/2025,29/06/2029,,,Archive Applications,Oct 3 2026 7:30AM
29,M-2810,"PATHOLOGY LABORATORY, GANGA DIAGNOSTIC & MEDICAL RESEARCH CENTRE (P) LIMITED",nabl018872,2022,Medical,Renewal of Accreditation,RAMESH OSTWAL,gangadrostwal@rediffmail.com,9425207592,"AMRAPALI SOCIETY GATE, LALPUR",Chhattisgarh,Raipur,492001,Accreditation Certificate Approved and Issued,"Clinical Biochemistry,Molecular Testing,Haematology,Clinical Pathology,Microbiology & Infectious disease serology",,MC-7830,18/12/2025,17/12/2029,,,Archive Applications,Oct 3 2026 7:30AM
30,M-2885,"MAX LAB, A DIVISION OF MAX HEALTHCARE INSTITUTE LTD",nabl018957,2022,Medical,Renewal of Accreditation,Dr DIMPLE JUNEJA,Dimple.Juneja@maxhealthcare.com,9899594484,"SHANTI MUKAND HOSPITAL 2, INSTITUTIONAL AREA VIKAS MARG EXTN. KARKARDOOMA",Delhi,Delhi,110092,Accreditation Certificate Approved and Issued,"Clinical Biochemistry,Haematology,Clinical Pathology",,MC-4338,12/05/2025,11/05/2029,,,Archive Applications,Oct 3 2026 7:30AM
31,M-2925,"DIVYA PRASTHA HOSPITAL, DEPARTMENT OF LABORATORY MEDICINE",nabl018984,2022,Medical,Renewal of Accreditation,Saif,dphlab2025@gmail.com,9716035412,"RZ-37, RAJ NAGAR, PART-1, PALAM COLONY, MAIN ROAD",Delhi,New Delhi,110045,Accreditation Certificate Approved and Issued,"Clinical Biochemistry,Haematology,Clinical Pathology",,MC-4855,06/12/2025,05/12/2029,,11/12/2025,Archive Applications,Oct 3 2026 7:30AM
32,M-2819,HINDLABS (A UNIT OF HLL LIFECARE LIMITED),nabl018993,2022,Medical,Renewal of Accreditation,PRIYA CHITRIV,priyachitriv@lifecarehll.com,8329127019,"SHOP NO 303/304, 3RD FLOOR, NIT COMPLEX, JHANSI RANI SQUARE",Maharashtra,Nagpur,440012,Accreditation Certificate Approved and Issued,Molecular Testing,,MC-5691,30/05/2025,29/05/2029,,,Archive Applications,Oct 3 2026 7:30AM
33,M-2896,GCC DNA DIAGNOSTIC LAB,nabl019058,2022,Medical,Renewal of Accreditation,Moumoni Ghosh,info@gddl.in,9073682430,"JOYCHANDIPUR, BAKRAHAT",West Bengal,24 Parganas (s),743377,Accreditation Certificate Approved and Issued,Molecular Testing,,MC-7632,21/09/2025,20/09/2029,,,Archive Applications,Oct 3 2026 7:30AM
34,M-2882,GOA DIAGNOSTIC LABORATORY LLP,nabl019136,2022,Medical,Renewal of Accreditation,MEDHA SINDGIKAR,sudhindras20@gmail.com,9423886258,"NETALKAR BUILDING, GROUND FLOOR, PONDA KHANDEPAR ROAD, KAZIWADA",Goa,Ponda,403401,Accreditation Certificate Approved and Issued,"Clinical Biochemistry,Haematology,Clinical Pathology,Microbiology & Infectious disease serology",,MC-4319,04/05/2025,03/05/2029,,,Archive Applications,Oct 3 2026 7:30AM
35,M-2884,SONOSCAN HEALTHCARE PRIVATE LIMITED,nabl019246,2022,Medical,Renewal of Accreditation,SUMANTA BANERJEE,info@sonoscanhealthcare.com,9433237900,"MATRI SADAN BUILDING,SOVA MAJUMDAR SARANI, PO-BALURGHAT",West Bengal,Balurghat,733101,Accreditation Certificate Approved and Issued,"Clinical Biochemistry,Haematology,Clinical Pathology,Microbiology & Infectious disease serology",,MC-7763,16/11/2025,15/11/2029,,,Archive Applications,Oct 3 2026 7:30AM
36,M-2862,"HIV DIAGNOSTIC & RESEARCH LABORATORY (HDRL), B.R.D. MEDICAL COLLEGE",nabl019262,2022,Medical,Renewal of Accreditation,AMRESH KUMAR SINGH,srl.up.mcg@gmail.com,9452295894,"DEPARTMENT OF MICROBIOLOGY, B.R.D. MEDICAL COLLEGE, JHUNGIA BAZAR, MAHARAJGANJ ROAD",Uttar Pradesh,Gorakhpur,273013,Accreditation Certificate Approved and Issued,Microbiology & Infectious disease serology,,MC-7656,03/10/2025,02/10/2029,,,Archive Applications,Oct 3 2026 7:30AM
37,M-3294,"LABORATORY SERVICES, SUM ULTIMATE MEDICARE",nabl019288,2022,Medical,Renewal of Accreditation,Debadyuti Sahu,drdebadyuti_s@soahospitals.com,7978501020,"K-8, KALINGA NAGAR, GHATIKIA",Odisha,Bhubaneswar,751030,Accreditation Certificate Approved and Issued,"Clinical Biochemistry,Cytopathology,Histopathology,Clinical Pathology,Microbiology & Infectious disease serology,Haematology & Immunohaematology",,MC-8085,12/05/2026,11/05/2030,,,Gayathri S,Oct 3 2026 7:30AM
38,M-2920,"CLINICAL BIOCHEMISTRY LAB, DEPARTMENT OF BIOCHEMISTRY, VMMC & SAFDARJUNG HOSPITAL",nabl019319,2022,Medical,Renewal of Accreditation,AMITA YADAV,nablsjhbiochem@gmail.com,9999437161,"CLINICAL BIOCHEMISTRY LAB (OPD BLOCK) AND BIOCHEMISTRY LAB (NEW EMERGENCY BLOCK), VARDHMAN MAHAVIR MEDICAL COLLEGE AND SAFDARJUNG HOSPITAL, ANSARI NAGAR WEST",Delhi,New Delhi,110029,Accreditation Certificate Approved and Issued,Clinical Biochemistry,,MC-4647,27/08/2025,26/08/2029,,,Archive Applications,Oct 3 2026 7:30AM
39,M-2883,NEUBERG SUPRATECH RAJKOT PVT. LTD.,nabl019386,2022,Medical,Renewal of Accreditation,KALPESH HATHI,kphathi@gmail.com,9429048895,"RATNAM BUILDING, MOTI TANKI CHOWK",Gujarat,Rajkot,360001,Accreditation Certificate Approved and Issued,"Clinical Biochemistry,Haematology,Histopathology,Clinical Pathology,Microbiology & Infectious disease serology",,MC-5775,07/07/2025,06/07/2029,,,Archive Applications,Oct 3 2026 7:30AM
40,M-2942,"DEPARTMENT OF LABORATORY MEDICINE, APOLLO HOSPITALS",nabl019585,2022,Medical,Renewal of Accreditation,Bulusu Divya,drdivya_b@apollohospitals.com,8919292283,"D-NO: 18-516/2/1, SURVEY NO: 68P&76, HEALTH CITY, CHINAGADILI",Andhra Pradesh,Visakhapatnam,530040,Accreditation Certificate Approved and Issued,"Clinical Biochemistry,Cytopathology,Haematology,Histopathology,Clinical Pathology,Microbiology & Infectious disease serology",,MC-6015,19/09/2025,18/09/2029,,,Archive Applications,Oct 3 2026 7:30AM
41,M-2956,AANAVIK DIAGNOSTICS,nabl019613,2022,Medical,Renewal of Accreditation,Anuj Sharma,khatameetha@gmail.com,9636444675,"A-1, INDIRA COLONY, TONK ROAD",Rajasthan,Jaipur,302015,Accreditation Certificate Approved and Issued,"Molecular Testing,Microbiology & Infectious disease serology",,MC-6109,08/11/2025,07/11/2029,,,Archive Applications,Oct 3 2026 7:30AM
42,M-2974,"DEPARTMENT OF LABORATORY SCIENCE, BHAGWAN DAS HOSPITAL",nabl019733,2022,Medical,Renewal of Accreditation,SHEKHAR PAMNANI,bdkh2018@gmail.com,9899151927,"BLOCK E, SECTOR 18, OMAXE CITY",Haryana,Sonipat,131001,Accreditation Certificate Approved and Issued,"Clinical Biochemistry,Haematology,Clinical Pathology",,MC-4795,26/10/2025,25/10/2029,,,Archive Applications,Oct 3 2026 7:30AM
43,M-2923,"DEPARTMENT OF LABORATORY MEDICINE, VISHESH JUPITER HOSPITAL",nabl019763,2022,Medical,Renewal of Accreditation,I Rahman,pathology.indore@jupiterhospital.com,7723876940,"SCHEME NO 94, SECTOR I, RING ROAD",Madhya Pradesh,Indore,452020,Accreditation Certificate Approved and Issued,"Clinical Biochemistry,Cytopathology,Molecular Testing,Haematology,Clinical Pathology,Microbiology & Infectious disease serology",,MC-4219,18/03/2025,17/03/2029,,,Archive Applications,Oct 3 2026 7:30AM
44,M-2963,TATA 1MG LABS (TATA 1MG TECHNOLOGIES PRIVATE LIMITED),nabl019808,2022,Medical,Renewal of Accreditation,Tanuja Rautela,tanuja.rautela@1mg.com,7838688259,"PLOT NO. EL 15, UNIT NO. 1, GROUND FLOOR, TEERATH BUSINESS CENTRE, 2700 SQUARE FOOT ROAD, MIDC, BHOSARI",Maharashtra,Pune,411026,Accreditation Certificate Approved and Issued,"Clinical Biochemistry,Haematology,Clinical Pathology,Microbiology & Infectious disease serology",,MC-4271,13/04/2025,12/04/2029,,,Archive Applications,Oct 3 2026 7:30AM
45,M-2955,SHRI ANANDPUR TRUST CHARITABLE DIAGNOSTIC CENTRE,nabl019850,2022,Medical,Renewal of Accreditation,MUKTA SHADEJA,muktashadeja@yahoo.com,9810560074,C-9/5 KRISHNA NAGAR,Delhi,New Delhi,110051,Accreditation Certificate Approved and Issued,"Clinical Biochemistry,Haematology & Immunohaematology",,MC-6474,24/04/2026,23/04/2030,,,Archive Applications,Oct 3 2026 7:30AM
46,M-2940,"KPC MEDICAL COLLEGE & HOSPITAL, JADAVPUR (DEPARTMENT OF LABORATORY SERVICES)",nabl019889,2022,Medical,Renewal of Accreditation,SOUMEN BANERJEE,soumen.banerjee@kpcmedicalcollege.com,8017704875,"1 F, RAJA SC MULLICK ROAD, JADAVPUR",West Bengal,Kolkata,700032,Accreditation Certificate Approved and Issued,"Clinical Biochemistry,Cytopathology,Molecular Testing,Haematology,Histopathology,Clinical Pathology,Microbiology & Infectious disease serology",,MC-5814,30/07/2025,20/07/2029,,12/08/2025,Archive Applications,Oct 3 2026 7:30AM
47,M-2983,"DEPARTMENT OF MICROBIOLOGY, SRL AND ICTC LABORATORY RAJARSHREE CHHATRAPATI SHAHU MAHARAJ GOVERNMENT MEDICAL COLLEGE",nabl019935,2022,Medical,Renewal of Accreditation,Hemangi Ramesh Walke,hodmicrokop@yahoo.com,9561979401,"DEPARTMENT OF MICROBIOLOGY BUILDING, LABORATORY COMPLEX - SECOND FLOOR, SHENDAPARK",Maharashtra,Kolhapur,416013,Accreditation Certificate Approved and Issued,"Molecular Diagnostics,Microbiology & Infectious disease serology",,MC-6297,02/02/2026,01/02/2030,,16/02/2026,Shweta Sinha,Oct 3 2026 7:30AM
48,M-2979,TAPADIA DIAGNOSTIC CENTRE PVT LTD,nabl019941,2022,Medical,Renewal of Accreditation,R TAPADIA,rohittapadia@tapadiadiagnostics.com,9900526379,"1-7-1072/A, RTC X ROAD CHIKKADPALLY",Telangana,Hyderabad,500020,Accreditation Certificate Approved and Issued,"Clinical Biochemistry,Molecular Testing,Haematology,Clinical Pathology,Microbiology & Infectious disease serology",,MC-5866,08/08/2025,07/08/2029,,,Archive Applications,Oct 3 2026 7:30AM
49,M-2953,HEALTHIANS LABS (A UNIT OF EXPEDIENT HEALTHCARE MARKETING PRIVATE LIMITED),nabl019990,2022,Medical,Renewal of Accreditation,Sohini Sengupta,quality.assurance@healthians.com,9711196683,"PLOT NUMBER 1 & 2, UDYOG VIHAR, PHASE-IV",Haryana,Gurgaon,122016,Accreditation Certificate Approved and Issued,"Clinical Biochemistry,Molecular Testing,Haematology,Clinical Pathology,Microbiology & Infectious disease serology",,MC-4245,27/03/2025,26/03/2029,,,Archive Applications,Oct 3 2026 7:30AM
50,M-3514,DEPARTMENT OF MICROBIOLOGY VARDHMAN MAHAVIR MEDICAL COLLEGE,nabl020020,2022,Medical,Renewal of Accreditation,Deepthi Nair,deepthinair2@gmail.com,9811590212,"FIFTH FLOOR, VMMC BUILDING, SAFDARJUNG HOSPITAL",Delhi,New Delhi,110029,Accreditation Certificate Approved and Issued,"Molecular Testing,Microbiology & Infectious disease serology",,MC-7619,16/09/2025,15/09/2029,,,Archive Applications,Oct 3 2026 7:30AM
51,M-2962,NEUBERG DIAGNOSTICS PRIVATE LIMITED,nabl020053,2022,Medical,Renewal of Accreditation,Ankita Srivastava,dr.ankita.s@neubergdiagnostics.com,9610656566,"DOOR NO. 1-118/24 , HI TECH CITY, MADHAPUR",Telangana,Hyderabad,500081,Accreditation Certificate Approved and Issued,"Clinical Biochemistry,Haematology,Clinical Pathology",,MC-6067,07/11/2025,18/10/2029,,13/11/2025,Archive Applications,Oct 3 2026 7:30AM
52,M-2946,THYROCARE TECHNOLOGIES LIMITED,nabl020058,2022,Medical,Renewal of Accreditation,Syeda Sumaiya,syeda.sumaiya@thyrocare.com,8073075957,"NO-5AC-711, BASEMENT, 2ND & 3RD FLOORS, HRBR, HENNUR BANASWADI SERVICE ROAD, 2ND BLOCK",Karnataka,Bengaluru,560043,Accreditation Certificate Approved and Issued,"Clinical Biochemistry,Haematology,Clinical Pathology,Microbiology & Infectious disease serology",,MC-4246,27/03/2025,26/03/2029,,,Archive Applications,Oct 3 2026 7:30AM
53,M-4288,MAHAMANA PANDIT MADAN MOHAN MALAVIYA CANCER CENTRE DIAGNOSTIC SERVICES,nabl020082,2022,Medical,Renewal of Accreditation,Pushpendra Kumar Mishra,pushpendra.mishra@tmc.gov.in,9838316157,"SUNDARBAGIYA, BHU CAMPUS",Uttar Pradesh,Varanasi,221005,Accreditation Certificate Approved and Issued,"Clinical Biochemistry,Cytopathology,Molecular Diagnostics,Histopathology,Clinical Pathology,Microbiology & Infectious disease serology,Haematology & Immunohaematology",",--Select Group--",MC-7887,19/01/2026,18/01/2030,,,Archive Applications,Oct 3 2026 7:30AM
54,M-4286,DEPARTMENT OF LABORATORY MEDICINE OF KOKILABEN DHIRUBHAI AMBANI HOSPITAL (UNIT OF RELIANCE HEALTH SOLUTION PRIVATE LIMITED),nabl020088,2022,Medical,Renewal of Accreditation,Krishna Chandra,poonam.r.gupta@reliancehospitals.com,9811779344,"PLOT NO -X8 & X8/1, MIDC,TTC INDUSTRIAL AREA,KOPARKHAIRANE",Maharashtra,Navi Mumbai,400710,Accreditation Certificate Approved and Issued,"Clinical Biochemistry,Cytopathology,Haematology,Clinical Pathology,Microbiology & Infectious disease serology",,MC-5489,26/01/2025,25/01/2029,,,Archive Applications,Oct 3 2026 7:30AM
55,M-3034,"MEDIVERSAL MULTI SUPER SPECIALTY HOSPITAL, LABORATORY SERVICES",nabl020147,2022,Medical,Renewal of Accreditation,Ritwik Panja,pathology@mediversal.in,9748911129,"MEDIVERSAL MULTI SUPER SPECIALTY HOSPITAL, PLOT NO.-DS/6, LOHIA NAGAR, KANKARBAGH",Bihar,Patna,800020,Accreditation Certificate Approved and Issued,"Clinical Biochemistry,Haematology,Clinical Pathology",,MC-4841,23/11/2025,22/11/2029,,,Archive Applications,Oct 3 2026 7:30AM
56,M-2986,"CLINICAL LABORATORY, TELERAD RXDX HEALTHCARE PRIVATE LIMITED",nabl020175,2022,Medical,Renewal of Accreditation,Manjula BV,manjula236@gmail.com,9880826221,"SECOND FLOOR; PLOT NO. 7G, KUNDALAHALLI MAIN ROAD, WHITEFIELD",Karnataka,Bengaluru,560048,Accreditation Certificate Approved and Issued,"Clinical Biochemistry,Haematology,Clinical Pathology,Microbiology & Infectious disease serology",,MC-6085,31/10/2025,30/10/2029,,,Archive Applications,Oct 3 2026 7:30AM
57,M-3042,HEALTH GROW PATH LAB,nabl020275,2022,Medical,Renewal of Accreditation,SWATI PAUL,hgpl.lab@gmail.com,8777675160,"15, BARRACKPORE TRUNK RD, 1ST FLOOR",West Bengal,24 Parganas (n),700056,Accreditation Certificate Approved and Issued,"Clinical Biochemistry,Haematology,Clinical Pathology,Microbiology & Infectious disease serology",,MC-7849,29/12/2025,28/12/2029,,,Archive Applications,Oct 3 2026 7:30AM
58,M-2969,"RENAI LABORATORY SERVICES, POLAKULATH NARAYANAN RENAI MEDICITY",nabl020281,2022,Medical,Renewal of Accreditation,Sruthi V P,sruthi@renaimedicity.org,9995614184,"BUILDING NO:40/682, MAMANGALAM",Kerala,Kochi,682025,Accreditation Certificate Approved and Issued,"Cytopathology,Molecular Testing,Haematology,Clinical Pathology,Microbiology & Infectious disease serology",,MC-6057,10/10/2025,09/10/2029,,24/10/2025,Archive Applications,Oct 3 2026 7:30AM
59,M-3093,"DEPARTMENT OF PATHOLOGY, RAJIV GANDHI SUPER SPECIALITY HOSPITAL",nabl020295,2022,Medical,Renewal of Accreditation,MONA BARGOTYA,pathologyrgssh@gmail.com,9953169611,"BLOCK -7, 4TH FLOOR, RAJIV GANDHI SUPERSPECIALITY HOSPITAL, TAHIRPUR, SHAHDARA",Delhi,Delhi,110093,Accreditation Certificate Approved and Issued,"Cytopathology,Histopathology,Clinical Pathology,Haematology & Immunohaematology",,MC-8032,10/04/2026,09/04/2030,,,Shweta Sinha,Oct 3 2026 7:30AM
60,M-2966,ADITYA DIAGNOSTICS AND RESEARCH LABORATORIES,nabl020335,2022,Medical,Renewal of Accreditation,Saraswathi Devi A,asaraswathidevi@gmail.com,9848055652,"DECCAN CHAMBERS, 1ST FLOOR",Telangana,Hyderabad,500018,Accreditation Certificate Approved and Issued,"Clinical Biochemistry,Haematology",,MC-4508,07/07/2025,06/07/2029,,,Archive Applications,Oct 3 2026 7:30AM
61,M-2973,ELITE DIAGNOSTICS,nabl020346,2022,Medical,Renewal of Accreditation,P M PARIHAR,pathobaba@gmail.com,9214888859,"9-A-30, R.C. VYAS COLONY",Rajasthan,Bhilwara,311001,Accreditation Certificate Approved and Issued,"Clinical Biochemistry,Haematology,Clinical Pathology,Microbiology & Infectious disease serology",,MC-4885,20/12/2025,19/12/2029,,25/12/2025,Archive Applications,Oct 3 2026 7:30AM
62,M-2990,TRUSTLAB DIAGNOSTICS PRIVATE LIMITED,nabl020411,2022,Medical,Renewal of Accreditation,Sai Varun,qa@mytrustlab.com,8688022436,"H.NO.31/2 2RT (OLD) H.NO.1-8-617/2(NEW)STREET NO.5 PRAKASH NAGAR,",Telangana,Hyderabad,500016,Accreditation Certificate Approved and Issued,"Clinical Biochemistry,Molecular Testing,Haematology,Histopathology,Clinical Pathology,Microbiology & Infectious disease serology",,MC-7535,01/08/2025,31/07/2029,,,Archive Applications,Oct 3 2026 7:30AM
63,M-2998,"HIV TESTING STATE REFERENCE LABORATORY, DEPARTMENT OF MICROBIOLOGY, DR. VAISHAMPAYAN MEMORIAL GOVERNMENT MEDICAL COLLEGE",nabl020431,2022,Medical,Renewal of Accreditation,Shivani Jadhav,srltosolapur@mahasacs.org,8329824800,"SIDHESHWAR PETH, RANGBHAVAN CHOWK",Maharashtra,Solapur,413003,Accreditation Certificate Approved and Issued,"Molecular Diagnostics,Flow Cytometry,Microbiology & Infectious disease serology",,MC-7860,31/12/2025,30/12/2029,,,Archive Applications,Oct 3 2026 7:30AM
64,M-3028,KAIFAK MEDICARE PRIVATE LIMITED,nabl020510,2022,Medical,Renewal of Accreditation,ABDUL BASIT,kaifakmedicare.nabl@gmail.com,9833353036,"TULSIANI CHAMBER, GROUND FLOOR, OFFICE NUMBER 04, 212 FREE PRESS JOURNAL MARG, NARIMAN POINT",Maharashtra,Mumbai,400021,Accreditation Certificate Approved and Issued,"Clinical Biochemistry,Haematology,Microbiology & Infectious disease serology",,MC-7675,08/10/2025,07/10/2029,,,Archive Applications,Oct 3 2026 7:30AM
65,M-3023,HEALTHIANS DIAGNOSTIC LABS (A UNIT OF EXPEDIENT HEALTHCARE MARKETING PRIVATE LIMITED),nabl020526,2022,Medical,Renewal of Accreditation,RAMESH VISHWANATH,quality.assurance@healthians.com,8971505252,"4BC-301, THE SUMMIT, 3RD A MAIN, 4TH B CROSS, EAST OF NGEF, BDA LAYOUT (KASTURINAGAR EAST), RAMAMURTHY NAGAR MAIN ROAD",Karnataka,Bengaluru,560016,Accreditation Certificate Approved and Issued,"Clinical Biochemistry,Haematology,Clinical Pathology,Microbiology & Infectious disease serology",,MC-4391,03/06/2025,31/05/2029,,16/06/2025,Archive Applications,Oct 3 2026 7:30AM
66,M-2993,"LABORATORY SERVICES, ST.PETER'S MEDICAL COLLEGE, HOSPITAL AND RESEARCH INSTITUTE (A UNIT OF ST. PETER'S INSTITUTE OF HIGHER EDUCATION AND RESEARCH TRUST)",nabl020556,2022,Medical,Renewal of Accreditation,ARCHANA MEENA,molecularlaboratory@spmch.ac.in,9566044747,"S.F.278, MORANAPALLI VILLAGE, DR.M.G.R NAGAR",Tamil Nadu,Hosur,635130,Accreditation Certificate Approved and Issued,Molecular Testing,,MC-7805,04/12/2025,03/12/2029,,,Archive Applications,Oct 3 2026 7:30AM
67,M-2997,TATA 1MG LABS (TATA 1MG TECHNOLOGIES PRIVATE LIMITED),nabl020587,2022,Medical,Onsite Surveillance,Tanuja Rautela,tanuja.rautela@1mg.com,7838688259,"GROUND,1ST AND 2ND FLOOR NO. 607, 80FT ROAD, 6TH BLOCK, KORMANGALA, BENGALURU (BANGALORE) URBAN",Karnataka,Bengaluru,560095,Accreditation Certificate Approved and Issued,"Clinical Biochemistry,Clinical Pathology,Microbiology & Infectious disease serology,Haematology & Immunohaematology",,MC-4291,21/04/2025,20/04/2029,,23/04/2026,Archive Applications,Oct 3 2026 7:30AM
68,M-2999,KRISHNA DIAGNOSTICS (A UNIT OF KOADON LAB LLP),nabl020601,2022,Medical,Onsite Surveillance,Sanchita Chakraborty,dsanchita8@gmail.com,9831587408,"C-7, UG, ANAND VIHAR",Delhi,New Delhi,110092,Accreditation Certificate Approved and Issued,"Clinical Biochemistry,Molecular Testing,Haematology,Clinical Pathology,Haematology & Immunohaematology",,MC-7402,31/05/2025,30/05/2029,,27/05/2026,Shweta Sinha,Oct 3 2026 7:30AM
69,M-3172,"LAB SERVICES, APOLLO HOSPITALS",nabl020622,2022,Medical,Renewal of Accreditation,ANIKA SINGHAL,labservices_noida@apollodelhi.com,9910713714,"E2, SECTOR 26,GAUTAM BUDH NAGAR",Uttar Pradesh,Noida,201301,Accreditation Certificate Approved and Issued,"Clinical Biochemistry,Clinical Pathology,Haematology & Immunohaematology",",--Select Group--",MC-7921,30/01/2026,29/01/2030,,,Shweta Sinha,Oct 3 2026 7:30AM
70,M-3004,DR. KHANNAS PATHCARE PRIVATE LIMITED,nabl020651,2022,Medical,Renewal of Accreditation,SHERRY KHANNA,sherrypathcareindia@gmail.com,9899099820,"E 5, HAUZ KHAS",Delhi,New Delhi,110016,Accreditation Certificate Approved and Issued,Molecular Testing,,MC-4303,26/04/2025,25/04/2029,,,Archive Applications,Oct 3 2026 7:30AM
71,M-3048,"DEPARTMENT OF MICROBIOLOGY, NAGA HOSPITAL AUTHORITY",nabl020662,2022,Medical,Renewal of Accreditation,KEZHOLENO,kohimasrl@gmail.com,8258024957,"ROOM NO 50, NAGA HOSPITAL AUTHORITY",Nagaland,Kohima,797001,Accreditation Certificate Approved and Issued,"Molecular Diagnostics,Flow Cytometry,Microbiology & Infectious disease serology",,MC-6510,07/05/2026,06/05/2030,,,Archive Applications,Oct 3 2026 7:30AM
72,M-3113,SHRI BABU SINGH DADDU JI HOSPITAL,nabl020714,2022,Medical,Renewal of Accreditation,ANCHAL SINGH,sbsdaddujiaydcollege@gmail.com,9554964674,"KRISHNA NAGAR, BHOJPUR",Uttar Pradesh,Fatehgarh,209749,Accreditation Certificate Approved and Issued,Clinical Biochemistry,,MC-7352,07/05/2025,06/05/2029,,,Archive Applications,Oct 3 2026 7:30AM
73,M-3024,CLINICAL LABORATORY SERVICES OF MEHTA MULTISPECIALITY HOSPITALS INDIA PRIVATE LIMITED,nabl020724,2022,Medical,NABL 201,REKHA SRIDHAR,mcl@mehtahospital.com,9790769853,"21, MC NICHOLS ROAD",Tamil Nadu,Chennai,600031,Accreditation Certificate Approved and Issued,"Clinical Biochemistry,Haematology,Clinical Pathology,Microbiology & Infectious disease serology",,MC-4710,15/09/2025,14/09/2029,,18/03/2026,Archive Applications,Oct 3 2026 7:30AM
74,M-3029,PATKAR LABORATORY,nabl020752,2022,Medical,Renewal of Accreditation,KSHITIJA PATKAR,patkarlaboratory@gmail.com,9892078851,"411, 414, NIRMAN VYAPAR KENDRA, SECTOR 17, VASHI",Maharashtra,Thane,400703,Accreditation Certificate Approved and Issued,"Clinical Biochemistry,Cytopathology,Haematology,Clinical Pathology,Microbiology & Infectious disease serology",,MC-4477,28/06/2025,27/06/2029,,,Archive Applications,Oct 3 2026 7:30AM
75,M-3030,ASR HOSPITALS (INDIA) PRIVATE LIMITED - LABORATORY SERVICES,nabl020773,2022,Medical,Renewal of Accreditation,GOURAB CHAKRABORTY,asiddareddy@gmail.com,9862178064,"45, HGB ROAD",Tripura,Agartala,799001,Accreditation Certificate Approved and Issued,"Clinical Biochemistry,Haematology",,MC-7852,31/12/2025,30/12/2029,,,Archive Applications,Oct 3 2026 7:30AM
76,M-3032,LABORATORY-DATAR CANCER GENETICS PRIVATE LIMITED,nabl020833,2022,Medical,Renewal of Accreditation,Shabista Khan,quality.nsk@datarpgx.org,8412915111,"F-8, D-ROAD, AMBAD",Maharashtra,Nashik,422010,Accreditation Certificate Approved and Issued,"Cytopathology,Molecular Testing,Histopathology",,MC-5955,02/09/2025,01/09/2029,,,Archive Applications,Oct 3 2026 7:30AM
77,M-3132,DR. GEETANJALI'S HEALTHCARE CENTER PRIVATE LIMITED (DIAGNOSTIC PATHOLOGY LABORATORY),nabl020879,2022,Medical,Renewal of Accreditation,Amruta Kasat,amruta.kasat@geetanjalidiagnostics.com,9422259744,"KRUSHNA PARK, SHOP NO 1, WING B, KHARADI BYPASS",Maharashtra,Pune,411014,Accreditation Certificate Approved and Issued,"Clinical Biochemistry,Haematology,Clinical Pathology,Microbiology & Infectious disease serology",,MC-7752,13/11/2025,12/11/2029,,,Archive Applications,Oct 3 2026 7:30AM
78,M-3300,ATDI LAB PRIVATE LIMITED,nabl020911,2022,Medical,Renewal of Accreditation,Shruti Tapiawala,stapiawalaatdi@gmail.com,9320167377,"6B, TRUST HOUSE, 6TH FLOOR, 35 HOSPITAL AVENUE, DR E BORGES ROAD, PAREL",Maharashtra,Mumbai,400012,Accreditation Certificate Approved and Issued,"Molecular Testing,Haematology",,MC-7857,31/12/2025,30/12/2029,,,Gayathri S,Oct 3 2026 7:30AM
79,M-3102,DR. LAL PATHLABS LIMITED,nabl020944,2022,Medical,NABL 201,Nisha Pathania,Nisha.Pathania@lalpathlabs.com,9914382042,"GROUND FLOOR & FIRST FLOOR, 163- RR PLAZA, NEW VIJAY NAGAR, MAHAVIR MARG",Punjab,Jalandhar,144001,Accreditation Certificate Approved and Issued,"Clinical Biochemistry,Cytopathology,Haematology,Histopathology,Clinical Pathology,Microbiology & Infectious disease serology,Haematology & Immunohaematology",,MC-5753,15/05/2026,28/06/2029,,,Archive Applications,Oct 3 2026 7:30AM
80,M-3076,LUCID MEDICAL DIAGNOSTICS PVT. LTD.,nabl020949,2022,Medical,Renewal of Accreditation,S A NABI,centrallabvizag@luciddiagnostics.com,9133355144,"D.NO.16-1-25, COASTAL BATTERY ROAD, COLLECTOR'S OFFICE, MAHARANIPETA",Andhra Pradesh,Visakhapatnam,530002,Accreditation Certificate Approved and Issued,"Clinical Biochemistry,Haematology,Clinical Pathology",,MC-6197,14/12/2025,13/12/2029,,31/12/2025,Archive Applications,Oct 3 2026 7:30AM
81,M-3268,AM THYROVISION LABORATORIES PRIVATE LIMITED,nabl020971,2022,Medical,Renewal of Accreditation,ANJU MISHRA,info@thyrovision.com,9810688257,"F-126, KATWARIA SARAI",Delhi,New Delhi,110016,Accreditation Certificate Approved and Issued,"Clinical Biochemistry,Clinical Pathology,Haematology & Immunohaematology",,MC-6355,01/03/2026,28/02/2030,,,Archive Applications,Oct 3 2026 7:30AM
82,M-3074,LABORATORY SERVICES OF FRONTIER LIFELINE HOSPITAL,nabl021000,2022,Medical,Renewal of Accreditation,Gowri P,clinicallab@frontierlifeline.com,9176244699,"R-30- C, AMBATTUR INDUSTRIAL ESTATE ROAD, MOGAPPAIR",Tamil Nadu,Chennai,600101,Accreditation Certificate Approved and Issued,"Clinical Biochemistry,Haematology,Clinical Pathology,Microbiology & Infectious disease serology",,MC-4488,30/06/2025,29/06/2029,,,Archive Applications,Oct 3 2026 7:30AM
83,M-3138,DR LAL PATHLABS LIMITED,nabl021011,2022,Medical,Renewal of Accreditation,ANKIT JAIN,ankit.jain@lalpathlabs.com,9760675172,"HALL NO. 101 & 202, 1ST AND 2ND FLOOR, SHREE RAM COMMERCIAL COMPLEX, SHRADDHAPURI, PHASE 2, NH 58",Uttar Pradesh,Meerut,250001,Accreditation Certificate Approved and Issued,"Clinical Biochemistry,Haematology,Clinical Pathology,Microbiology & Infectious disease serology",,MC-6026,29/09/2025,28/09/2029,,15/10/2025,Archive Applications,Oct 3 2026 7:30AM
84,M-3097,PATHKIND DIAGNOSTICS PRIVATE LIMITED,nabl021032,2022,Medical,Scope Extension,SUNANDA DEY,SUNANDA.DEY@PATHKINDLABS.COM,9830299292,"PLOT NUMBER J C 18, SALT LAKE CITY",West Bengal,Kolkata,700098,Accreditation Certificate Approved and Issued,"Clinical Biochemistry,Molecular Diagnostics,Clinical Pathology,Microbiology & Infectious disease serology,Haematology & Immunohaematology",,MC-4356,21/05/2025,20/05/2029,,22/09/2026,Shweta Sinha,Oct 3 2026 7:30AM
85,M-3242,"NARAYANA SUPERSPECIALITY HOSPITAL, HOWRAH LABORATORY SERVICES",nabl021099,2022,Medical,Renewal of Accreditation,Saptarshi Mukherjee,saptarshi.mukherjee@narayanahealth.org,8981515425,"120/1, ANDUL ROAD",West Bengal,Howrah,711103,Accreditation Certificate Approved and Issued,"Clinical Biochemistry,Haematology,Clinical Pathology,Microbiology & Infectious disease serology",",--Select Group--",MC-5937,29/08/2025,28/08/2029,,,Archive Applications,Oct 3 2026 7:30AM
86,M-3122,ALLERGIMMUNO DIAGNOSTICS PRIVATE LIMITED,nabl021126,2022,Medical,Renewal of Accreditation,Pratanu Biswas,pratanu84@gmail.com,8368387662,"53/1D, CHAUL PATTY ROAD, BELIAGHATA",West Bengal,Kolkata,700010,Accreditation Certificate Approved and Issued,"Clinical Biochemistry,Clinical Pathology",,MC-4648,27/08/2025,26/08/2029,,,Archive Applications,Oct 3 2026 7:30AM
87,M-3103,SATYA SCANS & DIAGNOSTICS (A UNIT OF SRI BALA TRIPURA SUNDARI HEALTH CARE PRIVATE LIMITED),nabl021138,2022,Medical,Renewal of Accreditation,Y Ravi Prasad,quality.ssdc@yahoo.com,9666034747,"2-4-12, MURALI STREET, SRI NAGAR",Andhra Pradesh,Kakinada,533003,Accreditation Certificate Approved and Issued,Molecular Testing,,MC-5914,21/08/2025,20/08/2029,,,Archive Applications,Oct 3 2026 7:30AM
88,M-3106,ASARFI HOSPITAL LABORATORY,nabl021156,2022,Medical,Renewal of Accreditation,Zahid Mazhar,zahidmazhar4u@hotmail.com,7004389824,"BARAMURI, BISHUNPUR POLYTECHNIC ROAD",Jharkhand,Dhanbad,828130,Accreditation Certificate Approved and Issued,"Clinical Biochemistry,Haematology",,MC-7814,08/12/2025,07/12/2029,,,Archive Applications,Oct 3 2026 7:30AM
89,M-3177,CLINICAL LABORATORY - CLIANTHA RESEARCH LIMITED,nabl021173,2022,Medical,Renewal of Accreditation,SHAIFALI GUPTA,sgupta@cliantha.com,9687603795,"CLIANTHA CORPORATE, TP 86, FP 28/1, SARKHEJ",Gujarat,Ahmedabad,382210,Accreditation Certificate Approved and Issued,"Clinical Biochemistry,Haematology,Clinical Pathology,Microbiology & Infectious disease serology",,MC-4651,27/08/2025,26/08/2029,,,Archive Applications,Oct 3 2026 7:30AM
90,M-3143,MEDTECH DIAGNOSTICS,nabl021194,2022,Medical,Renewal of Accreditation,NITI SINGH,MEDTECHDIAGNOSTICS@GMAIL.COM,9810225690,"C-31 A, GROUND FLOOR, NATHU SINGH MARKET, MASOODPUR, VASANT KUNJ",Delhi,New Delhi,110070,Accreditation Certificate Approved and Issued,"Haematology,Clinical Pathology,Microbiology & Infectious disease serology",,MC-4416,04/06/2025,03/06/2029,,,Archive Applications,Oct 3 2026 7:30AM
91,M-3188,"HIV TESTING LABORATORY, SRL, DEPARTMENT OF MICROBIOLOGY, GOA MEDICAL COLLEGE",nabl021261,2022,Medical,Renewal of Accreditation,Anita Sandhya Estibeiro,srl.goa.gmc@gmail.com,9307793187,GOA MEDICAL COLLEGE,Goa,Bambolim,403202,Accreditation Certificate Approved and Issued,Microbiology & Infectious disease serology,,MC-6452,12/04/2026,11/04/2030,,,Shweta Sinha,Oct 3 2026 7:30AM
92,M-3326,SERAMPORE MEDICAL AND DIAGNOSTIC CENTRE (DEPARTMENT OF LABORATORY SERVICES),nabl021283,2022,Medical,NABL 201,SUMIT KUMAR BISHAYI,narcissus.medical@gmail.com,98303 3843,"12 DR. G.C. GOSWAMI STREET, SERAMPORE",West Bengal,Hooghly,712201,Accreditation Certificate Approved and Issued,"Clinical Biochemistry,Haematology,Clinical Pathology",,MC-6885,10/10/2025,02/10/2028,,,Archive Applications,Oct 3 2026 7:30AM
93,M-3141,NARULA DIAGNOSTIC CENTRE LLP,nabl021325,2022,Medical,Scope Extension,TASHI NARULA,tashagarwal@gmail.com,9982217900,CIVIL ROAD,Haryana,Rohtak,124001,Accreditation Certificate Approved and Issued,"Clinical Biochemistry,Molecular Diagnostics,Clinical Pathology,Microbiology & Infectious disease serology,Haematology & Immunohaematology",,MC-4438,15/06/2025,14/06/2029,,15/05/2026,Archive Applications,Oct 3 2026 7:30AM
94,M-3206,"LABORATORY SERVICES, SRI LALITHAMBIGAI HOSPITAL, UNIT OF DR M.G.R EDUCATIONAL AND RESEARCH INSTITUTE",nabl021508,2022,Medical,Renewal of Accreditation,V NATARAJAN,covidlab-slmch@drmgrdu.ac.in,9444185988,"SERVICE ROAD, ADAYALAMPATTU",Tamil Nadu,Chennai,600095,Accreditation Certificate Approved and Issued,Molecular Testing,,MC-4511,07/07/2025,06/07/2029,,25/07/2025,Archive Applications,Oct 3 2026 7:30AM
95,M-3324,DIAGOPATH LABORATORY (OPC) PRIVATE LIMITED,nabl021590,2022,Medical,Renewal of Accreditation,NIRMALLYA GUHA,diagopathnew@gmail.com,9830856602,"E-12, SCHOOL ROAD, SODEPUR",West Bengal,Kolkata,700110,Accreditation Certificate Approved and Issued,"Clinical Biochemistry,Clinical Pathology",,MC-7109,17/01/2025,16/01/2029,,,Archive Applications,Oct 3 2026 7:30AM
96,M-3257,GEETA MOLECULAR DIAGNOSTIC LAB PVT LTD,nabl021598,2022,Medical,Renewal of Accreditation,DEEPAK KUMAR PRASAD,deepakgmdl@gmail.com,9334222780,"DONAR,VIP ROAD",Bihar,Darbhanga,846004,Accreditation Certificate Approved and Issued,"Clinical Biochemistry,Haematology,Microbiology & Infectious disease serology",,MC-5449,20/12/2024,19/12/2028,,24/12/2024,Archive Applications,Oct 3 2026 7:30AM
97,M-3247,AIRMED PATHOLOGY PRIVATE LIMITED,nabl021629,2022,Medical,Renewal of Accreditation,ARADHANA GUPTA,airmedpatho@gmail.com,9724057766,"30, Ambica Co-operative Housing Society Ltd., Usmanpura",Gujarat,Ahmedabad,380013,Accreditation Certificate Approved and Issued,Clinical Biochemistry,,MC-7941,09/02/2026,08/02/2030,,,Gayathri S,Oct 3 2026 7:30AM
98,M-3264,MEDIONN DIAGNOSTICS LIMITED,nabl021807,2022,Medical,Renewal of Accreditation,Amiya Kumar Ghosh,labmanager@medionn.com,9903842452,"56/2, RAM LOCHAN SHIRE STREET",West Bengal,Howrah,711202,Accreditation Certificate Approved and Issued,"Clinical Biochemistry,Molecular Testing,Haematology",,MC-4539,16/07/2025,15/07/2029,,25/07/2025,Archive Applications,Oct 3 2026 7:30AM
99,M-3274,"MOLECULAR LABORATORY, SHRI BALAJI INSTITUTE OF MEDICAL SCIENCE PRIVATE LIMITED",nabl021809,2022,Medical,Renewal of Accreditation,Awantika Gauraha,sbims.molecularlab@gmail.com,7218431216,"DUBEY COLONY, EKTA CHOWK, MOWA",Chhattisgarh,Raipur,492001,Accreditation Certificate Approved and Issued,Molecular Testing,,MC-4708,15/09/2025,14/09/2029,,,Archive Applications,Oct 3 2026 7:30AM
100,M-3428,TOHANA MANGLAM DIAGNOSTICS,nabl021830,2022,Medical,Renewal of Accreditation,BHUVAN NAGPAL,dr.bhuvannagpal@gmail.com,7027038190,"RAJASTHAN MEDICAL CENTRE, CHANDIGARH ROAD",Haryana,Tohana,125120,Accreditation Certificate Approved and Issued,"Clinical Biochemistry,Clinical Pathology,Microbiology & Infectious disease serology,Haematology & Immunohaematology",",--Select Group--",MC-5096,16/03/2026,15/03/2030,,,Gayathri S,Oct 3 2026 7:30AM
1,M-3393,MANGLAM LAB CITY CENTRE,nabl021831,2022,Medical,Renewal of Accreditation,UMESH JINDAL,drumesh_hisar@yahoo.com,9466826933,"547/58, SIRSA ROAD",Haryana,Hisar,125001,Accreditation Certificate Approved and Issued,"Clinical Biochemistry,Microbiology & Infectious disease serology,Haematology & Immunohaematology",,MC-5046,17/02/2026,16/02/2030,,,Gayathri S,Oct 3 2026 7:30AM
2,M-3441,PROFICIENT MEDICARE Private limited,nabl021838,2022,Medical,Renewal of Accreditation,Amit Singh,proficientnidan21@gmail.com,7278403583,"SWAPNONEER APARTMENT, RAJARHAT NAIPUKUR ROAD, NAIPUKUR",West Bengal,24 Parganas (n),700135,Accreditation Certificate Approved and Issued,"Clinical Biochemistry,Haematology & Immunohaematology",,MC-8095,22/05/2026,21/05/2030,,,Archive Applications,Oct 3 2026 7:30AM
3,M-3523,ONCQUEST LABORATORIES LIMITED,nabl021852,2022,Medical,Renewal of Accreditation,Arnab Raj,arnab.raj@oncquest.net,8910470116,"GROUND FLOOR, BF-2, SUSHMA CASTLE, RAJARHAT MAIN ROAD",West Bengal,Bidhannagar,700059,Accreditation Certificate Approved and Issued,"Clinical Biochemistry,Cytopathology,Haematology,Histopathology,Clinical Pathology",,MC-4873,10/12/2025,09/12/2029,,,Archive Applications,Oct 3 2026 7:30AM
4,M-3736,JOYCE BUILDERS PVT. LTD (DEPARTMENT OF LABORATORY MEDICINE),nabl021873,2022,Medical,Renewal of Accreditation,Preeti Rani,doonapollolab@gmail.com,8954562773,"MELODY COTTAGE, 8/4-1, BALLUPUR ROAD",Uttarakhand,Dehradun,248001,Accreditation Certificate Approved and Issued,"Clinical Biochemistry,Haematology",,MC-5391,25/11/2024,04/11/2028,,21/12/2024,Archive Applications,Oct 3 2026 7:30AM
5,M-3309,ATULAYA HEALTHCARE PRIVATE LIMITED,nabl021881,2022,Medical,Renewal of Accreditation,Romilla Mittal,romilla.mittal@atulaya.com,9915781904,"PLOT NO: 6, ADARSH LIFESTYLE MALL, 5-6 FLOOR, JANTA INDUSTRIAL ESTATE (JLPL), SECTOR 82",Punjab,Mohali,140308,Accreditation Certificate Approved and Issued,"Clinical Biochemistry,Cytopathology,Molecular Testing,Haematology,Histopathology,Clinical Pathology,Microbiology & Infectious disease serology",,MC-6090,31/10/2025,30/10/2029,,13/11/2025,Archive Applications,Oct 3 2026 7:30AM
6,M-3596,PANKAJ SCANNING AND PATHOLOGY RESEARCH CENTRE PRIVATE LIMITED,nabl021938,2022,Medical,Renewal of Accreditation,AAKRITI MAHINDERU,aakritimahinderu@gmail.com,9654208795,"E 13 - 14, SHOPPING ARCADE, SADAR BAZAR, AGRA CANTT",Uttar Pradesh,Agra,282001,Accreditation Certificate Approved and Issued,"Clinical Biochemistry,Haematology,Clinical Pathology,Microbiology & Infectious disease serology",,MC-4969,19/01/2026,18/01/2030,,,Archive Applications,Oct 3 2026 7:30AM
7,M-3333,MEDICARE IMAGES (DEPARTMENT OF LABORATORY SERVICES),nabl021958,2022,Medical,Renewal of Accreditation,ABHIMANYU BASU,abhimanyu1812@gmail.com,9434200196,"SNEHA APARTMENT, BURNPUR ROAD",West Bengal,Asansol,713304,Accreditation Certificate Approved and Issued,"Clinical Biochemistry,Clinical Pathology,Haematology & Immunohaematology",",--Select Group--",MC-6530,15/05/2026,14/05/2030,,,Gayathri S,Oct 3 2026 7:30AM
8,M-3313,ZENITH MOLECULAR LAB,nabl021964,2022,Medical,Renewal of Accreditation,Priyanka Bhadauria,myreport@zenithlab.in,9999331646,"C-20, LOHIA NAGAR",Uttar Pradesh,Ghaziabad,201001,Accreditation Certificate Approved and Issued,"Clinical Biochemistry,Haematology,Clinical Pathology,Microbiology & Infectious disease serology",,MC-6266,18/01/2026,17/01/2030,,,Archive Applications,Oct 3 2026 7:30AM
9,M-3370,DR. LAL PATHLABS LIMITED,nabl021988,2022,Medical,Renewal of Accreditation,HARVINDER SINGH,Harvinder.Singh3@lalpathlabs.com,7038844339,"B-4/108, SCO 7-9,",Punjab,Patiala,147001,Accreditation Certificate Approved and Issued,"Clinical Biochemistry,Clinical Pathology,Microbiology & Infectious disease serology,Haematology & Immunohaematology",,MC-5158,12/04/2026,11/04/2030,,,Archive Applications,Oct 3 2026 7:30AM
10,M-3315,SOUM DIAGNOSTIC PRIVATE LIMITED,nabl022036,2022,Medical,Renewal of Accreditation,SONAM SILPA MOHARANA,soumdiagnostic@gmail.com,9438328407,KATHAGOLA ROAD,Odisha,Cuttack,753001,Accreditation Certificate Approved and Issued,Clinical Biochemistry,",--Select Group--",MC-4659,31/08/2025,30/08/2029,,,Archive Applications,Oct 3 2026 7:30AM
11,M-3357,"HIV TESTING LABORATORY, DEPARTMENT OF MICROBIOLOGY, GOVT. MEDICAL COLLEGE, THRISSUR",nabl022048,2022,Medical,Renewal of Accreditation,SUMAKRISHNAKUMAR,srlthrissur@gmail.com,9496348190,"2ND FLOOR, ACADEMIC BLOCK, GOVT. MEDICAL COLLEGE",Kerala,Thrissur,680596,Accreditation Certificate Approved and Issued,"Molecular Diagnostics,Microbiology & Infectious disease serology",,MC-6308,07/02/2026,06/02/2030,,,Gayathri S,Oct 3 2026 7:30AM
12,M-3368,MIDAS TOUCH HEALTH CARE PRIVATE LIMITED (DEPARTMENT OF LABORATORY SERVICES),nabl022084,2022,Medical,Renewal of Accreditation,SUBRATA MUKHERJEE,centremanagerjessoreroad@gmail.com,9230519143,"986/3, JESSORE ROAD",West Bengal,Kolkata,700055,Accreditation Certificate Approved and Issued,"Clinical Biochemistry,Clinical Pathology,Haematology & Immunohaematology",,MC-6429,28/03/2026,27/03/2030,,31/03/2026,Archive Applications,Oct 3 2026 7:30AM
13,M-3342,SEECURE LAB (DEPARTMENT OF LABORATORY SERVICES),nabl022124,2022,Medical,Renewal of Accreditation,DIBYAJNAN CHAKRABORTY,seecurelab@gmail.com,7003052544,"9, BLOCK NO-B, 93, RGM 637, ATGHARA, NAPARA",West Bengal,24 Parganas (n),700157,Accreditation Certificate Approved and Issued,Molecular Testing,,MC-6132,21/11/2025,20/11/2029,,09/12/2025,Archive Applications,Oct 3 2026 7:30AM
14,M-3353,PATHCARE DIAGNOSTICS (A UNIT OF PATHCARE LABS PRIVATE LIMITED),nabl022132,2022,Medical,NABL 201,NANDINI PRASAD,qa@pathcarelabs.com,9346455555,"PLOT NO. 6-3-1186/1 & 2, GREENLANDS, BEGUMPET",Telangana,Hyderabad,500016,Accreditation Certificate Approved and Issued,"Clinical Biochemistry,Molecular Diagnostics,Clinical Pathology,Flow Cytometry,Microbiology & Infectious disease serology,Haematology & Immunohaematology",,MC-4784,20/10/2025,19/10/2029,,15/06/2026,Archive Applications,Oct 3 2026 7:30AM
15,M-3414,LABORATORY PARK HOSPITAL,nabl022211,2022,Medical,Renewal of Accreditation,V K MEHTA,vkmehta11@gmail.com,9810892335,"Q BLOCK, SOUTH CITY - II, SOHNA ROAD",Haryana,Gurgaon,122001,Accreditation Certificate Approved and Issued,"Clinical Biochemistry,Molecular Testing,Haematology,Clinical Pathology,Microbiology & Infectious disease serology",,MC-4830,17/11/2025,16/11/2029,,,Archive Applications,Oct 3 2026 7:30AM
16,M-3378,D PLUS DIAGNOCARE (UNIT OF D.PAULS TRAVEL & TOURS LIMITED),nabl022294,2022,Medical,Renewal of Accreditation,SHWETA GUPTA,labmanager@dplusdiagnocare.com,9910443245,"B-36, SHIVALIK, MALVIYA NAGAR",Delhi,New Delhi,110017,Accreditation Certificate Approved and Issued,"Clinical Biochemistry,Haematology,Clinical Pathology",",--Select Group--",MC-4888,21/12/2025,20/12/2029,,,Archive Applications,Oct 3 2026 7:30AM
17,M-3961,S P DIAGNOSTICS AND POLYCLINIC (A UNIT OF SAMLESWARI HEALTHCARE PVT. LTD.),nabl022391,2022,Medical,Renewal of Accreditation,BIBEKANANDA PANDA,lab.spdiagnostics@gmail.com,6292212643,"CHHAPNA, PATHARGHATA, NEW TOWN",West Bengal,Kolkata,700135,Accreditation Certificate Approved and Issued,"Clinical Biochemistry,Haematology,Clinical Pathology,Microbiology & Infectious disease serology",,MC-6881,01/10/2024,30/09/2028,,,Archive Applications,Oct 3 2026 7:30AM
18,M-3530,DPC DIAGNOSTICS (DEPARTMENT OF LABORATORY SERVICES),nabl022424,2022,Medical,Renewal of Accreditation,PRAMOD KUMAR,dpcdiagnostic@gmail.com,9997764521,"65, OLD CONNAUGHT PLACE CHAKRATA ROAD",Uttarakhand,Dehradun,248001,Accreditation Certificate Approved and Issued,"Clinical Biochemistry,Haematology",,MC-6983,25/11/2024,24/11/2028,,,Archive Applications,Oct 3 2026 7:30AM
19,M-3469,WEPATH LABORATORY,nabl022433,2022,Medical,Renewal of Accreditation,VARUN GOHIL,wepathnabl@gmail.com,9909103772,"D/S/1, MANIBA PARK, SUSSEN-TARSALI ROAD",Gujarat,Vadodara,390010,Accreditation Certificate Approved and Issued,"Clinical Biochemistry,Haematology,Clinical Pathology",,MC-6192,14/12/2025,13/12/2029,,,Archive Applications,Oct 3 2026 7:30AM
20,M-3747,CLINICAL LABORATORY SERVICES RAHMA IQRAA COMMUNITY HOSPITAL,nabl022434,2022,Medical,Renewal of Accreditation,Mrs SHAJEELA M T,iqraalabtplm@iqraahospital.in,9946050662,"PAIKALANGADI, KUTTIADY",Kerala,Vadakara,673513,Accreditation Certificate Approved and Issued,"Clinical Biochemistry,Haematology",,MC-5496,04/02/2025,03/02/2029,,02/03/2025,Archive Applications,Oct 3 2026 7:30AM
21,M-3930,"REGIONAL VIRAL RESEARCH & DIAGNOSTIC LABORATORY (REGIONAL VRDL), ICMR-REGIONAL MEDICAL RESEARCH CENTRE, N. E. REGION, DIBRUGARH",nabl022573,2022,Medical,Renewal of Accreditation,BISWAJYOTI BORKAKOTY,biswaborkakoty@gmail.com,9435131316,"Bokel, N. E. REGION",Assam,Dibrugarh,786010,Accreditation Certificate Approved and Issued,Molecular Testing,,MC-7635,23/09/2025,22/09/2029,,,Archive Applications,Oct 3 2026 7:30AM
22,M-3456,"CLINICAL LABORATORY SERVICES, SUNDARAM MEDICAL FOUNDATION, DR. RANGARAJAN MEMORIAL HOSPITAL",nabl022599,2022,Medical,Renewal of Accreditation,RAJALAKSHMI K,drraajalakshmi@smfhospital.org,8939978069,"9C, IV AVENUE, SHANTHI COLONY, ANNANAGAR",Tamil Nadu,Chennai,600040,Accreditation Certificate Approved and Issued,"Clinical Biochemistry,Cytopathology,Molecular Testing,Haematology,Histopathology,Clinical Pathology,Microbiology & Infectious disease serology",,MC-7713,30/10/2025,29/10/2029,,,Archive Applications,Oct 3 2026 7:30AM
23,M-4232,ALPHA DIAGNOSTICS LABORATORY,nabl022631,2022,Medical,Renewal of Accreditation,JASMINE PRIYADARSHINI,alphadiagnosticslab2021@gmail.com,9384061771,"NO.57-B, RC SCHOOL DOWN, RAYAPPA MUDHALI STREET",Tamil Nadu,Krishnagiri,635001,Accreditation Certificate Approved and Issued,Clinical Biochemistry,,MC-7467,23/07/2025,22/07/2029,,,Archive Applications,Oct 3 2026 7:30AM
24,M-3509,"DEPARTMENT OF MICROBIOLOGY, K.A.P.VISWANATHAM GOVERNMENT MEDICAL COLLEGE & HOSPITAL",nabl022652,2022,Medical,Renewal of Accreditation,R LAVANYA,tosrltrichy@gmail.com,9443205853,"COLLECTOR OFFICE ROAD, PERIYAMILAGUPARAI",Tamil Nadu,Thiruchirapalli,620001,Accreditation Certificate Approved and Issued,"Molecular Testing,Flow Cytometry,Microbiology & Infectious disease serology",,MC-6229,03/01/2026,02/01/2030,,,Archive Applications,Oct 3 2026 7:30AM
25,M-3467,AARTHI SCANS AND LABS,nabl022673,2022,Medical,Renewal of Accreditation,Koteswara reddy,aarthiscansandlabs.nabl@gmail.com,7603999984,"SAI BABA TEMPLE LANE, DWARAKAPURI COLONY, PUNJAGUTTA",Telangana,Hyderabad,500082,Accreditation Certificate Approved and Issued,"Clinical Biochemistry,Clinical Pathology,Haematology & Immunohaematology",,MC-6360,06/03/2026,05/03/2030,,,Gayathri S,Oct 3 2026 7:30AM
26,M-3508,"CENTRAL DIAGNOSTIC LABORATORY, THE OXFORD MEDICAL COLLEGE HOSPITAL AND RESEARCH CENTRE",nabl022752,2022,Medical,Renewal of Accreditation,Jaya Maisnam,jayamaisnam75@gmail.com,9886479987,"YADAVANHALLI, ATTIBELE HOBLI, ANEKAL TALUK",Karnataka,Bengaluru,562107,Accreditation Certificate Approved and Issued,"Clinical Biochemistry,Microbiology & Infectious disease serology,Haematology & Immunohaematology",",--Select Group--",NABLM0726KA08153,01/09/2026,31/08/2030,,,Archive Applications,Oct 3 2026 7:30AM
27,M-3808,DEPARTMENT OF LABORATORY MEDICINE (KIMS HOSPITALS ENTERPRISES PRIVATE LIMITED),nabl022802,2022,Medical,Scope Extension,Harish Yadav,kimskondapurlab@gmail.com,9848597334,"1-112 / 86, SURVEY NO 55/ EE, SERILINGAM PALLY",Telangana,Hyderabad,500084,Accreditation Certificate Approved and Issued,"Clinical Biochemistry,Clinical Pathology,Microbiology & Infectious disease serology,Haematology & Immunohaematology",,MC-7110,17/01/2025,16/01/2029,,16/06/2026,Gayathri S,Oct 3 2026 7:30AM
28,M-3517,DKM DIAGNOSTIC CENTRE (LABORATORY DIVISION),nabl022856,2022,Medical,Renewal of Accreditation,MITESH GUPTA,mitesh22in@gmail.com,9001711112,"P.N 26, LATA CIRCLE, KALWAR ROAD, JHOTWARA",Rajasthan,Jaipur,302012,Accreditation Certificate Approved and Issued,"Clinical Biochemistry,MI CAB - CT,MI CAB - Interventional Radiology,MI CAB - MRI,MI CAB - Ultrasound and Color Doppler,MI CAB - Projectional Radiography and Fluoroscopy",,MC-6239,09/12/2025,08/12/2029,,10/12/2025,Gayathri S,Oct 3 2026 7:30AM
29,M-3537,LABORATORY DIVISION - SANTEVITA HOSPITAL (A UNIT OF SAHU ESTATE PRIVATE LIMITED),nabl022923,2022,Medical,NABL 201,Madhurvani Sudha Tigga,quality@santevitahospital.com,7209009113,"GROUND FLOOR, 1 HB ROAD, FIRAYALAL CHOWK",Jharkhand,Ranchi,834001,Accreditation Certificate Approved and Issued,"Clinical Biochemistry,Haematology",,MC-6914,11/07/2025,14/10/2028,,,Archive Applications,Oct 3 2026 7:30AM
30,M-3569,WELKIN MEDICARE PRIVATE LIMITED (DEPARTMENT OF LABORATORY SERVICES),nabl022935,2022,Medical,Renewal of Accreditation,RUNA ROY,welkinnabl@gmail.com,9230555140,"1699, GARIA STATION ROAD",West Bengal,Kolkata,700084,Accreditation Certificate Approved and Issued,"Clinical Biochemistry,Haematology,Clinical Pathology,Microbiology & Infectious disease serology",,MC-4984,20/01/2026,19/01/2030,,,Archive Applications,Oct 3 2026 7:30AM
31,M-3541,NM DIAGNOSTICS PRIVATE LIMITED,nabl022980,2022,Medical,NABL 201,Neha Oswal,drnehaoswal.nmmedical@gmail.com,7775912656,"FIRST FLOOR FORTALEZA, F ANNEX, CENTRAL AVENUE, PRATHAMESH SOCIETY, KALYANI NAGAR",Maharashtra,Pune,411014,Accreditation Certificate Approved and Issued,"Clinical Biochemistry,Clinical Pathology,Microbiology & Infectious disease serology,Haematology & Immunohaematology",,MC-6161,19/07/2026,29/11/2029,,,Archive Applications,Oct 3 2026 7:30AM
32,M-4208,"HIV TESTING & DISEASE MONITORING LABORATORY, PGIMER",nabl022981,2022,Medical,Renewal of Accreditation,Biman Saikia,ictc.pgichd@gmail.com,9781002109,"ROOM NO-33, 4TH FLOOR, RESEARCH BLOCK-A, DEPT. OF IMMUNOPATHOLOGY, PGIMER, SECTOR-12",Chandigarh,Chandigarh,160012,Accreditation Certificate Approved and Issued,"Molecular Testing,Flow Cytometry,Microbiology & Infectious disease serology",,MC-5511,21/02/2025,08/02/2029,,04/03/2025,Archive Applications,Oct 3 2026 7:30AM
33,M-3618,"DEPARTMENT OF LABORATORY MEDICINE, RUKMANI BIRLA HOSPITAL",nabl023061,2022,Medical,Renewal of Accreditation,Yogesh kumar Gupta,yogesh.gupta@ckbirlahospitals.com,9351767151,GOPALPURA BYPASS ROAD,Rajasthan,Jaipur,302018,Accreditation Certificate Approved and Issued,"Clinical Biochemistry,Haematology,Clinical Pathology,Microbiology & Infectious disease serology",,MC-4913,07/01/2026,06/01/2030,,,Archive Applications,Oct 3 2026 7:30AM
34,M-3552,SPARSH HOSPITAL (A UNIT OF SHIVA & SHIVA ORTHOPAEDIC HOSPITAL PRIVATE LIMITED),nabl023076,2022,Medical,Renewal of Accreditation,SHILPA S V,shilpasv2008@gmail.com,9845957825,"NO. 8, IDEAL HOMES, HBCS LAYOUT, RAJARAJESHWARI NAGAR, MYSORE ROAD",Karnataka,Bengaluru,560098,Accreditation Certificate Approved and Issued,"Clinical Biochemistry,Cytopathology,Histopathology,Clinical Pathology,Microbiology & Infectious disease serology,Haematology & Immunohaematology",,NABLM0626KA08108,06/06/2026,05/06/2030,,,Gayathri S,Oct 3 2026 7:30AM
35,M-4413,DR LAL PATHLABS,nabl023179,2022,Medical,Renewal of Accreditation,SUSHANT GUPTA,sushant.gupta@lalpathlabs.com,9419198764,"88 B.C ROAD, REHARI",Jammu and Kashmir,Jammu,180001,Accreditation Certificate Approved and Issued,"Clinical Biochemistry,Haematology,Clinical Pathology,Microbiology & Infectious disease serology",,MC-7538,05/08/2025,04/08/2029,,,Archive Applications,Oct 3 2026 7:30AM
36,M-3584,"MERIDIAN LAB, MERIDIAN NURSING HOME AND HOSPITAL PVT LTD",nabl023203,2022,Medical,Renewal of Accreditation,CHANDRASHEKARA K G,meridian.nursing@gmail.com,7408815565,"PLOT NO 167, 168, 229, 230, 233/LEDHUPUR POWER HOUSE",Uttar Pradesh,Varanasi,221007,Accreditation Certificate Approved and Issued,Clinical Biochemistry,,MC-5465,06/01/2025,05/01/2029,,20/01/2025,Archive Applications,Oct 3 2026 7:30AM
37,M-3638,ANVI Diagnostic CENTRE,nabl023377,2022,Medical,Renewal of Accreditation,VIJAYA PATIL,anvidiagnosticcentre@gmail.com,9820546600,"SHOP 14,17 AND18 CNX, SHRI RAJLAXMI COMPLEX, KALHER",Maharashtra,Thane,421302,Accreditation Certificate Approved and Issued,"Clinical Biochemistry,Clinical Pathology,Microbiology & Infectious disease serology,Haematology & Immunohaematology",,MC-6555,27/05/2026,26/05/2030,,,Gayathri S,Oct 3 2026 7:30AM
38,M-4282,"DEPARTMENT OF LABORATORY MEDICINE, INSTITUTE OF LIVER AND BILIARY SCIENCES",nabl023393,2022,Medical,Renewal of Accreditation,Sandeep Tyagi,sandeeptyagi202@yahoo.co.in,9891788664,ILBS- D1 VASANT KUNJ,Delhi,New Delhi,110070,Accreditation Certificate Approved and Issued,"Clinical Biochemistry,Cytopathology,Molecular Diagnostics,Histopathology,Clinical Pathology,Microbiology & Infectious disease serology,Haematology & Immunohaematology",,MC-7990,11/03/2026,10/03/2030,,,Archive Applications,Oct 3 2026 7:30AM
39,M-3737,TATA 1MG LABS (TATA 1MG TECHNOLOGIES PRIVATE LIMITED),nabl023396,2022,Medical,Renewal of Accreditation,Tanuja Rautela,tanuja.rautela@1mg.com,7838688259,"A-1, NEW NO. 97, FIRST FLOOR, SHEFFIELD TOWERS, SIDCO INDUSTRIAL ESTATE, VILLIVAKKAM",Tamil Nadu,Chennai,600049,Accreditation Certificate Approved and Issued,"Clinical Biochemistry,Clinical Pathology,Microbiology & Infectious disease serology,Haematology & Immunohaematology",,MC-4940,13/01/2026,12/01/2030,,,Archive Applications,Oct 3 2026 7:30AM
40,M-3649,THYROCARE TECHNOLOGIES LIMITED,nabl023408,2022,Medical,Renewal of Accreditation,Niraj Kumar,niraj.k@thyrocare.com,7209964314,"SHREE GOPAL,106 JESSOR ROAD, MADHYAMGRAM",West Bengal,Kolkata,700129,Accreditation Certificate Approved and Issued,"Clinical Biochemistry,Haematology,Clinical Pathology,Microbiology & Infectious disease serology",,MC-4948,17/01/2026,16/01/2030,,,Archive Applications,Oct 3 2026 7:30AM
41,M-3711,"MPUC DIAGNOSTICS (A UNIT OF MAMTA PATHOLOGY, ULTRASOUND CENTRE)",nabl023410,2022,Medical,Renewal of Accreditation,MAMTA PANDE,mamtapathology56@gmail.com,9412097750,"2B / 2351, SOUTH CITY",Uttar Pradesh,Saharanpur,247001,Accreditation Certificate Approved and Issued,Clinical Biochemistry,,NABLM0626UP08129,01/08/2026,31/07/2030,,,Archive Applications,Oct 3 2026 7:30AM
42,M-3667,CENTRAL CLINICAL LABORATORY,nabl023424,2022,Medical,Renewal of Accreditation,Santosh Jagtap,qualitymanager.nabl@smcw.siu.edu.in,8329047917,SYMBIOSIS MEDICAL COLLEGE FOR WOMEN,Maharashtra,Pune,412115,Accreditation Certificate Approved and Issued,"Clinical Biochemistry,Cytopathology,Molecular Testing,Haematology,Histopathology,Clinical Pathology,Microbiology & Infectious disease serology",,MC-5392,09/11/2024,08/11/2028,,,Archive Applications,Oct 3 2026 7:30AM
43,M-4010,"MEDICAL LABORATORY, RAJ JINDAL HOSPITAL AND RESEARCH CENTER PVT. LTD.",nabl023431,2022,Medical,Renewal of Accreditation,Neha,jsshhr@gmail.com,9695303555,S.P.M. NAGAR,Rajasthan,Bharatpur,321001,Accreditation Certificate Approved and Issued,"Clinical Biochemistry,Haematology,Clinical Pathology",,MC-6961,12/11/2024,11/11/2028,,,Archive Applications,Oct 3 2026 7:30AM
44,M-3825,HEALTH CARE DIAGNOSTIC CLINIC AND LABORATORY SERVICES,nabl023478,2022,Medical,Renewal of Accreditation,TANUSHREE MUKHERJEE,drtanushrimukherjeegmc@gmail.com,8697980702,"SHOP NO 11, 1ST FLOOR, SOUTH WIND GALLERIA, 132 GHOSAL PARA ROAD",West Bengal,Kolkata,700148,Accreditation Certificate Approved and Issued,"Clinical Biochemistry,Haematology",,MC-5398,10/11/2024,09/11/2028,,25/11/2024,Archive Applications,Oct 3 2026 7:30AM
45,M-3712,"INTERMEDIATE REFERENCE LABORATORY, NEW DELHI TUBERCULOSIS CENTRE",nabl023525,2022,Medical,Renewal of Accreditation,KAUSHAL KUMAR DWIVEDI,irldlndc@rntcp.org,9899371930,JAWAHARLAL NEHRU MARG,Delhi,New Delhi,110002,Accreditation Certificate Approved and Issued,Microbiology & Infectious disease serology,,MC-5477,18/01/2025,17/01/2029,,24/01/2025,Archive Applications,Oct 3 2026 7:30AM
46,M-3702,ONCQUEST LABORATORIES LIMITED,nabl023568,2022,Medical,Scope Extension,SAKSHI PIPRIYA,sakshi.pipriya@oncquest.net,9315154085,A-17 INFOCITY-1,Haryana,Gurugram,122001,Accreditation Certificate Approved and Issued,"Clinical Biochemistry,Cytopathology,Cytogenetics,Molecular Diagnostics,Histopathology,Clinical Pathology,Flow Cytometry,Microbiology & Infectious disease serology,Haematology & Immunohaematology",",--Select Group--",MC-5076,04/03/2026,03/03/2030,,03/09/2026,Gayathri S,Oct 3 2026 7:30AM
47,M-3661,DOSHI PATHOLOGY AND MICROBIOLOGY LABORATORY LLP,nabl023672,2022,Medical,Renewal of Accreditation,BAHUBALI DOSHI,bahubalidoshi01@gmail.com,9673997779,"PLOT NO 1K29, SAHAKARNAGAR, AKLUJ",Maharashtra,Solapur,413101,Accreditation Certificate Approved and Issued,"Clinical Biochemistry,Molecular Diagnostics,Haematology & Immunohaematology",,NABLM0626MH08119,12/06/2026,11/06/2030,,,Gayathri S,Oct 3 2026 7:30AM
48,M-3741,SPRINT DIAGNOSTICS (A UNIT OF HEALLIFE HEALTH CARE PRIVATE LIMITED),nabl023730,2022,Medical,Renewal of Accreditation,M S LAKSHMI,grouplabdirector@sprintdiagnostics.in,7207803344,"PLOT NO 8-2-293/A/1268, JUBLIEE HILLS, ROAD NO.36",Telangana,Hyderabad,500033,Accreditation Certificate Approved and Issued,"Clinical Biochemistry,Cytopathology,Molecular Diagnostics,Histopathology,Clinical Pathology,Microbiology & Infectious disease serology,Haematology & Immunohaematology",",--Select Group--",MC-6528,15/05/2026,14/05/2030,,26/05/2026,Archive Applications,Oct 3 2026 7:30AM
49,M-3733,LABORATORY PARK HOSPITAL (A UNIT OF UMKAL HEALTHCARE PVT. LTD.),nabl023745,2022,Medical,NABL 201,VK Mehta,quality.palam@parkhospital.in,9810892335,"H BLOCK DISPENSARY SITE, PALAM VIHAR",Haryana,Gurgaon,122017,Accreditation Certificate Approved and Issued,"Clinical Biochemistry,Haematology,Clinical Pathology,Microbiology & Infectious disease serology",,MC-6884,19/05/2025,02/10/2028,,,Archive Applications,Oct 3 2026 7:30AM
50,M-3674,SPECIALITY MICROTECH LABORATORY,nabl023798,2022,Medical,Renewal of Accreditation,BHAVIN KAPADIYA,bhavinhetal@yahoo.co.in,9376112001,"121-122 AKSHAR ARCADE, NAVRANGPURA",Gujarat,Ahmedabad,380014,Accreditation Certificate Approved and Issued,"Molecular Diagnostics,Microbiology & Infectious disease serology",,MC-4933,12/01/2026,11/01/2030,,,Gayathri S,Oct 3 2026 7:30AM
51,M-3677,YATHARTH SUPER SPECIALITY HOSPITALS- LABORATORY SERVICES (A UNIT OF AKS MEDICAL AND RESERCH CENTRE PRIVATE LIMITED),nabl023824,2022,Medical,Renewal of Accreditation,GEETU MALHOTRA,atif.raza@yatharthhospitals.com,9315316737,"HO-01, SEC-1, GREATER NOIDA WEST, GAUTUM BUDH NAGAR",Uttar Pradesh,Noida,201306,Accreditation Certificate Approved and Issued,"Clinical Biochemistry,Clinical Pathology,Haematology & Immunohaematology",,MC-5052,22/02/2026,21/02/2030,,,Gayathri S,Oct 3 2026 7:30AM
52,M-4201,SAMIKSHA DIAGNOSTIC CENTRE,nabl023840,2022,Medical,Renewal of Accreditation,MOITREYEE MAHANTA,moitreyee_mahanta@yahoo.com,9864031290,"2ND FLOOR, EAST POINT TOWER, MRD ROAD, BAMUNIMAIDAM",Assam,Guwahati,781021,Accreditation Certificate Approved and Issued,"Clinical Biochemistry,Haematology,Clinical Pathology",,MC-7286,30/03/2025,29/03/2029,,,Archive Applications,Oct 3 2026 7:30AM
53,M-3685,YODA LIFELINE DIAGNOSTICS PRIVATE LIMITED,nabl023907,2022,Medical,Renewal of Accreditation,Arshiya Anjum,drarshiya@yodadiagnostics.com,9704767553,"# 6-3-862/A, LAL BUNGALOW, AMEERPET",Telangana,Hyderabad,500016,Accreditation Certificate Approved and Issued,"Clinical Biochemistry,Cytopathology,Cytogenetics,Molecular Diagnostics,Haematology,Histopathology,Clinical Pathology,Flow Cytometry,Microbiology & Infectious disease serology,Haematology & Immunohaematology,Histocompatibility & Immunogenetics",,MC-6311,09/02/2026,08/02/2030,,18/02/2026,Archive Applications,Oct 3 2026 7:30AM
54,M-3706,CHANDAN DIAGNOSTIC CENTRE (A UNIT OF CHANDAN HEALTHCARE LTD.),nabl023921,2022,Medical,Renewal of Accreditation,BRAHM PRAKASH,idcgkp@gmail.com,9839901158,CHHATRA SANGH CHAURAHA,Uttar Pradesh,Gorakhpur,273001,Accreditation Certificate Approved and Issued,"Clinical Biochemistry,Haematology,Clinical Pathology,Microbiology & Infectious disease serology",,MC-7252,21/03/2025,20/03/2029,,,Archive Applications,Oct 3 2026 7:30AM
55,M-3722,"DEPARTMENT OF MICROBIOLOGY, GOVERNMENT STANLEY MEDICAL COLLEGE AND HOSPITAL",nabl023974,2022,Medical,NABL 201,V DILLIRANI,srlstanleychennai@gmail.com,9962484153,"NO.1, OLD JAIL ROAD, GEORGE TOWN",Tamil Nadu,Chennai,600001,Accreditation Certificate Approved and Issued,Microbiology & Infectious disease serology,,MC-5082,15/05/2026,06/03/2030,,,Archive Applications,Oct 3 2026 7:30AM
56,M-4108,STATE REFERENCE LABORATORY,nabl024033,2022,Medical,Renewal of Accreditation,SURESH,dr.sureshk@rediffmail.com,9986048719,"JJM MEDICAL COLLEGE, DEPARTMENT OF MICROBIOLOGY, P.J EXTENSION",Karnataka,Davangere,577004,Accreditation Certificate Approved and Issued,Microbiology & Infectious disease serology,,MC-5421,12/12/2024,28/11/2028,,,Archive Applications,Oct 3 2026 7:30AM
57,M-4042,SILVERLINE DIAGNOSTICS (A UNIT OF L7H LIFE RESOURCES PVT LTD),nabl024034,2022,Medical,Renewal of Accreditation,AVANEESH KUMAR,qa@silverlinediagnostics.com,7795567576,"#217 ZAIN COMPLEX, CMR ROAD, HRBR LAYOUT, KALYAN NAGAR",Karnataka,Bengaluru,560043,Accreditation Certificate Approved and Issued,"Clinical Biochemistry,Haematology,Clinical Pathology,Microbiology & Infectious disease serology",,MC-7279,28/03/2025,27/03/2029,,,Archive Applications,Oct 3 2026 7:30AM
58,M-3713,BREACH CANDY HOSPITAL TRUST (DEPARTMENT OF LABORATORY MEDICINE),nabl024040,2022,Medical,Renewal of Accreditation,Aruna Poojary,draruna@breachcandyhospital.org,9820109602,"60- A, BHULABHAI DESAI ROAD",Maharashtra,Mumbai,400026,Accreditation Certificate Approved and Issued,"Clinical Biochemistry,Cytopathology,Molecular Testing,Haematology,Histopathology,Microbiology & Infectious disease serology",,MC-4971,21/01/2026,20/01/2030,,,Archive Applications,Oct 3 2026 7:30AM
59,M-3761,NAKODA DIAGNOSTICS AND RESEARCH CENTER,nabl024095,2022,Medical,Scope Extension,SIHIR MEHTA,nakoda.surat@gmail.com,9879517673,"MAZNINE FLOOR. SHOP-M/22+M/23 SAR CORPORATE CENTER BUILDING, UDHANA DARWAJA",Gujarat,Surat,395002,Accreditation Certificate Approved and Issued,"Clinical Biochemistry,Haematology",,MC-6985,25/11/2024,24/11/2028,,21/07/2025,Archive Applications,Oct 3 2026 7:30AM
60,M-3730,TATA 1MG LABS (TATA 1MG TECHNOLOGIES PRIVATE LIMITED),nabl024114,2022,Medical,Renewal of Accreditation,Tanuja Rautela,tanuja.rautela@1mg.com,7838688259,"1ST FLOOR, KRISLON HOUSE, A-WING, SAKI VIHAR ROAD, SAKI NAKA",Maharashtra,Mumbai,400072,Accreditation Certificate Approved and Issued,"Clinical Biochemistry,Molecular Testing,Clinical Pathology,Microbiology & Infectious disease serology,Haematology & Immunohaematology",,MC-4923,10/01/2026,09/01/2030,,,Archive Applications,Oct 3 2026 7:30AM
61,M-3759,"DEPARTMENT OF LABORATORY MEDICINE, J. L. ROHATGI HOSPITAL",nabl024176,2022,Medical,Renewal of Accreditation,JYOTI SHARMA,jlrpathology@gmail.com,9415051753,"117/52, SARVODAYA NAGAR",Uttar Pradesh,Kanpur,208005,Accreditation Certificate Approved and Issued,"Clinical Biochemistry,Haematology",,MC-7115,20/01/2025,19/01/2029,,,Archive Applications,Oct 3 2026 7:30AM
62,M-3742,NEUBERG LABCORE CLINICAL LABORATORIES (A UNIT OF NEUBERG DIAGNOSTICS PRIVATE LIMITED),nabl024209,2022,Medical,NABL 201,DEVEN DESAI,labcorelab1@gmail.com,9824081254,"PLOT NO. 2/2/PART-C, WINDWARD BUSINESS PARK, JETALPUR ROAD, AKOTA",Gujarat,Vadodara,,Accreditation Certificate Approved and Issued,"Clinical Biochemistry,Molecular Diagnostics,Clinical Pathology,Microbiology & Infectious disease serology,Haematology & Immunohaematology",,MC-6958,05/05/2026,11/11/2028,,,Archive Applications,Oct 3 2026 7:30AM
63,M-3739,KRSNAA DIAGNOSTICS LIMITED,nabl024235,2022,Medical,Renewal of Accreditation,Vinod Lonkar,quality.pune@krsnaa.in,9822945055,"SAINATH HOSPITAL, SECTOR NO 4, MOSHI PRADHIKARAN, PUNE-NASHIK ROAD, MOSHI, P.C.M.C.",Maharashtra,Pune,412105,Accreditation Certificate Approved and Issued,"Clinical Biochemistry,Haematology,Clinical Pathology,Microbiology & Infectious disease serology",,MC-5366,14/10/2024,13/10/2028,,17/10/2024,Archive Applications,Oct 3 2026 7:30AM
64,M-3745,"NKS HOSPITAL - DEPARTMENT OF LABORATORY, (A UNIT OF BRAM HEALTH-CARE PRIVATE LIMITED)",nabl024259,2022,Medical,Scope Extension,Mirza Shabnam,drchatwalsingh@gmail.com,7048973668,"219/220, GULABI BAGH",Delhi,New Delhi,110007,Accreditation Certificate Approved and Issued,"Clinical Biochemistry,Clinical Pathology,Haematology & Immunohaematology",,MC-5466,06/01/2025,05/01/2029,,09/07/2026,Gayathri S,Oct 3 2026 7:30AM
65,M-3792,DR. ABC LABS INDIA LLP,nabl024296,2022,Medical,Renewal of Accreditation,Dileep Muchintala,labmanager@drabclabs.com,7569480669,"SURVEY NO 44/1, 50; 51, SECOND FLOOR, KALPANA BUILDING, MIYAPUR ROAD",Telangana,Hyderabad,500049,Accreditation Certificate Approved and Issued,"Clinical Biochemistry,Molecular Diagnostics,Clinical Pathology,Microbiology & Infectious disease serology,Haematology & Immunohaematology",,NABLM0726TS08154,22/07/2026,21/07/2030,,,Archive Applications,Oct 3 2026 7:30AM
66,M-3778,SWASTHYALIFE DIAGNOSTICS HEALTH SERVICES LLP,nabl024371,2022,Medical,NABL 201,NILESH PAWAR,thisisdrnileshpawar@gmail.com,9527968300,"SURVEY NO 624, TIDKE COLONY, PLOT NO 4B",Maharashtra,Nashik,422002,Accreditation Certificate Approved and Issued,"Clinical Biochemistry,Haematology,Clinical Pathology",,MC-6879,26/08/2025,30/09/2028,,,Archive Applications,Oct 3 2026 7:30AM
67,M-3772,"SPANDAN HOSPITAL, A UNIT OF SPANDAN ADVANCE MEDICARE PVT. LTD. (DEPARTMENT OF PATHOLOGY)",nabl024384,2022,Medical,Renewal of Accreditation,NILOTPAL BANERJEE,quality@spandanhospital.in,7980599389,"BMC- 17/1, VIP ROAD,TEGHORIA, BAGUIATI",West Bengal,Kolkata,700059,Accreditation Certificate Approved and Issued,"Clinical Biochemistry,Molecular Testing,Haematology,Clinical Pathology",,MC-6943,04/06/2025,02/11/2028,,06/06/2025,Archive Applications,Oct 3 2026 7:30AM
68,M-3764,TATA 1MG LABS (TATA 1MG TECHNOLOGIES PRIVATE LIMITED),nabl024389,2022,Medical,Renewal of Accreditation,Tanuja Rautela,tanuja.rautela@1mg.com,7838688259,"PLOT NO. Y-17, BLOCK-EP, SECTOR-V, SALT LAKE ELECTRONICS COMPLEX",West Bengal,Kolkata,700091,Accreditation Certificate Approved and Issued,"Clinical Biochemistry,Clinical Pathology,Microbiology & Infectious disease serology,Haematology & Immunohaematology",,MC-4961,18/01/2026,17/01/2030,,,Archive Applications,Oct 3 2026 7:30AM
69,M-3878,DR. B. LAL CLINICAL LABORATORY PVT. LTD,nabl024456,2022,Medical,Renewal of Accreditation,Bantu Yadav,blallab.org@gmail.com,9587627677,"KP TOWER, R.C. VYAS COLONY",Rajasthan,Bhilwara,311001,Accreditation Certificate Approved and Issued,"Clinical Biochemistry,Haematology,Clinical Pathology,Microbiology & Infectious disease serology",,MC-7036,17/12/2024,16/12/2028,,,Archive Applications,Oct 3 2026 7:30AM
70,M-4068,"MEDICAL TESTING LABORATORY, YASHODA SUPERSPECIALITY HOSPITAL AND CANCER INSTITUTE (A UNIT OF VIVEKANAND NURSING HOME PVT LTD )",nabl024464,2022,Medical,Renewal of Accreditation,CHAKSHU BANSAL,chakshu11@gmail.com,9717644567,"B1 & B2, SECTOR 23, SANJAY NAGAR",Uttar Pradesh,Ghaziabad,201002,Accreditation Certificate Approved and Issued,"Clinical Biochemistry,Cytopathology,Haematology,Clinical Pathology,Microbiology & Infectious disease serology",,MC-5454,27/12/2024,26/12/2028,,,Archive Applications,Oct 3 2026 7:30AM
71,M-3794,AMINS PATHOLOGY REFERRAL LABORATORY (A UNIT OF DR LAL PATHLABS),nabl024481,2022,Medical,Renewal of Accreditation,SUBHASH PADMANI,Padmani.Subhash@lalpathlabs.com,9825069295,"7/A, SILVER FORTUNE, SHREENAGAR SOCEITY, AKOTA",Gujarat,Vadodara,390020,Accreditation Certificate Approved and Issued,"Clinical Biochemistry,Molecular Diagnostics,Clinical Pathology,Microbiology & Infectious disease serology,Haematology & Immunohaematology",",--Select Group--",MC-5003,03/02/2026,02/02/2030,,,Swati Gogna,Oct 3 2026 7:30AM
72,M-3817,PRASHANTH HOSPITALS - CLINICAL LABORATORY,nabl024535,2022,Medical,Renewal of Accreditation,KIRUPA,microbiology@prashanthhospitals.org,9841327605,"NO 36 AND 36 A, VELACHERY MAIN ROAD, VELACHERY",Tamil Nadu,Chennai,600042,Accreditation Certificate Approved and Issued,"Clinical Biochemistry,Molecular Diagnostics,Clinical Pathology,Microbiology & Infectious disease serology,Haematology & Immunohaematology",,MC-6405,21/03/2026,20/03/2030,,,Archive Applications,Oct 3 2026 7:30AM
73,M-3975,NARMADA TRAUMA CENTRE PRIVATE LIMITED (THE DIAGNOSTIC LABORATORY),nabl024541,2022,Medical,NABL 201,Rajeev Agrawal,quality@narmadahealthgroup.com,9630097007,E-3/23 ARERA COLONY,Madhya Pradesh,Bhopal,462016,Accreditation Certificate Approved and Issued,"Clinical Biochemistry,Haematology",,MC-5414,24/12/2025,18/11/2028,,,Gayathri S,Oct 3 2026 7:30AM
74,M-4044,CHEMBAKASSERY DIAGNOSTIC CENTRE,nabl024556,2022,Medical,Renewal of Accreditation,BENNY THOMAS,chembakasserylab@gmail.com,9495223724,"2/218,219, PUDUKAD",Kerala,Thrissur,680301,Accreditation Certificate Approved and Issued,Clinical Biochemistry,,MC-7703,24/10/2025,23/10/2029,,,Archive Applications,Oct 3 2026 7:30AM
75,M-4377,"CENTRAL CLINICAL LABORATORY, RAM KRISHNA MEDICAL COLLEGE HOSPITAL AND RESEARCH CENTRE",nabl024651,2022,Medical,Renewal of Accreditation,Anoop Singh,rkubpl@gmail.com,8871725757,"MOLECULAR LAB, DEPARTMENT OF MICROBIOLOGY, GROUND FLOOR, HOSPITAL BUILDING, INAYATPUR, KOLAR ROAD",Madhya Pradesh,Bhopal,462042,Accreditation Certificate Approved and Issued,Molecular Testing,,MC-7598,06/09/2025,05/09/2029,,,Archive Applications,Oct 3 2026 7:30AM
76,M-4493,CLINOVA PATHLABS PRIVATE LIMITED,nabl024655,2022,Medical,Renewal of Accreditation,CH BHAGAT SINGH,rk@clinovalabs.com,8008999365,"OFFICE NO. 401, 4TH FLOOR, SATARA ROAD, LANDMARK TOWER, PARVATI",Maharashtra,Pune,411009,Accreditation Certificate Approved and Issued,Clinical Biochemistry,,MC-5679,27/05/2025,26/05/2029,,,Archive Applications,Oct 3 2026 7:30AM
77,M-4137,AKS MEDICARE PRIVATE LIMITED (DEPARTMENT OF LABORATORY SERVICES),nabl024833,2022,Medical,Renewal of Accreditation,APURBA KRISHNA SINHA,aksmedicare@gmail.com,9830927756,274 BAGHAJATIN PLACE,West Bengal,Kolkata,700086,Accreditation Certificate Approved and Issued,"Clinical Biochemistry,Haematology",,MC-7439,17/06/2025,16/06/2029,,,Archive Applications,Oct 3 2026 7:30AM
78,M-3914,RHL LAB ( UNIT OF MAHAVIR JAIPURIYA RAJASTHAN HOSPITAL ),nabl024840,2022,Medical,Renewal of Accreditation,APOORVA SARASWAT,labquality@rajasthanhospital.in,9636422272,"HOSPITAL ROAD,MILAP NAGAR.",Rajasthan,Jaipur,302018,Accreditation Certificate Approved and Issued,"Clinical Biochemistry,Clinical Pathology,Microbiology & Infectious disease serology,Haematology & Immunohaematology",,NABLM0626RJ08141,28/06/2026,27/06/2030,,,Archive Applications,Oct 3 2026 7:30AM
79,M-4787,"STATE REFERENCE LABORATORY (SRL-HIVTL), DEPARTMENT OF MICROBIOLOGY, CHENGALPATTU GOVERNMENT MEDICAL COLLEGE",nabl024888,2022,Medical,Renewal of Accreditation,S SARASA MD,tosrlchengalpet@gmail.com,9629844478,"FIRST FLOOR, SRL DEPARTMENT OF MICROBIOLOGY, GOVERNMENT MEDICAL COLLEGE, ALAN SALAI",Tamil Nadu,Chengalpattu,603001,Accreditation Certificate Approved and Issued,Microbiology & Infectious disease serology,,MC-6155,03/12/2025,27/11/2029,,10/12/2025,Archive Applications,Oct 3 2026 7:30AM
80,M-4089,BANERJEE DIAGNOSTIC FOUNDATION,nabl024948,2022,Medical,Renewal of Accreditation,PRADIPTA NEOGI,pradiptarantineogi@gmail.com,7001465974,R.K. TALA ROAD,West Bengal,Sainthia,731234,Accreditation Certificate Approved and Issued,"Clinical Biochemistry,Haematology",,MC-7719,31/10/2025,30/10/2029,,,Archive Applications,Oct 3 2026 7:30AM
81,M-4339,RELY PATH LAB PVT. LTD.,nabl025010,2022,Medical,Renewal of Accreditation,NIKHILESH SHENDE,rely.pathlab@gmail.com,8805000522,"PLOT NO 70, HANUMAN NAGAR",Maharashtra,Nagpur,440009,Accreditation Certificate Approved and Issued,"Clinical Biochemistry,Haematology,Clinical Pathology",",--Select Group--",MC-7520,22/07/2025,21/07/2029,,,Archive Applications,Oct 3 2026 7:30AM
82,M-4138,STATE REFERENCE LABORATORY FOR HIV TESTING OF NORTH BENGAL MEDICAL COLLEGE & HOSPITAL,nabl025024,2022,Medical,Renewal of Accreditation,BINITA PRADHAN,srl.wb.nbmc@gmail.com,8967592660,"DEPARTMENT OF MICROBIOLOGY, NORTH BENGAL MEDICAL COLLEGE & HOSPITAL, P.O.-SUSHRUTANAGAR",West Bengal,Siliguri,734012,Accreditation Certificate Approved and Issued,Microbiology & Infectious disease serology,,MC-7140,28/01/2025,27/01/2029,,,Archive Applications,Oct 3 2026 7:30AM
83,M-3993,"LABORATORY SERVICES, DR. B. BOROOAH CANCER INSTITUTE",nabl025072,2022,Medical,Renewal of Accreditation,SAWMIK DAS,bbcipathology.nabl@gmail.com,9435017278,"A K AZAD ROAD, GOPINATH NAGAR, KAMRUP METRO",Assam,Guwahati,781016,Accreditation Certificate Approved and Issued,"Clinical Biochemistry,Cytopathology,Haematology,Histopathology,Microbiology & Infectious disease serology",",--Select Group--",MC-7422,10/06/2025,09/06/2029,,,Archive Applications,Oct 3 2026 7:30AM
84,M-4285,ADD ON SCANS AND LABS,nabl025098,2022,Medical,Renewal of Accreditation,GIRA CHAKRABORTY,gira@addonhealthcare.com,7411470139,"MGR COMPLEX, 5, MARATHAHALLI - SARJAPUR RD, KAIKONDRAHALLI",Karnataka,Bengaluru,560035,Accreditation Certificate Approved and Issued,"Clinical Biochemistry,Haematology,Clinical Pathology,Microbiology & Infectious disease serology",,MC-5588,29/03/2025,28/03/2029,,,Archive Applications,Oct 3 2026 7:30AM
85,M-3921,"DEPARTMENT OF PATHOLOGY, APEX HOSPITAL, A UNIT OF APEX WELCARE PRIVATE LIMITED",nabl025114,2022,Medical,Renewal of Accreditation,SANDEEP NAUTIYAL,dr.nautiyalsandeep@gmail.com,9935941231,"N7/2 A-5, DLW - HYDEL ROAD BHIKHARIPUR",Uttar Pradesh,Varanasi,221004,Accreditation Certificate Approved and Issued,"Clinical Biochemistry,Cytopathology,Molecular Diagnostics,Histopathology,Clinical Pathology,Haematology & Immunohaematology",,MC-6481,24/04/2026,23/04/2030,,,Archive Applications,Oct 3 2026 7:30AM
86,M-3925,LIFELINE LABS,nabl025122,2022,Medical,Renewal of Accreditation,ABHISHEK GUPTA,labslifeline@gmail.com,8090060500,"SECTOR-3, 3/1263, JANKIPURAM EXTENSION",Uttar Pradesh,Lucknow,226021,Accreditation Certificate Approved and Issued,Clinical Biochemistry,,MC-6937,01/11/2024,31/10/2028,,,Archive Applications,Oct 3 2026 7:30AM
87,M-4292,"LABORATORY SERVICES-P. D. U. MEDICAL COLLEGE & HOSPITAL, RAJKOT",nabl025148,2022,Medical,Renewal of Accreditation,MADHULIKA MISTRY,madhulika_mistry@yahoo.co.in,9427560011,"JAMNAGAR ROAD, CIVIL HOSPITAL CAMPUS",Gujarat,Rajkot,360001,Accreditation Certificate Approved and Issued,"Clinical Biochemistry,Cytopathology,Haematology,Histopathology,Microbiology & Infectious disease serology",,MC-7773,19/11/2025,18/11/2029,,,Gayathri S,Oct 3 2026 7:30AM
88,M-4204,R. K. SCAN CENTRE AND DIAGNOSTICS (A UNIT OF R. K. DIAGNOSTIC SERVICES PVT. LTD.),nabl025167,2022,Medical,Renewal of Accreditation,K RAMANA KUMAR,quality.rkslab@gmail.com,9966988088,12-12-89 OLD CLUB ROAD GUNTUR,Andhra Pradesh,Guntur,522001,Accreditation Certificate Approved and Issued,Clinical Biochemistry,,MC-7441,17/06/2025,16/06/2029,,,Archive Applications,Oct 3 2026 7:30AM
89,M-4475,SATYA SCANS AND DIAGNOSTICS RAJAMAHENDRAVARAM (A UNIT OF SRI BALA TRIPURA SUNDARI HEALTH CARE PRIVATE LTD),nabl025250,2022,Medical,Renewal of Accreditation,KADA VENKATA RAMANA,surendrababu.andru@gmail.com,9951313702,76-5-22 GANUGA STREET RAJAMAHENDRAVARAM,Andhra Pradesh,Rajahmundry,533103,Accreditation Certificate Approved and Issued,Clinical Biochemistry,,MC-6111,26/11/2025,12/11/2029,,02/12/2025,Archive Applications,Oct 3 2026 7:30AM
90,M-4336,"STATE REFERENCE LABORATORY, DEPARTMENT OF MICROBIOLOGY, KANYAKUMARI GOVERNMENT MEDICAL COLLEGE",nabl025266,2022,Medical,Onsite Surveillance,M SUDHA MD,srl.kanya2022@gmail.com,9443365947,ASARIPALLAM,Tamil Nadu,Nagercoil,629201,Accreditation Certificate Approved and Issued,"Flow Cytometry,Microbiology & Infectious disease serology",,MC-7555,26/08/2026,08/08/2029,,,Gayathri S,Oct 3 2026 7:30AM
91,M-4119,"DEPARTMENT OF CLINICAL BIOCHEMISTRY & HAEMATOLOGY, NETAJI SUBHAS MEDICAL COLLEGE AND HOSPITAL (A UNIT OF SITWANTO DEVI MAHILA KALYAN SANSTHAN)",nabl025357,2022,Medical,Renewal of Accreditation,Vishwkarma Chaudhary,quality@nsmch.in,8839128078,"FIRST FLOOR, HOSPITAL BLOCK AMHARA, BIHTA",Bihar,Patna,801116,Accreditation Certificate Approved and Issued,"Clinical Biochemistry,Molecular Testing,Haematology,Clinical Pathology,Microbiology & Infectious disease serology",,MC-7160,06/02/2025,05/02/2029,,,Archive Applications,Oct 3 2026 7:30AM
92,M-4074,IRIS MULTI SPECIALITY HOSPITAL (DEPARTMENT OF LABORATORY SERVICES),nabl025358,2022,Medical,NABL 201,TANUSHRI MUKHERJEE,Pathology@irishealthservices.com,8697980702,82/1 RAJA S.C.MULLICK ROAD,West Bengal,Kolkata,700047,Accreditation Certificate Approved and Issued,"Clinical Biochemistry,Haematology,Clinical Pathology",,MC-7135,10/10/2025,26/01/2029,,,Archive Applications,Oct 3 2026 7:30AM
93,M-4178,METROPOLIS HEALTHCARE LIMITED (HITECH DIAGNOSTIC CENTRE),nabl025402,2022,Medical,Renewal of Accreditation,Nalinapriya,dr.nalinapriya@hitechlabsindia.in,8526072474,"NO 935, GKS TOWERS",Tamil Nadu,Chennai,600084,Accreditation Certificate Approved and Issued,"Clinical Biochemistry,Molecular Testing,Haematology,Clinical Pathology,Microbiology & Infectious disease serology",",--Select Group--",MC-5586,28/03/2025,27/03/2029,,30/03/2025,Archive Applications,Oct 3 2026 7:30AM
94,M-3983,NUCLEUS THE DIAGNOSTIC CENTRE (NT DIAGNOSTIC CENTRE PRIVATE LIMITED),nabl025424,2022,Medical,NABL 201,KARUNA BHOIR,lab@nucleusdiagnostics.com,8898148467,"OFFICE NO 01, FIRST FLOOR, BUILDING NO 02, TULSI SAMRATH",Maharashtra,Kalyan,421301,Accreditation Certificate Approved and Issued,"Clinical Biochemistry,Haematology,Clinical Pathology,Microbiology & Infectious disease serology",,MC-7058,08/05/2025,29/12/2028,,,Archive Applications,Oct 3 2026 7:30AM
95,M-4227,THUNGA HEALTHCARE LABORATORY MEDICINE DEPARTMENT (THLMD),nabl025428,2022,Medical,Renewal of Accreditation,AVANTIKA SHUKLA,avantika@thungahealthcare.com,9967167042,"THUNGA HEALTHCARE LLP, GORASWADI, OFF S. V. ROAD, MALAD WEST",Maharashtra,Mumbai,400064,Accreditation Certificate Approved and Issued,"Clinical Biochemistry,Haematology,Clinical Pathology,Microbiology & Infectious disease serology",,MC-7435,14/06/2025,13/06/2029,,,Archive Applications,Oct 3 2026 7:30AM
96,M-4153,LIFE CARE FOUNDATION,nabl025440,2022,Medical,Renewal of Accreditation,Harish Baghel,harish@lifecarefoundation.in,9555360555,"BANIPAL TOWER, SECTOR 17",Punjab,Dera Bassi,140507,Accreditation Certificate Approved and Issued,"Clinical Biochemistry,Haematology,Clinical Pathology",,MC-5723,08/06/2025,07/06/2029,,08/07/2025,Archive Applications,Oct 3 2026 7:30AM
97,M-4131,GENIX LABORATORY & DIAGNOSTIC CENTRE (DEPARTMENT OF LABORATORY SERVICES),nabl025449,2022,Medical,Renewal of Accreditation,PALASH ROY,palashray21@gmail.com,8479919187,"237, N.S.C BOSE ROAD",West Bengal,24 Parganas (s),700047,Accreditation Certificate Approved and Issued,Clinical Biochemistry,,MC-5368,14/10/2024,13/10/2028,,12/11/2024,Archive Applications,Oct 3 2026 7:30AM
98,M-3987,"DEPARTMENT OF MEDICAL LABORATORY, WOODLAND WK HOSPITAL",nabl025523,2022,Medical,Renewal of Accreditation,Mankiru Laloo,woodlandwkpathology@gmail.com,7005275878,SABAHMUSWANG ELAKA,Meghalaya,Jawai,793150,Accreditation Certificate Approved and Issued,"Clinical Biochemistry,Clinical Pathology,Haematology & Immunohaematology",",--No Data--",MC-7838,24/12/2025,23/12/2029,,,Gayathri S,Oct 3 2026 7:30AM
99,M-4067,KRSNAA DIAGNOSTICS LIMITED,nabl025555,2022,Medical,Onsite Surveillance,Vinod Lonkar,quality.pune@krsnaa.in,9822945055,"CIVIL HOSPITAL, PHASE 6, MOHALI",Punjab,Mohali,160055,Accreditation Certificate Approved and Issued,"Clinical Biochemistry,Haematology,Clinical Pathology,Microbiology & Infectious disease serology",,MC-5487,26/01/2025,25/01/2029,,01/03/2026,Archive Applications,Oct 3 2026 7:30AM
100,M-4076,ACCUHEALTH SOLUTIONS PRIVATE LIMITED (DEPARTMENT OF LABORATORY SERVICES),nabl025563,2022,Medical,NABL 201,SUJAYA GHOSH,sujaya.ghosh@accuhealthlabs.com,9831470060,"SANDHYADEEP, 16A GOLD PARK, RAJDANGA",West Bengal,Kolkata,700107,Accreditation Certificate Approved and Issued,"Clinical Biochemistry,Haematology,Clinical Pathology",,MC-7020,22/08/2025,08/12/2028,,,Archive Applications,Oct 3 2026 7:30AM
1,M-4006,ONCORE DIAGNOSTICS,nabl025566,2022,Medical,Renewal of Accreditation,ASHWINI K,oncore14@gmail.com,9972700113,"#69/1-1, SHANKARAMUTT ROAD, BENGALURU URBAN",Karnataka,Bengaluru,560004,Accreditation Certificate Approved and Issued,Histopathology,--Select Group--,MC-6921,17/10/2024,16/10/2028,,,Archive Applications,Oct 3 2026 7:30AM
2,M-4261,RISHI PATHOLOGICAL LABORATORY (DEPARTMENT OF LABORATORY SERVICES),nabl025572,2022,Medical,Renewal of Accreditation,SUPTI BANERJEE MUKHOPADHYAY,rishiplab@gmail.com,9831365964,"8/5, DIAMOND PARK, JOKA",West Bengal,Kolkata,700104,Accreditation Certificate Approved and Issued,"Cytopathology,Histopathology",,MC-5618,30/04/2025,25/04/2029,,06/05/2025,Archive Applications,Oct 3 2026 7:30AM
3,M-4004,"HIV TESTING LABORATORY, DEPARTMENT OF MICROBIOLOGY, ANDHRA MEDICAL COLLEGE",nabl025600,2022,Medical,Renewal of Accreditation,T.SIRISHA,drnsujatha0009@gmail.com,8297214423,"HIV TESTING LABORATORY- GROUND FLOOR , DEPARTMENT OF MICROBIOLOGY ANDHRA MEDICAL COLLEGE, MAHARANIPETA",Andhra Pradesh,Visakhapatnam,530002,Accreditation Certificate Approved and Issued,"Molecular Testing,Microbiology & Infectious disease serology",,MC-7672,07/10/2025,06/10/2029,,,Archive Applications,Oct 3 2026 7:30AM
4,M-4134,RANAGHAT LIONS DIWALIMA DIAGNOSTIC CENTRE (DEPARTMENT OF LABORATORY SERVICES),nabl025605,2022,Medical,Renewal of Accreditation,RATNADIPTI MAHATA,ranaghatlionsseva@gmail.com,9064564210,"5, DEY CHOWDHURY STREET, RANAGHAT",West Bengal,Nadia,741201,Accreditation Certificate Approved and Issued,"Clinical Biochemistry,Haematology",,MC-5493,31/01/2025,30/01/2029,,06/02/2025,Archive Applications,Oct 3 2026 7:30AM
5,M-4203,SAL SCIENTIFIC AND DIAGNOSTIC CENTRE,nabl025644,2022,Medical,Renewal of Accreditation,Sanjay Saxena,pathology@salhospital.com,9898982898,"GROUND FLOOR, SAL HOSPITAL AND MEDICAL INSTITUTE, DRIVE IN ROAD",Gujarat,Ahmedabad,380054,Accreditation Certificate Approved and Issued,"Clinical Biochemistry,Haematology,Clinical Pathology,Microbiology & Infectious disease serology",,MC-5480,22/01/2025,20/01/2029,,18/02/2025,Archive Applications,Oct 3 2026 7:30AM
6,M-4299,DR. LAL PATHLABS LIMITED,nabl025689,2022,Medical,Renewal of Accreditation,Gaurav Jyoti Phukan,gaurav.phukan@lalpathlabs.com,9718743164,"BASEMENT, GROUND FLOOR, FIRST FLOOR, SECOND FLOOR, THIRD FLOOR PLOT NO. 33, DEFENCE ENCLAVE",Delhi,Delhi,110092,Accreditation Certificate Approved and Issued,"Clinical Biochemistry,Molecular Testing,Haematology,Clinical Pathology,Microbiology & Infectious disease serology",,MC-5532,24/02/2025,23/02/2029,,04/03/2025,Archive Applications,Oct 3 2026 7:30AM
7,M-4053,NARAYANA MULTISPECIALITY HOSPITAL (A UNIT OF NARAYANA HRUDAYALAYA LIMITED) (DEPARTMENT OF LABORATORY MEDICINE),nabl025708,2022,Medical,Onsite Surveillance,Tusmita Dutta,labquality.bsmh@narayanahealth.org,7003242170,"78, JESSORE ROAD (SOUTH)",West Bengal,Kolkata,700127,Accreditation Certificate Approved and Issued,"Clinical Biochemistry,Haematology,Clinical Pathology,Microbiology & Infectious disease serology,Haematology & Immunohaematology",,MC-7153,03/02/2025,02/02/2029,,26/03/2026,Archive Applications,Oct 3 2026 7:30AM
8,M-4048,K. N. HOSPITAL PRIVATE LIMITED - LABORATORY,nabl025716,2022,Medical,Renewal of Accreditation,Shyam Mangal,kamlanagarhospital@gmail.com,9660877261,"PLOT A, PAL LINK ROAD",Rajasthan,Jodhpur,342003,Accreditation Certificate Approved and Issued,"Clinical Biochemistry,Haematology",,MC-5573,26/03/2025,21/03/2029,,30/03/2025,Archive Applications,Oct 3 2026 7:30AM
9,M-4110,THYROCARE TECHNOLOGIES LIMITED,nabl025717,2022,Medical,Renewal of Accreditation,Syed Ali Mohamed,syed.mohamed@thyrocare.com,9597953223,"UR HOUSE, NO. 1056C, AVINASHI ROAD",Tamil Nadu,Coimbatore,641018,Accreditation Certificate Approved and Issued,"Clinical Biochemistry,Haematology,Clinical Pathology,Microbiology & Infectious disease serology",,MC-5360,11/10/2024,10/10/2028,,,Archive Applications,Oct 3 2026 7:30AM
10,M-4065,VEINS (DEPARTMENT OF LABORATORY MEDICINE),nabl025757,2022,Medical,Renewal of Accreditation,Ranjit Dalai,veinslabs@gmail.com,7364956829,"117, HAZRA ROAD",West Bengal,Kolkata,700026,Accreditation Certificate Approved and Issued,"Clinical Biochemistry,Haematology,Clinical Pathology",,MC-5356,04/10/2024,03/10/2028,,11/10/2024,Archive Applications,Oct 3 2026 7:30AM
11,M-4298,ADVANCED DIAGNOSTICS (A UNIT OF TRINITY FERTILITY SERVICES PVT. LTD.),nabl025798,2022,Medical,Renewal of Accreditation,VANI PADMAJA,nabl@trinityfertility.com,9849112778,"SCB NO. 5-11-001, SY. NO. 27/1, GROUND FLOOR AND SECOND FLOOR, BAZAAR ROAD, J.K. HOUSE, WEST MARREDPALLY",Telangana,Secunderabad,500026,Accreditation Certificate Approved and Issued,"Clinical Biochemistry,Haematology,Clinical Pathology,Microbiology & Infectious disease serology",,MC-7442,17/06/2025,16/06/2029,,,Archive Applications,Oct 3 2026 7:30AM
12,M-4106,MEDIMAP HEALTHCARE PRIVATE LIMITED,nabl025811,2022,Medical,Scope Extension,Abhijit Pawar,abhijitpawar.rad@gmail.com,9423012973,"1ST FLOOR, PRASAD CHAMBERS, HINGANE KHURD",Maharashtra,Pune,411051,Accreditation Certificate Approved and Issued,"Clinical Biochemistry,Clinical Pathology,Microbiology & Infectious disease serology,Haematology & Immunohaematology",,MC-5401,10/11/2024,09/11/2028,,02/02/2026,Gayathri S,Oct 3 2026 7:30AM
13,M-4088,REVIVAL DIAGNOSTIC,nabl025828,2022,Medical,Renewal of Accreditation,PANKAJ WANDIKAR,wandikar.pankaj@gmail.com,9377483422,"SHOP - 7, 4TH FLOOR, AQUA CORRIDOR, ADAJAN PAAL",Gujarat,Surat,395009,Accreditation Certificate Approved and Issued,Clinical Biochemistry,,MC-7141,28/01/2025,27/01/2029,,,Archive Applications,Oct 3 2026 7:30AM
14,M-4129,TATA 1MG LABS (TATA 1MG TECHNOLOGIES PRIVATE LIMITED),nabl025833,2022,Medical,Scope Extension,Tanuja Rautela,tanuja.rautela@1mg.com,7838688259,"ROXANA PADELA ESTATE, 8-1-366/1/ RPE /201 To 204, 2ND FLOOR, TOLICHOWKI",Telangana,Hyderabad,500008,Accreditation Certificate Approved and Issued,"Clinical Biochemistry,Clinical Pathology,Microbiology & Infectious disease serology,Haematology & Immunohaematology",,MC-5412,19/05/2026,16/11/2028,,06/08/2026,Archive Applications,Oct 3 2026 7:30AM
15,M-4063,"CENTRAL PATHOLOGY LABORATORY, LN MEDICAL COLLEGE & JK HOSPITAL (A UNIT OF H. K. KALCHURI EDUCATION TRUST)",nabl025850,2022,Medical,Renewal of Accreditation,MANINDER BINDRA,labdirectorjkhospital@gmail.com,8770125277,SARVDHARM C SECTOR,Madhya Pradesh,Bhopal,462042,Accreditation Certificate Approved and Issued,"Clinical Biochemistry,Cytopathology,Histopathology,Clinical Pathology,Microbiology & Infectious disease serology",,MC-5516,17/02/2025,10/02/2029,,28/02/2025,Archive Applications,Oct 3 2026 7:30AM
16,M-4157,DIAGNOSTICS DIVISION OF CENTRE FOR DNA FINGERPRINTING AND DIAGNOSTICS (CDFD),nabl025856,2022,Medical,Renewal of Accreditation,Usha Dutta,ushadutta@hotmail.com,9440784021,"INNER RING ROAD, UPPAL",Telangana,Hyderabad,500039,Accreditation Certificate Approved and Issued,"Molecular Testing,Cytogenetics",,MC-5402,11/11/2024,10/11/2028,,19/11/2024,Archive Applications,Oct 3 2026 7:30AM
17,M-4122,ASHA THE HOPE DIAGNOSTIC AND IMAGING LLP (DEPARTMENT OF LABORATORY SERVICES),nabl025857,2022,Medical,Renewal of Accreditation,SANTUNU LAHIRI,ashathehope.2016@gmail.com,9836335066,"33, JN TEWARI ROAD, DUMDUM CANTONMENT, GORABAZAR",West Bengal,Kolkata,700028,Accreditation Certificate Approved and Issued,"Clinical Biochemistry,Haematology,Clinical Pathology",,MC-7102,17/01/2025,16/01/2029,,,Archive Applications,Oct 3 2026 7:30AM
18,M-4369,SADHNA PATHOLOGY,nabl025891,2022,Medical,Renewal of Accreditation,ANSHIKA SINGH RATHORE,anshikasinghrathore5@gmail.com,9827059971,"SHOP NO. 13, 15, 27, COMMERCIAL COMPLEX SURENDRA PLACE HOSHANGADAD ROAD",Madhya Pradesh,Bhopal,462026,Accreditation Certificate Approved and Issued,"Clinical Biochemistry,Haematology",,MC-7537,05/08/2025,04/08/2029,,,Archive Applications,Oct 3 2026 7:30AM
19,M-4187,THYROCARE TECHNOLOGIES LIMITED,nabl025915,2022,Medical,Renewal of Accreditation,Niraj Kumar,niraj.k@thyrocare.com,7209964314,"413, 414 & 418, FOURTH FLOOR, CHINAR INUBE BUSINESS CENTER , HOSHANGABAD MAIN ROAD",Madhya Pradesh,Bhopal,462026,Accreditation Certificate Approved and Issued,"Clinical Biochemistry,Haematology,Clinical Pathology,Microbiology & Infectious disease serology",,MC-5429,01/12/2024,30/11/2028,,,Archive Applications,Oct 3 2026 7:30AM
20,M-4101,KRSNAA DIAGNOSTICS LTD,nabl025950,2022,Medical,Renewal of Accreditation,Vinod Lonkar,quality.pune@krsnaa.in,9822945055,"MATA KUSHLYA HOSPITAL, LAHORI GATE",Punjab,Patiala,147021,Accreditation Certificate Approved and Issued,"Clinical Biochemistry,Haematology,Clinical Pathology,Microbiology & Infectious disease serology",,MC-5404,15/11/2024,14/11/2028,,25/11/2024,Archive Applications,Oct 3 2026 7:30AM
21,M-4304,A.K. DIAGNOSTIC CENTRE (LABORATORY DIVISION),nabl025985,2022,Medical,Renewal of Accreditation,ABHAY BHARGAVA,drabhaybhargava@yahoo.com,9829079097,"A-45, SHASTRI NAGAR",Rajasthan,Jaipur,302016,Accreditation Certificate Approved and Issued,"Clinical Biochemistry,Haematology & Immunohaematology",,MC-8014,25/03/2026,24/03/2030,,,Gayathri S,Oct 3 2026 7:30AM
22,M-4080,CUREWELL DIAGNOSTIC CENTRE,nabl026041,2022,Medical,Renewal of Accreditation,NARESH SAINI,qualitycurewell@gmail.com,9413688171,LAKHANDA WALA KUAN,Rajasthan,Alwar,301001,Accreditation Certificate Approved and Issued,"Clinical Biochemistry,Haematology,Clinical Pathology",,MC-7169,10/02/2025,09/02/2029,,,Archive Applications,Oct 3 2026 7:30AM
23,M-4519,CHROMOSOME LABS PRIVATE LIMITED,nabl026090,2022,Medical,Scope Extension,Raksha Shetty,sandip@chromosomelabs.com,9867670410,"FIRST FLOOR, GIRIRAJ ICON, PLOT NO 76, SECTOR 18, KHARGHAR",Maharashtra,Navi Mumbai,410210,Accreditation Certificate Approved and Issued,"Clinical Biochemistry,Clinical Pathology,Microbiology & Infectious disease serology,Haematology & Immunohaematology",,MC-5925,28/08/2025,27/08/2029,,30/03/2026,Archive Applications,Oct 3 2026 7:30AM
24,M-4158,EVERGREEN DIAGNOSTIC & POLYCLINIC (DEPARTMENT OF LABORATORY SERVICES),nabl026130,2022,Medical,Renewal of Accreditation,POULOMI BISWAS,poulomibiswas97dgp@gmail.com,8159899281,"ARRAH SHIBTALA, DURGAPUR, PASCHIM BARDHAMAN",West Bengal,Durgapur,713212,Accreditation Certificate Approved and Issued,"Clinical Biochemistry,Haematology",,MC-7335,30/04/2025,29/04/2029,,,Archive Applications,Oct 3 2026 7:30AM
25,M-4240,THYROCARE TECHNOLOGIES LIMITED,nabl026152,2022,Medical,Renewal of Accreditation,Niraj Kumar,niraj.k@thyrocare.com,7209964314,"2ND & 3RD FLOOR, INSIDE POPULAR NURSING HOME",Bihar,Patna,800004,Accreditation Certificate Approved and Issued,"Clinical Biochemistry,Haematology,Clinical Pathology,Microbiology & Infectious disease serology",,MC-5497,04/02/2025,03/02/2029,,18/02/2025,Archive Applications,Oct 3 2026 7:30AM
26,M-4161,MEGAVISION LABS PRIVATE LIMITED,nabl026183,2022,Medical,Onsite Surveillance,SWAPNIL KARNIK,drswapnilkarnik@yahoo.com,9850501065,"Office No. 305 & 307, 3rd Floor, Millennium Star Building, Dhole Patil Road, Sangamvadi",Maharashtra,Pune,411001,Accreditation Certificate Approved and Issued,"Cytopathology,Histopathology",,MC-7576,17/08/2026,22/08/2029,,,Gayathri S,Oct 3 2026 7:30AM
27,M-4297,SAMYUKTA HEALTHCARE UNIT PRIVATE LIMITED (DEPARTMENT OF PATHOLOGY),nabl026199,2022,Medical,Renewal of Accreditation,LALTU BHATTACHARYYA,samyuktahealthcare.shcu@gmail.com,9775569936,"373/A, BASANTAPUR MORE(LINK ROAD), WARD NO. 5",West Bengal,Arambagh,712601,Accreditation Certificate Approved and Issued,Clinical Biochemistry,,MC-7596,06/09/2025,05/09/2029,,,Archive Applications,Oct 3 2026 7:30AM
28,M-4443,DR. LAL PATHLABS LIMITED,nabl026201,2022,Medical,Renewal of Accreditation,RACHNA ARORA MOHAN,Ankush.Sharma1@lalpathlabs.com,9018401788,"FIRST FLOOR, SCO 15, KHASRA NO. 116/1 AND 116/6/2 AT AJNALA ROAD, 97 ACRE, BLOCK-D, ILAQA VIKAS SCHEME, RANJIT AVENUE",Punjab,Amritsar,143001,Accreditation Certificate Approved and Issued,"Clinical Biochemistry,Haematology,Clinical Pathology,Microbiology & Infectious disease serology",",--Select Group--",MC-7618,16/09/2025,15/09/2029,,,Archive Applications,Oct 3 2026 7:30AM
29,M-4810,RAGAVS DIAGNOSTIC & RESEARCH CENTRE Private limited,nabl026256,2022,Medical,Renewal of Accreditation,SHEELA H,ragavlab@gmail.com,7899386981,"#10/804-1, PATALAMMA TEMPLE ROAD (ANEBANDE ROAD)",Karnataka,Bengaluru,560011,Accreditation Certificate Approved and Issued,"Clinical Biochemistry,Clinical Pathology,Haematology & Immunohaematology",,MC-8004,19/03/2026,18/03/2030,,,Shweta Sinha,Oct 3 2026 7:30AM
30,M-4170,BALAJI MEDICAL CENTRE,nabl026269,2022,Medical,Scope Extension,DR A H BALAJI,ahbalaji01@gmail.com,9342814381,"5(3/2), JAGADEESWARAN ST, PARTHASARATHI PURAM, T. NAGAR",Tamil Nadu,Chennai,600017,Accreditation Certificate Approved and Issued,"Clinical Biochemistry,Molecular Testing",,MC-5354,02/10/2024,01/10/2028,,16/04/2025,Archive Applications,Oct 3 2026 7:30AM
31,M-4611,NIDAN PATHOLOGY LABORATORY,nabl026295,2022,Medical,Onsite Surveillance,SEEMA B NEMADE,drsakshi28@yahoo.com,9975727232,"8/9, FIRST FLOOR, SHRI HARI KRISHNA PLAZA, PANCHAVATI",Maharashtra,Nashik,420003,Accreditation Certificate Approved and Issued,"Clinical Biochemistry,Haematology,Clinical Pathology,Microbiology & Infectious disease serology",",--Select Group--",MC-6932,28/10/2025,24/10/2028,,,Shweta Sinha,Oct 3 2026 7:30AM
32,M-4306,"DEPARTMENT OF MOLECULAR BIOLOGY, M.A.J. HOSPITAL",nabl026308,2022,Medical,Renewal of Accreditation,PHENO JOY,majhospital@gmail.com,9447033996,"DEPARTMENT OF LABORATORY, GROUND FLOOR, 34/1490, MARKET ROAD, EDAPPALLY",Kerala,Kochi,682024,Accreditation Certificate Approved and Issued,Molecular Testing,,MC-7419,07/06/2025,06/06/2029,,,Archive Applications,Oct 3 2026 7:30AM
33,M-4165,KRSNAA DIAGNOSTICS LIMITED,nabl026333,2022,Medical,Renewal of Accreditation,Vinod Lonkar,quality.pune@krsnaa.in,9822945055,"CIVIL HOSPITAL, SHAH HUSSAIN PURA CHOWK",Punjab,Amritsar,143001,Accreditation Certificate Approved and Issued,"Clinical Biochemistry,Haematology,Clinical Pathology,Microbiology & Infectious disease serology",,MC-5435,06/12/2024,05/12/2028,,,Archive Applications,Oct 3 2026 7:30AM
34,M-4913,METROPOLIS HEALTHCARE LIMITED,nabl026341,2022,Medical,Scope Extension,SANTOSH BHOKARE,santosh.bhokare@metropolisindia.com,9561144477,"SHOP NO 1 & 2, PRIDE ENIGMA, PHASE-I",Maharashtra,Aurangabad,431002,Accreditation Certificate Approved and Issued,"Clinical Biochemistry,Clinical Pathology,Microbiology & Infectious disease serology,Haematology & Immunohaematology",,MC-6377,12/03/2026,11/03/2030,,15/06/2026,Archive Applications,Oct 3 2026 7:30AM
35,M-4121,ACCURATE MEDICARE & DIAGNOSTIC PRIVATE LIMITED,nabl026368,2022,Medical,Renewal of Accreditation,SAURAV AGARWALA,sauravagarwala@yahoo.in,9051140001,"21, BT(BARRACKPORE TRUNK) ROAD, RABINDRA BHABAN, KHARDAHA",West Bengal,Kolkata,700117,Accreditation Certificate Approved and Issued,"Clinical Biochemistry,Haematology,Clinical Pathology",,MC-7371,21/05/2025,20/05/2029,,,Archive Applications,Oct 3 2026 7:30AM
36,M-4280,DR. SATAV'S PATHOLOGY LABORATORY,nabl026376,2022,Medical,Renewal of Accreditation,MAHALAKSHMI RAMALINGAM,dr.mg512@gmail.com,9892032627,"PHARANDE'S DENTAL HOSPITAL, SURVEY NO. 4119, GANESH NAGAR",Maharashtra,Chinchwad,411033,Accreditation Certificate Approved and Issued,"Clinical Biochemistry,Haematology,Clinical Pathology,Microbiology & Infectious disease serology",,MC-7489,04/07/2025,03/07/2029,,,Archive Applications,Oct 3 2026 7:30AM
37,M-4152,SHANTABEN SURYAKANTBHAI DESAI (VASO) DIAGNOSTIC CENTRE,nabl026380,2022,Medical,Renewal of Accreditation,Sunil Joshi,sunilrj@bhaikakauniv.edu.in,8141800612,"SHREE KRISHNA HOSPITAL, BHAIKAKA UNIVERSITY, GOKAL NAGAR",Gujarat,Anand,388325,Accreditation Certificate Approved and Issued,"Clinical Biochemistry,Cytopathology,Molecular Testing,Haematology,Histopathology,Clinical Pathology,Microbiology & Infectious disease serology",",--Select Group--",MC-5574,22/03/2025,21/03/2029,,22/04/2025,Archive Applications,Oct 3 2026 7:30AM
38,M-4172,ASR HOSPITALS (INDIA) PRIVATE LIMITED,nabl026383,2022,Medical,Renewal of Accreditation,A CHAITANYA KUMAR,asrprojectcoordinator@gmail.com,9533740674,"TRIHMS, PREM NAGAR, B-SECTOR, PAPUMPARE",Arunachal Pradesh,Naharlagun,791110,Accreditation Certificate Approved and Issued,"Clinical Biochemistry,Haematology",,MC-7183,18/02/2025,17/02/2029,,,Archive Applications,Oct 3 2026 7:30AM
39,M-4151,"CENTRAL CLINICAL LABORATORY, PARUL SEVASHRAM HOSPITAL (UNIT OF PARUL INSTITUTE OF MEDICAL SCIENCES AND RESEARCH)",nabl026393,2022,Medical,Scope Extension,ASHISH JAWARKAR,ashish.jawarkar@paruluniversity.ac.in,8980795889,"AT. PO. LIMDA, TAL. WAGHODIA",Gujarat,Vadodara,391760,Accreditation Certificate Approved and Issued,"Clinical Biochemistry,Cytopathology,Molecular Diagnostics,Histopathology,Clinical Pathology,Microbiology & Infectious disease serology,Haematology & Immunohaematology",",--Select Group--",MC-7288,30/03/2025,29/03/2029,,16/03/2026,Archive Applications,Oct 3 2026 7:30AM
40,M-4133,LUPIN DIAGNOSTICS (LUPIN DIAGNOSTICS LIMITED),nabl026407,2022,Medical,Scope Extension,Dr Naresh Kulkarni,kanchanmundhe@lupindiagnostics.com,7276799096,"R NO 1, VARSHA COURT, PLOT NO 66, ANAND PARK, S NO 129/130, AUNDH",Maharashtra,Pune,411007,Accreditation Certificate Approved and Issued,"Clinical Biochemistry,Haematology,Clinical Pathology",",--Select Group--",MC-5395,10/11/2024,09/11/2028,,29/08/2025,Archive Applications,Oct 3 2026 7:30AM
41,M-4231,ASR HOSPITALS (INDIA) PRIVATE LIMITED,nabl026436,2022,Medical,Renewal of Accreditation,A CHAITANYA KUMAR,asrprojectcoordinator@gmail.com,9533740674,"GENERAL HOSPITAL, AALO, WEST SIANG",Arunachal Pradesh,Along,791001,Accreditation Certificate Approved and Issued,"Clinical Biochemistry,Haematology",,MC-7367,20/05/2025,19/05/2029,,,Archive Applications,Oct 3 2026 7:30AM
42,M-4195,MALABAR CANCER CENTRE CLINICAL LABORATORY SERVICES & TRANSLATIONAL RESEARCH,nabl026449,2022,Medical,Renewal of Accreditation,SAJANI SAMUEL,nablmcc2021@gmail.com,9446681147,MOOZHIKKARA POST,Kerala,Kannur,670103,Accreditation Certificate Approved and Issued,"Clinical Biochemistry,Cytopathology,Molecular Testing,Cytogenetics,Haematology,Histopathology,Clinical Pathology,Microbiology & Infectious disease serology",,MC-5902,22/08/2025,21/08/2029,,10/09/2025,Archive Applications,Oct 3 2026 7:30AM
43,M-4162,LUPIN DIAGNOSTICS (LUPIN DIAGNOSTICS LIMITED),nabl026451,2022,Medical,Renewal of Accreditation,Kunal More,kunalmore@lupindiagnostics.com,7276799096,"SHOP NO.4, ARCHIT SAI SQUARE, AHILYABAI HOLKAR MARG",Maharashtra,Nashik,422001,Accreditation Certificate Approved and Issued,"Clinical Biochemistry,Haematology,Clinical Pathology",,MC-7258,24/03/2025,23/03/2029,,,Archive Applications,Oct 3 2026 7:30AM
44,M-4193,DR.V.BALAJI DIABETES CARE AND RESEARCH INSTITUTE,nabl026476,2022,Medical,Renewal of Accreditation,R SRI KAMATCHI PRIYA,dsdblab2012@gmail.com,9080569701,"NO.729 POONAMALLEE HIGH ROAD,AMINJIKARAI",Tamil Nadu,Chennai,600030,Accreditation Certificate Approved and Issued,"Clinical Biochemistry,Haematology,Clinical Pathology",,MC-7171,10/02/2025,09/02/2029,,,Archive Applications,Oct 3 2026 7:30AM
45,M-4250,ANUBHAB DIAGNOSTICS (DEPARTMENT OF LABORATORY SERVICES),nabl026516,2022,Medical,Renewal of Accreditation,JOY CHAKRABORTY,anubhabdiagnostic@gmail.com,6290114244,"71/1, FEEDER ROAD, BELGHARIA, NORTH 24 PARAGANAS",West Bengal,Kolkata,700056,Accreditation Certificate Approved and Issued,Clinical Biochemistry,,MC-7526,25/07/2025,24/07/2029,,,Archive Applications,Oct 3 2026 7:30AM
46,M-4154,DIHA CLINIC (UNIT OF DIHA TRUST),nabl026517,2022,Medical,Onsite Surveillance,Radha Parthasarathy,radha.p@dihaclinic.org,9791005605,"C105, 11, VI MAIN ROAD, NANGANALLUR CO-OPERATIVE HOUSING SOCIETY COLONY",Tamil Nadu,Chennai,600061,Accreditation Certificate Approved and Issued,"Clinical Biochemistry,Haematology,Clinical Pathology",,MC-7025,10/12/2024,09/12/2028,,28/01/2026,Archive Applications,Oct 3 2026 7:30AM
47,M-4177,RAMKRISHNA CARE HOSPITALS LABORATORY,nabl026528,2022,Medical,Renewal of Accreditation,CHITRAKSHI KANSAL,chitrakshi2193@gmail.com,7974683461,"AURIBINDO ENCLAVE, PACHOEDI NAKA, DHAMTARI ROAD, NATIONAL HIGHWAY 43",Chhattisgarh,Raipur,492001,Accreditation Certificate Approved and Issued,"Clinical Biochemistry,Haematology,Clinical Pathology,Microbiology & Infectious disease serology",,MC-5537,01/03/2025,28/02/2029,,11/03/2025,Archive Applications,Oct 3 2026 7:30AM
48,M-4281,"CENTRAL PATHOLOGY LAB, NEHRU CHIKITSALAYA, BABA RAGHAV DAS MEDICAL COLLEGE",nabl026551,2022,Medical,Renewal of Accreditation,SHILPA VAHIKAR,brdcplchikitsalay@gmail.com,9716081618,MAHARAJGANJ ROAD,Uttar Pradesh,Gorakhpur,273013,Accreditation Certificate Approved and Issued,Clinical Biochemistry,,MC-5556,27/03/2025,10/03/2029,,12/04/2025,Archive Applications,Oct 3 2026 7:30AM
49,M-4142,"MEDWAY LABS, A UNIT OF UNITED ALLIANCE HEALTHCARE PVT LTD",nabl026555,2022,Medical,Renewal of Accreditation,VEENA GANESAN,labdirector@medwayhospitals.com,9789012511,"5/11, CORPORATION COLONY MAIN ROAD, RANGARAJAPURAM, KODAMBAKKAM",Tamil Nadu,Chennai,600024,Accreditation Certificate Approved and Issued,"Clinical Biochemistry,Haematology,Clinical Pathology",,MC-5409,17/11/2024,16/11/2028,,,Archive Applications,Oct 3 2026 7:30AM
50,M-4828,KSHEMA DIAGNOSTIC CENTER LLP,nabl026583,2022,Medical,Renewal of Accreditation,S.S. Bharatnur,kshema.quality@gmail.com,9448320186,"# 440, VIJAYA BANK COLONY LAYOUT, DEVARACHIKKANAHALLI ROAD, BILEKAHALLI",Karnataka,Bengaluru,560076,Accreditation Certificate Approved and Issued,"Clinical Biochemistry,Clinical Pathology,Haematology & Immunohaematology",,MC-7906,27/01/2026,26/01/2030,,,Shweta Sinha,Oct 3 2026 7:30AM
51,M-4155,DR REMEDIES LABS PVT LTD,nabl026622,2022,Medical,Renewal of Accreditation,M Uday Kumar,uday.kumar@remedieslabs.com,9962302970,"NO 12-A, MLA COLONY, ROAD NO 12, BANJARA HILLS",Telangana,Hyderabad,500034,Accreditation Certificate Approved and Issued,"Clinical Biochemistry,Molecular Testing,Haematology,Clinical Pathology,Microbiology & Infectious disease serology",,MC-7136,27/01/2025,26/01/2029,,,Archive Applications,Oct 3 2026 7:30AM
52,M-4173,KRSNAA DIAGNOSTICS LTD.,nabl026650,2022,Medical,Renewal of Accreditation,Vinod Lonkar,quality.pune@krsnaa.in,9822945055,CIVIL HOSPITAL FIELD GANJ ROAD,Punjab,Ludhiana,141008,Accreditation Certificate Approved and Issued,"Clinical Biochemistry,Haematology,Clinical Pathology,Microbiology & Infectious disease serology",",--Select Group--",MC-5448,20/12/2024,19/12/2028,,30/12/2024,Archive Applications,Oct 3 2026 7:30AM
53,M-4290,KAMAL LABORATORY,nabl026665,2022,Medical,Renewal of Accreditation,PANKAJ,drpankajahluwalia@gmail.com,9815459293,#117 RAM BAGH COLONY,Punjab,Patiala,147001,Accreditation Certificate Approved and Issued,"Clinical Biochemistry,Haematology,Clinical Pathology",,MC-7400,31/05/2025,30/05/2029,,,Archive Applications,Oct 3 2026 7:30AM
54,M-4382,NEW ERA DIAGNOSTICS PVT LTD,nabl026678,2022,Medical,Renewal of Accreditation,Sreenivasulu kasetty,srinivas@neweradiagnostics.in,8639099122,"2ND FLOOR, B BLOCK, SRI SAI BRUNDHAVAN COLONY, GANDIPET ROAD NARSINGI MUNICIPALITY, GANDIPET",Telangana,Hyderabad,500075,Accreditation Certificate Approved and Issued,"Clinical Biochemistry,Haematology,Clinical Pathology,Microbiology & Infectious disease serology",,MC-7653,27/09/2025,26/09/2029,,,Archive Applications,Oct 3 2026 7:30AM
55,M-4246,DEPARTMENT OF LABORATORY MEDICINE - APOLLO EXCELCARE HOSPITAL (A UNIT OF ASCLEPIUS HOSPITALS & HEALTH CARE PRIVATE LIMITED),nabl026698,2022,Medical,Renewal of Accreditation,Angela Phukan,drangela_p@apollohospitals.com,9401902048,"PACHIM BORAGAON, NH37, KAMRUP METRO",Assam,Guwahati,781033,Accreditation Certificate Approved and Issued,"Clinical Biochemistry,Haematology,Clinical Pathology,Microbiology & Infectious disease serology",",--Select Group--",MC-7551,08/08/2025,07/08/2029,,,Archive Applications,Oct 3 2026 7:30AM
56,M-4163,"AMALTAS INSTITUTE OF MEDICAL SCIENCE, CENTRAL CLINICAL LABORATORY",nabl026703,2022,Medical,Renewal of Accreditation,Javed Ali,aimsquality2016@gmail.com,7869071352,"VILLAGE -BANGAR, DEWAS UJJAIN HIGHWAY",Madhya Pradesh,Dewas,455001,Accreditation Certificate Approved and Issued,"Clinical Biochemistry,Molecular Testing,Haematology,Microbiology & Infectious disease serology",,MC-5580,24/03/2025,23/03/2029,,,Archive Applications,Oct 3 2026 7:30AM
57,M-4171,GAUBA PATHOLOGY LAB,nabl026712,2022,Medical,Renewal of Accreditation,SHILPI GAUBA,gaubapathology@gmail.com,9812216661,"MINI BYPASS, BANK COLONY",Haryana,Bhiwani,127021,Accreditation Certificate Approved and Issued,"Clinical Biochemistry,Haematology,Clinical Pathology,Microbiology & Infectious disease serology",,MC-5416,22/11/2024,21/11/2028,,,Archive Applications,Oct 3 2026 7:30AM
58,M-4174,"CENTRAL LABORATORY, SRI VENKATESWARAA MEDCITY",nabl026789,2022,Medical,Renewal of Accreditation,RADHIKA N,radhika.nalliah@gmail.com,9840904170,"SURVEY NO. 51, G.N.T ROAD, NALLUR",Tamil Nadu,Chennai,600067,Accreditation Certificate Approved and Issued,"Clinical Biochemistry,Molecular Testing,Haematology,Clinical Pathology,Microbiology & Infectious disease serology",,MC-7139,28/01/2025,27/01/2029,,,Archive Applications,Oct 3 2026 7:30AM
59,M-4349,"CENTRAL CLINICAL LABORATORY, SAPTHAGIRI INSTITUTE OF MEDICAL SCIENCES AND RESEARCH CENTER",nabl026804,2022,Medical,Renewal of Accreditation,DAYANANDA D K,simsrccentrallab@gmail.com,8861750690,"15, HESARAGHATTA MAIN ROAD, CHIKKASANDRA",Karnataka,Bengaluru,560090,Accreditation Certificate Approved and Issued,"Clinical Biochemistry,Cytopathology,Cytogenetics,Haematology,Histopathology,Clinical Pathology,Microbiology & Infectious disease serology",,MC-5611,23/04/2025,18/04/2029,,03/05/2025,Archive Applications,Oct 3 2026 7:30AM
60,M-4207,NEUBERG EHRLICH LABORATORY PRIVATE LIMITED,nabl026814,2022,Medical,Renewal of Accreditation,JAYASREE VENKATRAMAN,jayasree@neubergdiagnostics.com,9444960734,"BS HOSPITAL, NO 190, ETTINES ROAD, RACE COURSE",Tamil Nadu,Ooty,643001,Accreditation Certificate Approved and Issued,"Clinical Biochemistry,Haematology,Clinical Pathology",,MC-7291,31/03/2025,30/03/2029,,,Archive Applications,Oct 3 2026 7:30AM
61,M-4266,TATA 1MG LABS (TATA 1MG TECHNOLOGIES PRIVATE LIMITED),nabl026838,2022,Medical,Renewal of Accreditation,Tanuja Rautela,tanuja.rautela@1mg.com,7838688259,"1ST & 2ND FLOOR, B-225, OKHLA INDUSTRIAL AREA",Delhi,New Delhi,380059,Accreditation Certificate Approved and Issued,"Clinical Biochemistry,Molecular Testing,Haematology,Clinical Pathology,Microbiology & Infectious disease serology",,MC-5424,29/11/2024,28/11/2028,,02/12/2024,Archive Applications,Oct 3 2026 7:30AM
62,M-4196,GATI DIAGNOSTIC PRIVATE LIMITED,nabl026848,2022,Medical,Renewal of Accreditation,Ramniwas Dhaka,gatidiagnostic@gmail.com,7073098999,"II FLOOR, AROGYA TOWER, SHRAMDAN MARG",Rajasthan,Sikar,332001,Accreditation Certificate Approved and Issued,"Haematology,Clinical Pathology",,MC-7159,06/02/2025,05/02/2029,,,Archive Applications,Oct 3 2026 7:30AM
63,M-4215,VIJAYA DIAGNOSTIC CENTRE LIMITED,nabl026866,2022,Medical,NABL 201,VIJAYASREE MATHE,vijayasree.mathe@vijayadiagnostic.in,9989701120,"H. NO. 3-407/40-3, SUBHASHNAGAR, HITECH COLONY",Telangana,Mancherial,504208,Accreditation Certificate Approved and Issued,"Clinical Biochemistry,Cytopathology,Haematology,Clinical Pathology,Microbiology & Infectious disease serology",,MC-5384,01/11/2024,31/10/2026,,07/08/2025,Archive Applications,Oct 3 2026 7:30AM
64,M-4343,LUPIN DIAGNOSTICS (LUPIN DIAGNOSTICS LIMITED),nabl026904,2022,Medical,Scope Extension,Md Qudrat Ansari,mdqansari@lupindiagnostics.com,9835618046,"GROUND FLOOR, SWASTIK BUILDING, NAZRUL ISLAM AVENUE, TEGHARIA, RAJARHAT, V.I.P ROAD",West Bengal,Kolkata,700157,Accreditation Certificate Approved and Issued,"Clinical Biochemistry,Cytopathology,Histopathology,Clinical Pathology,Microbiology & Infectious disease serology,Haematology & Immunohaematology",,MC-7421,10/06/2025,09/06/2029,,07/04/2026,Archive Applications,Oct 3 2026 7:30AM
65,M-4219,"CREDENCE DIAGNOSTIC CENTRE (CDC), A UNIT OF AKRIVEIA LABORATORIES PRIVATE LIMITED",nabl026998,2022,Medical,Renewal of Accreditation,Pabboji Saikiran Chary,lab@credencediagnostics.com,9985707163,"D4-7, INDUSTRIAL ESTATE, MOULA ALI, HYDERABAD, MEDCHAL-MALKAJGIRI",Telangana,Hyderabad,500040,Accreditation Certificate Approved and Issued,"Clinical Biochemistry,Molecular Testing,Cytogenetics,Haematology,Clinical Pathology,Microbiology & Infectious disease serology",,MC-7524,23/07/2025,22/07/2029,,,Archive Applications,Oct 3 2026 7:30AM
66,M-4494,WECARE PATH LAB,nabl027000,2022,Medical,Renewal of Accreditation,AMITOJ,quality.wecare@gmail.com,8544970700,"SCO 12, SECTOR 10- D",Chandigarh,Chandigarh,160011,Accreditation Certificate Approved and Issued,"Clinical Biochemistry,Haematology",,MC-5951,09/09/2025,01/09/2029,,15/09/2025,Archive Applications,Oct 3 2026 7:30AM
67,M-4244,VIJAYA DIAGNOSTIC CENTRE LIMITED,nabl027013,2022,Medical,NABL 201,Vijayasree Mathe,vijayasree.mathe@vijayadiagnostic.in,9989701120,"16-15-1103/1, PINAKINI AVENUE, WARD NO.: 16, CHILDREN'S PARK ROAD",Andhra Pradesh,Nellore,524003,Accreditation Certificate Approved and Issued,"Clinical Biochemistry,Clinical Pathology,Microbiology & Infectious disease serology,Haematology & Immunohaematology",,MC-5598,07/04/2025,06/04/2029,,17/05/2026,Archive Applications,Oct 3 2026 7:30AM
68,M-4210,NUCARE MULTISPECIALITY CLINIC AND DIAGNOSTIC CENTRE (AN UNIT OF KOLKATA HEALTHCARE INITIATIVE PVT. LTD.),nabl027017,2022,Medical,Renewal of Accreditation,BITAN KAR,nucare321@gmail.com,8910837740,"1/14, SODEPUR ROAD (WEST), MADHYAMGRAM",West Bengal,24 Parganas (n),700130,Accreditation Certificate Approved and Issued,"Clinical Biochemistry,Haematology,Clinical Pathology,Microbiology & Infectious disease serology",,MC-5469,22/01/2025,05/01/2029,,10/02/2025,Archive Applications,Oct 3 2026 7:30AM
69,M-4228,THYROCARE TECHNOLOGIES LIMITED,nabl027067,2022,Medical,Renewal of Accreditation,Pooja Sawant,pooja.sawant@thyrocare.com,9892718137,"SILVER ASPIRE BUILDING , MD SHAH ROAD, PALTAN BAZAR, KAMRUP METRO",Assam,Guwahati,781008,Accreditation Certificate Approved and Issued,"Clinical Biochemistry,Haematology,Clinical Pathology,Microbiology & Infectious disease serology",,MC-5425,01/12/2024,30/11/2028,,,Archive Applications,Oct 3 2026 7:30AM
70,M-4243,"ASR HOSPITALS (INDIA) PRIVATE LIMITED, (DEPARTMENT OF PATHOLOGY)",nabl027088,2022,Medical,Renewal of Accreditation,A CHAITANYA KUMAR,asrprojectcoordinator@gmail.com,9533740674,"BAKIN PERTIN GENERAL HOSPITAL, MEDOG COUNTY",Arunachal Pradesh,Pasighat,791102,Accreditation Certificate Approved and Issued,"Clinical Biochemistry,Haematology",,MC-7494,07/07/2025,06/07/2029,,,Archive Applications,Oct 3 2026 7:30AM
71,M-4223,VIVEKA SCANS & DIAGNOSTICS,nabl027097,2022,Medical,Renewal of Accreditation,NATARAJA B M,natraj.gowda333@gmail.com,9019333360,"NO. 1181,VIDYANAGAR,TUMKUR ROAD",Karnataka,Bengaluru,560057,Accreditation Certificate Approved and Issued,Clinical Biochemistry,,MC-7138,28/01/2025,27/01/2029,,,Archive Applications,Oct 3 2026 7:30AM
72,M-4353,BAPS PRAMUKH SWAMI HOSPITAL PATHOLOGY LABORATORY,nabl027146,2022,Medical,First Accreditation,Manish Vaghasiya,qualitysurat@bapshospital.org,9429149761,"SHRI PRAMUKH SWAMI MAHARAJ MARG, ADAJAN CHAR RASTA, ADAJAN",Gujarat,Surat,395009,Accreditation Certificate Approved and Issued,"Clinical Biochemistry,Haematology,Clinical Pathology",",--Select Group--",MC-5557,11/03/2025,10/03/2029,,27/03/2025,Archive Applications,Oct 3 2026 7:30AM
73,M-4216,BOMBAY HOSPITAL TRUST MOLECULAR BIOLOGY LABORATORY,nabl027208,2022,Medical,Renewal of Accreditation,Mayur Tamhane,tamhanemayur@gmail.com,8879252205,"5TH FLOOR, OLD BUILDING, GATE NO. 07, BOMBAY HOSPITAL AND MEDICAL RESEARCH CENTRE, 12, NEW MARINE LINES",Maharashtra,Mumbai,400020,Accreditation Certificate Approved and Issued,Molecular Testing,,MC-5362,14/10/2024,13/10/2028,,15/10/2024,Archive Applications,Oct 3 2026 7:30AM
74,M-4249,DIAGNOSTIC X-RAY & INVESTIGATION CENTRE (DEPARTMENT OF LABORATORY SERVICES),nabl027209,2022,Medical,Renewal of Accreditation,SOMNATH CHATTERJEE,diagnosticxray1@gmail.com,9123705665,"2, J.M.GHAT ROAD",West Bengal,Naihati,743165,Accreditation Certificate Approved and Issued,Clinical Biochemistry,,MC-7556,09/08/2025,08/08/2029,,,Archive Applications,Oct 3 2026 7:30AM
75,M-4233,DR. VIKHE PATIL MEMORIAL HOSPITAL UNIT OF DR. VITHALRAO VIKHE PATIL FOUNDATION,nabl027249,2022,Medical,Renewal of Accreditation,GOKUL PAGARE,nablvikhepatilhospital@gmail.com,9527747121,"VEDGAON GUPTA, VILAD GHAT, P.O.M.I.D.C.",Maharashtra,Ahmednagar,414111,Accreditation Certificate Approved and Issued,"Clinical Biochemistry,Haematology,Clinical Pathology,Microbiology & Infectious disease serology",,MC-5519,14/02/2025,13/02/2029,,22/02/2025,Archive Applications,Oct 3 2026 7:30AM
76,M-4351,CLINICAL LABORATORY SERVICES IQRAA HOSPITAL,nabl027256,2022,Medical,Renewal of Accreditation,ARYA RAVEENDRAN,aryapeeku@gmail.com,8086394404,"IQRAA HOSPITAL KOTTAKUNNU, SULTHAN BATHERY",Kerala,Wayanad,673592,Accreditation Certificate Approved and Issued,Haematology,,MC-5616,25/04/2025,24/04/2029,,26/04/2025,Archive Applications,Oct 3 2026 7:30AM
77,M-4455,VIJAYA DIAGNOSTIC CENTRE LIMITED,nabl027263,2022,Medical,Renewal of Accreditation,VIJAYASREE MATHE,vijayasree.mathe@vijayadiagnostic.in,9989701120,"H. NO. 2-137/10, PLOT NO. 42, SY NO. 313A, MADINAGUDA",Telangana,Ranga Reddy district,500050,Accreditation Certificate Approved and Issued,"Clinical Biochemistry,Cytopathology,Haematology,Clinical Pathology,Microbiology & Infectious disease serology",,MC-7476,30/06/2025,29/06/2029,,,Archive Applications,Oct 3 2026 7:30AM
78,M-4291,SHIVA DIAGNOSTICS,nabl027284,2022,Medical,Renewal of Accreditation,ARUL ARASU T,shivadiagnose@gmail.com,9500940833,"NEW.NO.26, MOHAMEDPETTAI STREET",Tamil Nadu,Cheyyar,604407,Accreditation Certificate Approved and Issued,Clinical Biochemistry,,MC-5571,22/03/2025,21/03/2029,,29/03/2025,Archive Applications,Oct 3 2026 7:30AM
79,M-4283,MALVIN LIFESCIENCES PRIVATE LIMITED,nabl027286,2022,Medical,Renewal of Accreditation,ARTI TRIPATHI,malvin.quality@gmail.com,9650635326,"2ND FLOOR, FLAT NO 8, PAL MOHAN BHAWAN, 66A/3 NEW ROHTAK ROAD",Delhi,New Delhi,110005,Accreditation Certificate Approved and Issued,"Clinical Biochemistry,Haematology,Clinical Pathology",,MC-5569,18/03/2025,17/03/2029,,21/03/2025,Archive Applications,Oct 3 2026 7:30AM
80,M-4278,DR. GOYAL'S PATH LAB AND IMAGING CENTRE,nabl027300,2022,Medical,Renewal of Accreditation,Ajay Kumar,drgoyalpiyush@gmail.com,8000795739,"B-51, GANESH NAGAR, NEW SANGANER ROAD",Rajasthan,Jaipur,302020,Accreditation Certificate Approved and Issued,"Clinical Biochemistry,Haematology,Clinical Pathology",,MC-5509,17/02/2025,08/02/2029,,25/02/2025,Archive Applications,Oct 3 2026 7:30AM
81,M-4289,SWAMY VIVEKANANDHA MEDICAL COLLEGE HOSPITAL AND RESEARCH INSTITUTE BSL 2 LAB,nabl027335,2022,Medical,Renewal of Accreditation,K K KAVITHA,kavithalalith86@gmail.com,9597964338,"UNJANAI, NAMAKKAL ROAD, TIRUCHENGODE",Tamil Nadu,Namakkal,637205,Accreditation Certificate Approved and Issued,Molecular Testing,,MC-7307,11/04/2025,10/04/2029,,,Archive Applications,Oct 3 2026 7:30AM
82,M-4314,RELAX DIAGNOSTICS (A UNIT OF SANDEEP-RAJ HEALTH SERVICES LLP),nabl027345,2022,Medical,Renewal of Accreditation,Sandeep Kumar,relaxdiagnostics@gmail.com,9560031087,"D-1, MAIN MARKET, KONDLI",Delhi,Delhi,110096,Accreditation Certificate Approved and Issued,"Clinical Biochemistry,Haematology,Clinical Pathology",,MC-5583,28/03/2025,27/03/2029,,,Archive Applications,Oct 3 2026 7:30AM
83,M-4323,SAMARPAN IMAGING SOLUTION AND DIAGNOSTIC LAB,nabl027366,2022,Medical,Renewal of Accreditation,SUNIL KUMAR JAISWAL,samarpanimagingsolutionsnabl@gmail.com,9575176151,"15-20, GROUND FLOOR, YASHWANT PLAZA",Madhya Pradesh,Indore,452001,Accreditation Certificate Approved and Issued,"Clinical Biochemistry,Clinical Pathology",,MC-6585,07/06/2026,06/06/2030,,,Archive Applications,Oct 3 2026 7:30AM
84,M-4338,KAMINENI DIAGNOSTIC LABORATORY SERVICES (A UNIT OF KAMINENI HEALTH SERVICES PVT. LTD.),nabl027373,2022,Medical,Renewal of Accreditation,Sukesh Kumar,lab.kk@kaminenihospitals.com,9885595089,"4-1-1227,KING KOTI ROAD",Telangana,Hyderabad,500001,Accreditation Certificate Approved and Issued,"Clinical Biochemistry,Haematology,Clinical Pathology,Microbiology & Infectious disease serology",,MC-7368,20/05/2025,19/05/2029,,,Archive Applications,Oct 3 2026 7:30AM
85,M-4404,"VIRAL HEPATITIS LABORATORY, NATIONAL CENTRE FOR DISEASE CONTROL",nabl027384,2022,Medical,Renewal of Accreditation,SANDHYA KABRA,sandhyakabra@gmail.com,9873066116,"22, SHAM NATH MARG",Delhi,Delhi,110054,Accreditation Certificate Approved and Issued,"Molecular Testing,Microbiology & Infectious disease serology",,MC-5482,19/02/2025,25/01/2029,,25/02/2025,Archive Applications,Oct 3 2026 7:30AM
86,M-4331,BIOGNOSYS TECHNOLOGIES (INDIA) PRIVATE LIMITED,nabl027415,2022,Medical,Renewal of Accreditation,vv ramchandra rao,ramachandravv@gmail.com,8885566355,"1ST & 2ND FLOORS, 8-148/174/11, NRI COLONY, PRAGATHI NAGAR",Telangana,Hyderabad,500090,Accreditation Certificate Approved and Issued,Molecular Diagnostics,,MC-6255,13/01/2026,12/01/2030,,03/02/2026,Gayathri S,Oct 3 2026 7:30AM
87,M-4518,"DEPARTMENT OF LABORATORY SERVICES, MANIPAL HOSPITALS PRIVATE LIMITED",nabl027433,2022,Medical,Renewal of Accreditation,RAJDEO TIWARI,rajdeo.t@manipalhospitals.com,9868420945,"NH-24, HAPUR ROAD",Uttar Pradesh,Ghaziabad,201002,Accreditation Certificate Approved and Issued,"Clinical Biochemistry,Cytopathology,Haematology,Histopathology,Clinical Pathology,Microbiology & Infectious disease serology",",--Select Group--",MC-6049,12/10/2025,11/10/2029,,15/10/2025,Archive Applications,Oct 3 2026 7:30AM
88,M-4276,INDEX CENTRAL CLINICAL LABORATORY,nabl027599,2022,Medical,Renewal of Accreditation,Sanjeev Narang,nabl.quality@indexgroup.in,7880108826,GRAM MORODHAT INDEX CITY,Madhya Pradesh,Indore,452016,Accreditation Certificate Approved and Issued,"Clinical Biochemistry,Molecular Testing,Haematology,Microbiology & Infectious disease serology",,MC-7859,31/12/2025,30/12/2029,,,Gayathri S,Oct 3 2026 7:30AM
89,M-4284,DR. CHANDRAMMA DAYANANDA SAGAR INSTITUTE OF MEDICAL EDUCATION AND RESEARCH CENTRAL LABORATORY,nabl027611,2022,Medical,NABL 201,VIJAYA V MYSOREKAR,LDCL.cdsimer@dsu.edu.in,9980873477,3RD FLOOR F (HOSPITAL BLOCK) DEVARAKAGGALAHALLI KANAKAPURA ROAD,Karnataka,Ramanagara,562112,Accreditation Certificate Approved and Issued,"Clinical Biochemistry,Cytopathology,Molecular Testing,Histopathology,Clinical Pathology,Microbiology & Infectious disease serology,Haematology & Immunohaematology",,MC-5478,18/01/2025,17/01/2029,,23/01/2026,Archive Applications,Oct 3 2026 7:30AM
90,M-4269,PROTIME LABS A UNIT OF PROTIME HEALTH LLP,nabl027648,2022,Medical,Renewal of Accreditation,POONAM SOLANKI,Drpoonam@protimelabs.com,8826876010,"DDA PLOT NUMBER 454, SECTOR 19 DWARKA",Delhi,New Delhi,110075,Accreditation Certificate Approved and Issued,"Clinical Biochemistry,Haematology,Clinical Pathology",,MC-7173,11/02/2025,10/02/2029,,,Archive Applications,Oct 3 2026 7:30AM
91,M-4428,"MEDICAL LABORATORY, SHRI RAM SUPER SPECIALITY SURGICAL CENTRE PRIVATE LIMITED",nabl027669,2022,Medical,Renewal of Accreditation,Ruchi,hr.shriramhospital@gmail.com,8209725639,"1A, MAHAMANDIR RAILWAY STATION, MANDORE ROAD",Rajasthan,Jodhpur,342001,Accreditation Certificate Approved and Issued,"Clinical Biochemistry,Haematology",,MC-5952,24/11/2025,01/09/2029,,01/12/2025,Archive Applications,Oct 3 2026 7:30AM
92,M-4330,THE BLESS DIAGNOSTICS (DEPARTMENT OF LABORATORY SERVICES),nabl027687,2022,Medical,Renewal of Accreditation,R K Banashree Devi,theblessdiagnostics@gmail.com,9863658569,"KHURAI AHONGEI LEIRAK, 2ND FLOOR",Manipur,Imphal,795005,Accreditation Certificate Approved and Issued,"Clinical Biochemistry,Haematology & Immunohaematology",,MC-6361,06/03/2026,05/03/2030,,,Gayathri S,Oct 3 2026 7:30AM
93,M-4452,SAHID KHUDIRAM BOSE HOSPITAL (DEPARTMENT OF LABORATORY SERVICES),nabl027709,2022,Medical,Renewal of Accreditation,Moumita Roy,khudiramhospital@gmail.com,9836710927,"12. B.T ROAD RATHTALA, BELGHARIA",West Bengal,Kolkata,700056,Accreditation Certificate Approved and Issued,"Clinical Biochemistry,Haematology & Immunohaematology",,MC-6204,19/12/2025,18/12/2029,,03/01/2026,Gayathri S,Oct 3 2026 7:30AM
94,M-4724,APOLLO HEALTH AND LIFESTYLE LIMITED-NARASARAOPETA DIAGNOSTICS LABORATORY,nabl027806,2022,Medical,Renewal of Accreditation,Narendra Vadlamudi,narendra.v@apollohl.com,9000148346,"MAHATMA GANDHI SUPER SPECIALTY HOSPITALS, DOOR. NO: 15-8-12, PANASATHOTA, CHILAKALURIPET ROAD, NARASARAOPETA VILLAGE",Andhra Pradesh,Narasaraopet,522601,Accreditation Certificate Approved and Issued,"Clinical Biochemistry,Clinical Pathology,Haematology & Immunohaematology",,MC-8000,17/03/2026,16/03/2030,,,Shweta Sinha,Oct 3 2026 7:30AM
95,M-4309,"CENTRAL LABORATORY, DR. PATNAM MAHENDER REDDY INSTITUTE OF MEDICAL SCIENCES AND GENERAL HOSPITAL (A UNIT OF RINISH EDUCATIONAL SOCIETY)",nabl027840,2022,Medical,Renewal of Accreditation,Azeemul Hasan,pmrrtpcr@gmail.com,6304297389,CHEVELLA,Telangana,Ranga Reddy district,501503,Accreditation Certificate Approved and Issued,Molecular Testing,,MC-7251,20/03/2025,19/03/2029,,,Archive Applications,Oct 3 2026 7:30AM
96,M-4567,WELLNESS DIAGNOSTICS PRIVATE LIMITED,nabl027874,2022,Medical,Renewal of Accreditation,ARUN KUMAR,arundel1988@gmail.com,9871801635,"KHASRA NO. 1109, BAGGA LINK ROAD, GALI NO.18, RITHALA",Delhi,New Delhi,110085,Accreditation Certificate Approved and Issued,"Clinical Biochemistry,Molecular Testing,Haematology,Clinical Pathology,Microbiology & Infectious disease serology",,MC-7695,16/10/2025,15/10/2029,,,Archive Applications,Oct 3 2026 7:30AM
97,M-4301,LIFECURE LABS PRIVATE LIMITED,nabl027884,2022,Medical,Renewal of Accreditation,NEERAJ TANEJA,drneerajt@gmail.com,9888126780,SCO 58 SECTOR 6 PANCHKULA,Haryana,Panchkula,134109,Accreditation Certificate Approved and Issued,"Clinical Biochemistry,Haematology,Clinical Pathology,Microbiology & Infectious disease serology",,MC-5490,29/01/2025,28/01/2029,,,Archive Applications,Oct 3 2026 7:30AM
98,M-4294,LONG LIFE SPECIALITY CLINIC (A UNIT OF PASCHIM BANGA RAJYA PRATIBANDHI SAMMILANI) (DEPARTMENT OF LABORATORY SERVICES),nabl027888,2022,Medical,Renewal of Accreditation,SOMA CHOUDHURY,longlifespecialitylab@gmail.com,9563949635,"147, BARA KHOLA ROAD",West Bengal,Kolkata,700099,Accreditation Certificate Approved and Issued,"Clinical Biochemistry,Molecular Testing,Haematology,Microbiology & Infectious disease serology",,MC-7493,07/07/2025,06/07/2029,,,Archive Applications,Oct 3 2026 7:30AM
99,M-4302,ATULAYA HEALTHCARE PVT. LTD.,nabl027906,2022,Medical,Renewal of Accreditation,Amandeep Singh,Amandeep.Singh@atulaya.com,9878026546,"HOUSE NO. 11, SECTOR 11-A",Chandigarh,Chandigarh,160011,Accreditation Certificate Approved and Issued,"Clinical Biochemistry,Haematology",",--Select Group--",MC-5575,22/03/2025,21/03/2029,,10/04/2025,Archive Applications,Oct 3 2026 7:30AM
100,M-4472,MANGLAM DIAGNOSTICS (A UNIT OF MANGLAM IMAGING PRIVATE LIMITED),nabl027917,2022,Medical,NABL 201,ANUPAM NAGPAL,quality.manager@manglamdiagnostics.com,8708340228,"JINDAL HOSPITAL ROAD, MODEL TOWN",Haryana,Hisar,125005,Accreditation Certificate Approved and Issued,"Clinical Biochemistry,Clinical Pathology,Microbiology & Infectious disease serology,Haematology & Immunohaematology",,MC-5883,09/08/2025,08/08/2029,,26/02/2026,Archive Applications,Oct 3 2026 7:30AM
1,M-4354,DR LAL PATHLABS LIMITED,nabl027919,2022,Medical,NABL 201,Satish K Saini,satish.saini@lalpathlabs.com,9996783510,"JINDAL INSTITUTE OF MEDICAL SCIENCES, MODEL TOWN",Haryana,Hisar,125005,Accreditation Certificate Approved and Issued,"Clinical Biochemistry,Clinical Pathology,Microbiology & Infectious disease serology,Haematology & Immunohaematology",,MC-5603,12/04/2025,11/04/2029,,13/05/2026,Gayathri S,Oct 3 2026 7:30AM
2,M-4312,KRSNAA DIAGNOSTICS LIMITED,nabl027920,2022,Medical,Renewal of Accreditation,Vinod Lonkar,quality.pune@krsnaa.in,9822945055,"CIVIL HOSPITAL, JYOTI CHOWK",Punjab,Jalandhar,144001,Accreditation Certificate Approved and Issued,"Clinical Biochemistry,Haematology,Clinical Pathology,Microbiology & Infectious disease serology",,MC-5672,18/05/2025,17/05/2029,,,Archive Applications,Oct 3 2026 7:30AM
3,M-4389,STANDARD PATHOLOGY,nabl027930,2022,Medical,Scope Extension,SAKSHI MISHRA,standardpathology@gmail.com,8171494978,"LG - 01, SHANTI MADHUVAN PLAZA",Uttar Pradesh,Agra,282002,Accreditation Certificate Approved and Issued,"Clinical Biochemistry,Clinical Pathology,Haematology & Immunohaematology",,MC-5622,27/04/2025,26/04/2029,,07/05/2026,Archive Applications,Oct 3 2026 7:30AM
4,M-4326,A K DIGITAL X-RAY & DIAGNOSTIC CENTER,nabl027935,2022,Medical,Renewal of Accreditation,Anil Ku Jangir,quality.akdiag@gmail.com,9414635618,Nagar Palika Road,Rajasthan,Churu,331001,Accreditation Certificate Approved and Issued,"Clinical Biochemistry,Haematology,Clinical Pathology",",--Select Group--",MC-7506,12/07/2025,11/07/2029,,,Archive Applications,Oct 3 2026 7:30AM
5,M-4360,MAHARISHI RAMAN DIAGNOSTIC CENTER,nabl027967,2022,Medical,Renewal of Accreditation,Ruchi Pandey,mrdcnabl@gmail.com,8209725639,"B-5, SHIV MARG, SHIV CIRCLE, BANIPARK",Rajasthan,Jaipur,302016,Accreditation Certificate Approved and Issued,"Clinical Biochemistry,Clinical Pathology,Haematology & Immunohaematology",,MC-6409,21/03/2026,20/03/2030,,23/03/2026,Archive Applications,Oct 3 2026 7:30AM
6,M-4311,DIAGNOSTIC CENTRE - SHANTHI SOCIAL SERVICES,nabl027973,2022,Medical,Scope Extension,B SOPHIYA,hod.lab@shanthisocialservices.org,9095190713,"SHANTHI SOCIAL SERVICES, S.F. NO.128/2,(2249), TRICHY ROAD, SINGANALLUR",Tamil Nadu,Coimbatore,641005,Accreditation Certificate Approved and Issued,"Clinical Biochemistry,Clinical Pathology,Haematology & Immunohaematology",",--Select Group--",MC-5559,15/03/2025,14/03/2029,,06/04/2026,Gayathri S,Oct 3 2026 7:30AM
7,M-4478,STAR PRIME DIAGNOSTICS AND INTERVENTIONAL RADIOLOGY CENTER PRIVATE LIMITED,nabl027974,2022,Medical,Renewal of Accreditation,S MARY LAVANYA,quality.starprimedx@gmail.com,9985293680,"D NO 16-1-13, CENTRAL PHARMACY BUILDING, 3RD FLOOR, MAHARANIPETA",Andhra Pradesh,Visakhapatnam,530002,Accreditation Certificate Approved and Issued,Clinical Biochemistry,",--Select Group--",MC-7840,24/12/2025,23/12/2029,,,Gayathri S,Oct 3 2026 7:30AM
8,M-4746,FIFTY ONE PLUS LAB (OPC) PRIVATE LIMITED,nabl027987,2022,Medical,Renewal of Accreditation,ABDUR RAHMANN,140044@gmail.com,9873877466,"PLOT NUMBER-H-56, SECTOR-51",Uttar Pradesh,Noida,201301,Accreditation Certificate Approved and Issued,"Clinical Biochemistry,Haematology,Clinical Pathology",,MC-6214,26/12/2025,25/12/2029,,30/12/2025,Archive Applications,Oct 3 2026 7:30AM
9,M-4316,THYROCARE TECHNOLOGIES LIMITED,nabl027999,2022,Medical,Renewal of Accreditation,Abhijit Das,das.abhijit@thyrocare.com,8617789411,"3RD FLOOR, TIARA SHOPPING MALL, KHAMARDIH SHANKAR NAGAR, VIP ESTATE",Chhattisgarh,Raipur,492007,Accreditation Certificate Approved and Issued,"Clinical Biochemistry,Haematology,Clinical Pathology,Microbiology & Infectious disease serology",",--Select Group--",MC-5533,24/02/2025,23/02/2029,,,Archive Applications,Oct 3 2026 7:30AM
10,M-4308,HYGEA-MED LABORATORIES,nabl028029,2022,Medical,Renewal of Accreditation,SIMI K BAISIL,hygealab@gmail.com,9961500626,"36/6632/3, SREELAKSHMI BUILDING, SHORNUR ROAD",Kerala,Thrissur,680022,Accreditation Certificate Approved and Issued,"Clinical Biochemistry,Haematology,Clinical Pathology",",--Select Group--",MC-5558,19/03/2025,14/03/2029,,30/03/2025,Archive Applications,Oct 3 2026 7:30AM
11,M-4307,"DEPARTMENT OF LABORATORY MEDICINE, SREE GOKULAM MEDICAL COLLEGE AND RESEARCH FOUNDATION (A UNIT OF FOUNDATION OF NON- RESIDENT INDIANS)",nabl028044,2022,Medical,Renewal of Accreditation,KIRAN SUBHASH,microbiologysgmc@gmail.com,8547254092,"AALAMTHARA - BHOOTHAMADAKKI RD, VENJARAMMOODU",Kerala,Nedumangad,695607,Accreditation Certificate Approved and Issued,"Molecular Testing,Microbiology & Infectious disease serology",,MC-5585,16/04/2025,27/03/2029,,17/04/2025,Archive Applications,Oct 3 2026 7:30AM
12,M-4412,DR. JIVRAJ MEHTA SMARAK HEALTH FOUNDATION LABORATORY,nabl028077,2022,Medical,Renewal of Accreditation,HARDIK K SHAH,administrator@jivrajhealthcare.org,9998377799,"JIVRAJ MEHTA HOSPITAL, AYOGANNAGAR, JIVRAJPARK",Gujarat,Ahmedabad,380007,Accreditation Certificate Approved and Issued,"Clinical Biochemistry,Haematology,Clinical Pathology,Microbiology & Infectious disease serology",,MC-5705,01/06/2025,31/05/2029,,21/06/2025,Archive Applications,Oct 3 2026 7:30AM
13,M-4334,PAL MEDICAL AND DIAGNOSTIC CENTER (DEPARTMENT OF LABORATORY SERVICES),nabl028095,2022,Medical,Renewal of Accreditation,SAKTI PADA PAL,palmedicalp@gmail.com,9474599253,BRAJANATHCHAKHALDIAPORT,West Bengal,Haldia,721607,Accreditation Certificate Approved and Issued,"Clinical Biochemistry,Haematology,Clinical Pathology,Microbiology & Infectious disease serology",,MC-5550,05/03/2025,04/03/2029,,,Archive Applications,Oct 3 2026 7:30AM
14,M-4547,"DEPARTMENT OF LABORATORY MEDICINE, NOBLE HOSPITALS PVT. LTD.,",nabl028100,2022,Medical,Renewal of Accreditation,AMOL HARSHE,lab@noblehrc.com,8805916224,"153, MAGARPATTA CITY ROAD",Maharashtra,Pune,411013,Accreditation Certificate Approved and Issued,"Clinical Biochemistry,Cytopathology,Haematology,Histopathology,Clinical Pathology,Microbiology & Infectious disease serology",,MC-5919,24/08/2025,23/08/2029,,03/09/2025,Archive Applications,Oct 3 2026 7:30AM
15,M-4328,THYROCARE TECHNOLOGIES LIMITED,nabl028131,2022,Medical,Onsite Surveillance,Niraj Kumar,niraj.k@thyrocare.com,7209964314,"PLOT NO. 760, M.J PLAJA, PURI CUTTUK ROAD, MAHAVEER NAGAR, JHARAPADA",Odisha,Bhubaneswar,751006,Accreditation Certificate Approved and Issued,"Clinical Biochemistry,Haematology,Clinical Pathology,Microbiology & Infectious disease serology",",--Select Group--",MC-5500,09/02/2025,08/02/2029,,27/02/2025,Archive Applications,Oct 3 2026 7:30AM
16,M-4409,THE MISSION NEIGHBOURHOOD - ADVANCED DIAGNOSTICS AND PATIENT CARE (A UNIT OF DURGAPUR MEDICAL CENTRE PRIVATE LIMITED),nabl028158,2022,Medical,Renewal of Accreditation,PRIYANATH MUKHOPADHYAY,priyanath.mukherjee@themissionhospital.in,9800881721,"5/5, G.T. ROAD WEST",West Bengal,Asansol,713304,Accreditation Certificate Approved and Issued,"Clinical Biochemistry,Haematology & Immunohaematology",,MC-7936,06/02/2026,05/02/2030,,,Gayathri S,Oct 3 2026 7:30AM
17,M-4324,TECHNOCRAT INFOTECH PRIVATE LIMITED,nabl028191,2022,Medical,Renewal of Accreditation,Sabir Hossain,sabirhossain@ymail.com,9123651088,"8, BIPLABI JYOTISH JOARDAR SARANI",West Bengal,Kolkata,700017,Accreditation Certificate Approved and Issued,"Clinical Biochemistry,Haematology,Clinical Pathology",,MC-7659,03/10/2025,02/10/2029,,,Archive Applications,Oct 3 2026 7:30AM
18,M-4598,PATHKIND DIAGNOSTICS PRIVATE LIMITED,nabl028319,2022,Medical,Renewal of Accreditation,Shashi Yashi,shashi.yashi@pathkindlabs.com,8409226131,"G-4, GROUND FLOOR, MANGAL TOWER, OLD H.B. ROAD",Jharkhand,Ranchi,834001,Accreditation Certificate Approved and Issued,"Clinical Biochemistry,Haematology,Clinical Pathology,Microbiology & Infectious disease serology",",--Select Group--",MC-6150,28/11/2025,27/11/2029,,,Archive Applications,Oct 3 2026 7:30AM
19,M-4379,"HIV TESTING LABORATORY, DEPARTMENT OF MICROBIOLOGY, RANGARAYA MEDICAL COLLEGE",nabl028325,2022,Medical,Renewal of Accreditation,S SUNEELA RAJA KUMARI,rmcsrlkakinada@gmail.com,8179734389,"2ND FLOOR, GOVERNMENT GENERAL HOSPITAL CAMPUS, PITHAPURAM ROAD, KAKINADA",Andhra Pradesh,East Godavari Dist.,533001,Accreditation Certificate Approved and Issued,"Flow Cytometry,Microbiology & Infectious disease serology",,MC-7732,05/11/2025,04/11/2029,,,Archive Applications,Oct 3 2026 7:30AM
20,M-4333,AARTHI SCANS PRIVATE LIMITED,nabl028347,2022,Medical,Renewal of Accreditation,Koteswara Reddy,aarthiscansandlabs.nabl@gmail.com,7603999984,"156, 9TH MAIN RD, JAYA NAGAR 3RD BLOCK",Karnataka,Bengaluru,560011,Accreditation Certificate Approved and Issued,"Clinical Biochemistry,Haematology,Clinical Pathology",,MC-5593,31/03/2025,30/03/2029,,,Archive Applications,Oct 3 2026 7:30AM
21,M-4520,SAIDEEP HEALTHCARE AND RESEARCH PRIVATE LIMITED,nabl028365,2022,Medical,Onsite Surveillance,SAHIL NISAR SHAIKH,saideeplab1@gmail.com,8888843323,"VIRAJ ESTATE, TARAKPUR ROAD",Maharashtra,Ahmednagar,414003,Accreditation Certificate Approved and Issued,"Clinical Biochemistry,Clinical Pathology,Microbiology & Infectious disease serology,Haematology & Immunohaematology",,MC-5735,21/06/2025,20/06/2029,,30/06/2026,Gayathri S,Oct 3 2026 7:30AM
22,M-4358,THYROCARE TECHNOLOGIES LIMITED,nabl028375,2022,Medical,Renewal of Accreditation,Abhijit Das,das.abhijit@thyrocare.com,8617789411,"SHRI AMAR PLAZA, CP-67, VIRAJ KHAND, GOMTI NAGAR",Uttar Pradesh,Lucknow,226010,Accreditation Certificate Approved and Issued,"Clinical Biochemistry,Haematology,Clinical Pathology,Microbiology & Infectious disease serology",,MC-5609,18/04/2025,17/04/2029,,,Archive Applications,Oct 3 2026 7:30AM
23,M-4403,MYMD HEALTHCARE PRIVATE LIMITED (DEPARTMENT OF LABORATORY SERVICES),nabl028394,2022,Medical,Onsite Surveillance,Tausia Nasreen,tausia.nasreen@mymdindia.com,9410087088,"DN-18, DN BLOCK,SALTEE TECHPARK,5TH FLOOR,COLLEGE MORE,SALTLAKE CITY, SECTOR-V",West Bengal,Kolkata,700091,Accreditation Certificate Approved and Issued,"Clinical Biochemistry,Haematology,Clinical Pathology",,MC-5565,17/03/2025,16/03/2029,,15/05/2025,Archive Applications,Oct 3 2026 7:30AM
24,M-4574,ACCORD SUPERSPECIALITY HOSPITAL (A UNIT OF SCL HEALTHCARE PVT. LTD.),nabl028399,2022,Medical,Renewal of Accreditation,SAKSHI,sakshi.choudhry@accordhospitals.co.in,9999713248,"BUDENA VILLAGE, SECTOR-86, GREATER FARIDABAD",Haryana,Faridabad,121002,Accreditation Certificate Approved and Issued,"Clinical Biochemistry,Cytopathology,Molecular Testing,Haematology,Histopathology,Clinical Pathology,Microbiology & Infectious disease serology",",--Select Group--",MC-6054,12/10/2025,11/10/2029,,24/10/2025,Archive Applications,Oct 3 2026 7:30AM
25,M-4367,"PATHOLOGY, QUALILIFE DIAGNOSTICS",nabl028415,2022,Medical,Renewal of Accreditation,NEHA SHAH,pinnaclequalilife@gmail.com,7504444029,"209, 2nd Floor, Blue Nile Building, Lbs Road, Thane West",Maharashtra,Thane,400602,Accreditation Certificate Approved and Issued,"Clinical Biochemistry,Haematology,Clinical Pathology,Microbiology & Infectious disease serology",,MC-7815,09/12/2025,08/12/2029,,,Gayathri S,Oct 3 2026 7:30AM
26,M-4366,"DEPARTMENT OF LABORATORY SERVICES, ILS HOSPITALS (A UNIT OF GPT HEALTHCARE LTD)",nabl028490,2022,Medical,Renewal of Accreditation,CHAPAL DEBNATH,debnathchapal@gmail.com,8447530645,"ILS HOSPITAL, CAPITAL COMPLEX EXTENSION, P.O. NEW SECRETARIAT",Tripura,Agartala,799010,Accreditation Certificate Approved and Issued,"Clinical Biochemistry,Haematology",,MC-7787,27/11/2025,26/11/2029,,,Archive Applications,Oct 3 2026 7:30AM
27,M-5168,"CLINICAL LABORATORY, TORRENT PHARMACEUTICALS Limited",nabl028518,2022,Medical,Onsite Surveillance,Dipmala Patel,DipmalaPatel@torrentpharma.com,9925026611,"TORRENT RESEARCH CENTER (UNIT OF TPL), AHMEDBAD-GANDHINAGAR HIGHWAY, BHAT",Gujarat,Ahmedabad,382428,Accreditation Certificate Approved and Issued,"Clinical Biochemistry,Haematology,Clinical Pathology,Microbiology & Infectious disease serology",,MC-6998,27/05/2025,28/11/2028,,29/12/2025,Archive Applications,Oct 3 2026 7:30AM
28,M-4467,SANJAY PATHOLOGY CENTER,nabl028520,2022,Medical,NABL 201,SANJAY SINGH TOMAR,sanjay10tomar@gmail.com,9554281248,"PITARIA MKT. STATION ROAD, LAKHIMPUR KHERI",Uttar Pradesh,Lakhimpur,262701,Accreditation Certificate Approved and Issued,Clinical Biochemistry,,MC-7120,03/09/2025,20/01/2029,,,Archive Applications,Oct 3 2026 7:30AM
29,M-4346,LIVE LABS,nabl028557,2022,Medical,Renewal of Accreditation,SREEJITH K,sreeju13@gmail.com,9449834126,"CC71/1006, NAJM COMPLEX, GROUND FLOOR, THANIKKAL KEERTHI NAGAR ROAD, ELAMAKKARA",Kerala,Ernakulam,682026,Accreditation Certificate Approved and Issued,Clinical Biochemistry,--Select Group--,MC-5572,22/03/2025,21/03/2029,,12/04/2025,Archive Applications,Oct 3 2026 7:30AM
30,M-4602,HEALTHIANS LABS (A UNIT OF EXPEDIENT HEALTHCARE MARKETING PRIVATE LIMITED),nabl028582,2022,Medical,Renewal of Accreditation,Savreet Pal Singh,qa.ludhiana@healthians.com,9289455924,"SCO 6 & 7, 2ND & 3RD FLOOR, CEMETERY ROAD,FOUNTAIN CHOWK",Punjab,Ludhiana,141001,Accreditation Certificate Approved and Issued,"Clinical Biochemistry,Haematology,Clinical Pathology,Microbiology & Infectious disease serology",,MC-5886,27/08/2025,10/08/2029,,03/09/2025,Archive Applications,Oct 3 2026 7:30AM
31,M-4393,"DEPARTMENT OF LABORATORY MEDICINE, RAINBOW CHILDRENS MEDICARE LIMITED",nabl028630,2022,Medical,Renewal of Accreditation,VIJENDRA KAWLE,drvijendra@rainbowhospitals.in,9849322113,"8-2-120/103/1, SURVEY NO.403, ROAD NO - 2, BANJARA HILLS",Telangana,Hyderabad,500034,Accreditation Certificate Approved and Issued,"Clinical Biochemistry,Molecular Testing,Cytogenetics,Haematology,Clinical Pathology,Microbiology & Infectious disease serology",,MC-7373,23/05/2025,22/05/2029,,,Archive Applications,Oct 3 2026 7:30AM
32,M-4376,TATA 1MG LABS (TATA 1MG TECHNOLOGIES PRIVATE LIMITED),nabl028643,2022,Medical,Renewal of Accreditation,Tanuja Rautela,tanuja.rautela@1mg.com,7838688259,"CP-26,VIRAJ KHAND, GOMTI NAGAR",Uttar Pradesh,Lucknow,226010,Accreditation Certificate Approved and Issued,"Clinical Biochemistry,Haematology,Clinical Pathology,Microbiology & Infectious disease serology",,MC-5581,24/03/2025,23/03/2029,,,Archive Applications,Oct 3 2026 7:30AM
33,M-4387,KRSNAA DIAGNOSTICS LIMITED,nabl028662,2022,Medical,Renewal of Accreditation,VINOD LONKAR,quality.pune@krsnaa.in,9822945055,"CIVIL HOSPITAL, MANSA ROAD",Punjab,Bathinda,151001,Accreditation Certificate Approved and Issued,"Clinical Biochemistry,Haematology,Clinical Pathology,Microbiology & Infectious disease serology",,MC-5624,26/04/2025,25/04/2029,,30/04/2025,Archive Applications,Oct 3 2026 7:30AM
34,M-4356,CINDRELLA SCANS & DIAGNOSTICS CENTRE (A UNIT OF ADHAVAN DIABETES FOUNDATION INDIA PVT LTD),nabl028667,2022,Medical,Renewal of Accreditation,SAKTHIVEL,biosakthi_2008@yahoo.com,9994386242,"NO:29 A, VALLAL PACHAIYAPPAN STREET",Tamil Nadu,Kanchipuram,631501,Accreditation Certificate Approved and Issued,"Clinical Biochemistry,Haematology",,MC-7816,09/12/2025,08/12/2029,,,Archive Applications,Oct 3 2026 7:30AM
35,M-4449,DIPTO DIAGNOSTIC PRIVATE LIMITED,nabl028706,2022,Medical,Renewal of Accreditation,SANDIP GANGOPADHYAY,sandip@diptodiagnostic.com,9920950944,"SWAPO NEER, 2/28, MALL ROAD",West Bengal,Kolkata,700080,Accreditation Certificate Approved and Issued,Molecular Testing,,MC-7529,29/07/2025,28/07/2029,,,Archive Applications,Oct 3 2026 7:30AM
36,M-4462,MEDILAB DIAGNOSTIC CENTRE,nabl028742,2022,Medical,Renewal of Accreditation,ARTI PRAJAPATI,medilab.turbhe2022@gmail.com,9137422859,"UNIT NO. 1405 AND 1406, ARIHANT AURA, 14TH FLOOR, B WING, PLOT NO. 13/TTC MIDC TURBHE",Maharashtra,Navi Mumbai,400703,Accreditation Certificate Approved and Issued,"Clinical Biochemistry,Haematology,Clinical Pathology,Microbiology & Infectious disease serology",,MC-5666,12/05/2025,11/05/2029,,15/05/2025,Archive Applications,Oct 3 2026 7:30AM
37,M-4708,CURE WELL LABORATORY,nabl028793,2022,Medical,NABL 201,RAJESH KUMAR DALAI,curewelllaboratory@gmail.com,9777770177,"PLOT NO-165, UNIT-6, LABANYALAYA, GANGANAGAR",Odisha,Bhubaneswar,751001,Accreditation Certificate Approved and Issued,"Clinical Biochemistry,Haematology,Clinical Pathology",,MC-6910,11/06/2025,13/10/2028,,,Archive Applications,Oct 3 2026 7:30AM
38,M-4421,PROMED HOSPITAL,nabl028829,2022,Medical,Onsite Surveillance,Gayathri,lab@promedhospital.com,9710653978,"1/10A, EAST COST ROAD, KOTTIVAKKAM",Tamil Nadu,Chennai,600041,Accreditation Certificate Approved and Issued,"Clinical Biochemistry,Clinical Pathology,Haematology & Immunohaematology",",--Select Group--",MC-7510,16/07/2025,15/07/2029,,20/07/2026,Gayathri S,Oct 3 2026 7:30AM
39,M-4386,"CENTER FOR MOLECULAR BIOLOGY, AYAAN INSTITUTE OF MEDICAL SCIENCES TEACHING HOSPITAL AND RESEARCH CENTER (A UNIT OF AYAAN EDUCATIONAL SOCIETY)",nabl028872,2022,Medical,Renewal of Accreditation,Naveed,deepikahandadr@gmail.com,9849605553,KANAKAMAMIDI (V) MOINABAD (M),Telangana,Ranga Reddy district,501504,Accreditation Certificate Approved and Issued,Molecular Testing,,MC-5656,09/05/2025,08/05/2029,,10/05/2025,Archive Applications,Oct 3 2026 7:30AM
40,M-4612,DECODE UR DISEASE DIAGNOSTIC CONSULTATION SERVICES,nabl028876,2022,Medical,First Accreditation,NEERAJ PRAKASH,drneerajprakash@gmail.com,9560866255,"HOUSE NO- 333, SECTOR 21",Haryana,Gurgaon,122016,Accreditation Certificate Approved and Issued,Histopathology,--Select Group--,MC-7188,21/02/2025,20/02/2029,,,Archive Applications,Oct 3 2026 7:30AM
41,M-4370,GANESH DIAGNOSTIC AND IMAGING CENTRE PVT. LTD.,nabl028899,2022,Medical,Renewal of Accreditation,RAVIN SHARMA,director@ganeshdiagnostic.com,9212125996,"CS/OCF -7, SECTOR 8, ROHINI",Delhi,New Delhi,110085,Accreditation Certificate Approved and Issued,Molecular Testing,,MC-5542,05/03/2025,04/03/2029,,,Archive Applications,Oct 3 2026 7:30AM
42,M-4659,DR KHETARPAL PATHOLOGY LAB LLP,nabl028904,2022,Medical,Renewal of Accreditation,ANSHUL KHETARPAL,anshul.khetarpal@rediffmail.com,9896767694,"105, BASEMENT, CROWN PLAZA MALL, OLD BUS STAND",Haryana,Bhiwani,127021,Accreditation Certificate Approved and Issued,"Clinical Biochemistry,Clinical Pathology,Microbiology & Infectious disease serology,Haematology & Immunohaematology",,MC-6287,30/01/2026,29/01/2030,,,Shweta Sinha,Oct 3 2026 7:30AM
43,M-4388,RM CLINICAL LABORATORIES Private limited,nabl028928,2022,Medical,Onsite Surveillance,UDIT ROY,rmlab64@gmail.com,9874615421,23/37 GARIAHAT ROAD,West Bengal,Kolkata,700029,Accreditation Certificate Approved and Issued,Clinical Biochemistry,,MC-5737,21/06/2025,20/06/2029,,12/11/2025,Archive Applications,Oct 3 2026 7:30AM
44,M-4425,KIMS ALSHIFA HOSPITAL LABORATORY,nabl028943,2022,Medical,NABL 201,JITHESH,lab@kimsalshifa.com,8129551605,OOTY ROAD,Kerala,Perinthalmanna,679322,Accreditation Certificate Approved and Issued,"Clinical Biochemistry,Molecular Testing,Microbiology & Infectious disease serology,Haematology & Immunohaematology",",--Select Group--",MC-5566,17/03/2025,16/03/2029,,09/02/2026,Archive Applications,Oct 3 2026 7:30AM
45,M-4392,SAGEPATH LABS PRIVATE LIMITED,nabl028990,2022,Medical,Renewal of Accreditation,JOLAM SHASHI PRITHAM,qa@sagepathlabs.com,9652998977,"H.NO-105, 1ST FLOOR, MOTIA TALAB ROAD",Madhya Pradesh,Bhopal,462001,Accreditation Certificate Approved and Issued,"Clinical Biochemistry,Haematology,Clinical Pathology,Microbiology & Infectious disease serology",,MC-5607,12/04/2025,11/04/2029,,,Archive Applications,Oct 3 2026 7:30AM
46,M-4634,CENTRAL DELHI DIAGNOSTICS,nabl029001,2022,Medical,Renewal of Accreditation,IRFAN,michowdhary79@gmail.com,8750721149,"1620 FF 1616-1623, MAIN BAZAR, LAL KUAN",Delhi,Delhi,110006,Accreditation Certificate Approved and Issued,"Clinical Biochemistry,Haematology,Clinical Pathology",,MC-5944,08/09/2025,29/08/2029,,16/09/2025,Archive Applications,Oct 3 2026 7:30AM
47,M-4498,THE LAB EXPERTS (A UNIT OF PROGRESSIVE PROFESSIONAL LABORATORIES PRIVATE LIMITED),nabl029029,2022,Medical,Onsite Surveillance,ANUPAMA KANNAN,dranupama.kannan@gmail.com,9820420982,"OFFICE NO. L0039, PLOT NO. 3, AKSHAR BUSINESS PARK, VASHI KOPARKHAIRANE ROAD, SECTOR 25, VASHI",Maharashtra,Navi Mumbai,400703,Accreditation Certificate Approved and Issued,"Clinical Biochemistry,Clinical Pathology,Microbiology & Infectious disease serology,Haematology & Immunohaematology",,MC-5676,19/05/2025,18/05/2029,,29/05/2026,Gayathri S,Oct 3 2026 7:30AM
48,M-4402,"HIV TESTING LABORATORY, DEPARTMENT OF MICROBIOLOGY, SIDDHARTHA MEDICAL COLLEGE",nabl029033,2022,Medical,Renewal of Accreditation,Y SARITHA,SMCSRLKRISHNA@GMAIL.COM,8978440951,GUNADALA,Andhra Pradesh,Vijayawada,520008,Accreditation Certificate Approved and Issued,"Molecular Diagnostics,Flow Cytometry,Microbiology & Infectious disease serology",,MC-7841,24/12/2025,23/12/2029,,,Gayathri S,Oct 3 2026 7:30AM
49,M-4621,ONEPLUS ULTRASOUND LAB,nabl029041,2022,Medical,Renewal of Accreditation,NITIN AGARWAL,oneplusul@gmail.com,9312218812,"47, HARSH VIHAR, PITAMPURA",Delhi,New Delhi,110034,Accreditation Certificate Approved and Issued,"Clinical Biochemistry,Haematology,Clinical Pathology",,MC-7768,18/11/2025,17/11/2029,,,Archive Applications,Oct 3 2026 7:30AM
50,M-4391,"CLINICAL LABS, AMRITA INSTITUTE OF MEDICAL SCIENCES AND RESEARCH CENTRE",nabl029085,2022,Medical,Scope Extension,ANUBHAV PANDEY,dr_anubhavpandey@fbd.amrita.edu,9871456699,"MATA AMRITANANDAMAYI MARG, SECTOR-88",Haryana,Faridabad,121002,Accreditation Certificate Approved and Issued,"Clinical Biochemistry,Cytopathology,Molecular Diagnostics,Histopathology,Clinical Pathology,Flow Cytometry,Microbiology & Infectious disease serology,Haematology & Immunohaematology",",--Select Group--",MC-5599,06/04/2025,05/04/2029,,24/08/2026,Gayathri S,Oct 3 2026 7:30AM
51,M-4405,"HIV TESTING LABORATORY, DEPT. MICROBIOLOGY GOVT. MEDICAL COLLEGE AND GOVT. GENERAL HOSPITAL",nabl029091,2022,Medical,Renewal of Accreditation,R HYMAVATHI,atpsrlananthapur@gmail.com,8008501626,GOVT. GENERAL HOSPITAL ROAD,Andhra Pradesh,Anantapur,515001,Accreditation Certificate Approved and Issued,"Molecular Testing,Flow Cytometry,Microbiology & Infectious disease serology",,MC-7684,11/10/2025,10/10/2029,,,Archive Applications,Oct 3 2026 7:30AM
52,M-4420,APEX CLUB OF BALLY (PATHOLOGICAL LABORATORY SERVICES),nabl029114,2022,Medical,Renewal of Accreditation,RIMI PAUL,apexclubofbally1967@gmail.com,8017570858,"1, DR. BIMALA CHARAN LAHA LANE, BALLY",West Bengal,Howrah,711201,Accreditation Certificate Approved and Issued,"Clinical Biochemistry,Haematology,Clinical Pathology",,MC-7597,06/09/2025,05/09/2029,,,Archive Applications,Oct 3 2026 7:30AM
53,M-4411,RAIGANJ JEEVAN REKHA DIAGNOSTIC pvt. ltd.,nabl029136,2022,Medical,Renewal of Accreditation,SHAYAN DAS,jeevanrekhaonline@gmail.com,8436509580,"709/N, SATSANGHA ROAD, UKIL PARA",West Bengal,Raiganj,733134,Accreditation Certificate Approved and Issued,"Clinical Biochemistry,Haematology",,MC-7664,03/10/2025,02/10/2029,,,Archive Applications,Oct 3 2026 7:30AM
54,M-4652,LUPIN DIAGNOSTICS (LUPIN DIAGNOSTICS LIMITED),nabl029141,2022,Medical,Renewal of Accreditation,Sneha Bhumeshwar Narnaware,snehanarnaware@lupindiagnostics.com,9021610205,"PLOT NO 9, GROUND FLOOR, SHREE VIDYA ENCLAVE, LAXMI NAGAR",Maharashtra,Nagpur,440022,Accreditation Certificate Approved and Issued,"Clinical Biochemistry,Haematology,Clinical Pathology",,MC-6040,09/10/2025,08/10/2029,,,Archive Applications,Oct 3 2026 7:30AM
55,M-4407,NEUBERG AJAY SHAH LABORATORY PVT. LTD.,nabl029142,2022,Medical,Renewal of Accreditation,RUPAL JASMIN SHAH,rupalshah@neubergdiagnostics.com,8369496774,"OFFICE NO. 8, 9, 10, 1ST FLOOR, NORTHERN HEIGHTS, S.V. ROAD, DAHISAR(EAST)",Maharashtra,Mumbai,400068,Accreditation Certificate Approved and Issued,"Clinical Biochemistry,Molecular Testing,Haematology,Clinical Pathology,Microbiology & Infectious disease serology",,MC-5534,01/03/2025,28/02/2029,,,Archive Applications,Oct 3 2026 7:30AM
56,M-4408,ELITE LABS,nabl029167,2022,Medical,Renewal of Accreditation,R MAHENDIRAN,admin@elitelabs.in,9629003999,"NAVEEN PLAZA, 1ST FLOOR, 100A SALAI ROAD, WORAIYUR",Tamil Nadu,Thiruchirapalli,620003,Accreditation Certificate Approved and Issued,"Clinical Biochemistry,Molecular Testing,Haematology",,MC-5513,11/02/2025,08/02/2029,,05/03/2025,Archive Applications,Oct 3 2026 7:30AM
57,M-4482,"HIV TESTING LABORATORY, DEPARTMENT OF MICROBIOLOGY, KURNOOL MEDICAL COLLEGE",nabl029176,2022,Medical,Renewal of Accreditation,B SONIYA RANI,srl.ap.kmc2@gmail.com,9885764640,BUDHAWARPETA,Andhra Pradesh,Kurnool,518003,Accreditation Certificate Approved and Issued,Microbiology & Infectious disease serology,,MC-7595,06/09/2025,05/09/2029,,,Archive Applications,Oct 3 2026 7:30AM
58,M-4521,SIR GANGA RAM CITY HOSPITAL LABORATORY (A UNIT OF CONNER INSTITUTE OF HEALTH CARE AND RESEARCH CENTRE PRIVATE LIMITED),nabl029195,2022,Medical,Renewal of Accreditation,CDR JANAK S GULERIA,nabl.sgrch@gmail.com,9891540876,"B 1/1, N.E.A., PUSA ROAD, KAROL BAGH, CENTRAL DELHI",Delhi,New Delhi,110005,Accreditation Certificate Approved and Issued,"Clinical Biochemistry,Haematology,Clinical Pathology,Microbiology & Infectious disease serology",,MC-7822,12/12/2025,11/12/2029,,,Archive Applications,Oct 3 2026 7:30AM
59,M-4424,TENET DIAGNOSTICS,nabl029200,2022,Medical,Renewal of Accreditation,AMBILIJAYAKRISHNAN,satish.muthur@tenetmedcorp.com,9448204923,"MUNICIPAL NO. 6A, 27TH CROSS RD, 7TH BLOCK, JAYANAGAR",Karnataka,Bengaluru,560070,Accreditation Certificate Approved and Issued,"Clinical Biochemistry,Molecular Testing,Haematology,Clinical Pathology,Microbiology & Infectious disease serology",,MC-7374,23/05/2025,22/05/2029,,,Archive Applications,Oct 3 2026 7:30AM
60,M-4497,DR. UDAYAN'S LABORATORY,nabl029243,2022,Medical,Renewal of Accreditation,Noopur Mankad,quality@udayanlabs.com,9833874004,"AADICURA SUPERSPECIALITY HOSPITAL, 4TH FLOOR, WINWARD BUSINESS PARK, JETLAPUR ROAD",Gujarat,Vadodara,390007,Accreditation Certificate Approved and Issued,"Clinical Biochemistry,Clinical Pathology,Microbiology & Infectious disease serology,Haematology & Immunohaematology",,MC-7909,28/01/2026,27/01/2030,,,Gayathri S,Oct 3 2026 7:30AM
61,M-4450,UNIPATH SPECIALTY LABORATORY (INDORE) LLP,nabl029280,2022,Medical,Renewal of Accreditation,PURVI SHAH,purvi.shah@unipath.in,9824804449,"28/1 B, SOUTH TUKOGANJ MAIN ROAD, KANCHAN BAGH",Madhya Pradesh,Indore,452001,Accreditation Certificate Approved and Issued,"Clinical Biochemistry,Haematology,Clinical Pathology",,MC-5610,19/04/2025,18/04/2029,,,Archive Applications,Oct 3 2026 7:30AM
62,M-4464,PDX RESEARCH LABS LLP (DEPARTMENT OF MOLECULAR TESTING),nabl029302,2022,Medical,Renewal of Accreditation,Basudev Bhattacharya,basudev.bhattacharya@pdxrl.com,9830348434,"73, BB CHATTERJEE ROAD",West Bengal,Kolkata,700042,Accreditation Certificate Approved and Issued,"Clinical Biochemistry,Molecular Testing",,MC-5649,09/05/2025,08/05/2029,,05/06/2025,Archive Applications,Oct 3 2026 7:30AM
63,M-4557,DISA DIAGNOSTICS (DEPARTMENT OF PATHOLOGY),nabl029309,2022,Medical,Renewal of Accreditation,JAYANTA CHOWDHURY,disadiagnosticskolkata@gmail.com,9903895383,"7/85, SAHID NAGAR, HALTU, DHAKURIA",West Bengal,Kolkata,700078,Accreditation Certificate Approved and Issued,Clinical Biochemistry,,MC-5942,29/08/2025,28/08/2029,,,Archive Applications,Oct 3 2026 7:30AM
64,M-4451,"VILIFE DIAGNOSTICS, ERYTHRON BIORESEARCH LABORATORIES LLP",nabl029348,2022,Medical,Renewal of Accreditation,SNEHAL KOSALE,drsnehalk@vilifediagnostics.com,9702659922,"UNIT 1 A, 1 B, 1ST FLOOR, SHREEJI ARCADE, PANCHPAKHADI",Maharashtra,Thane,400602,Accreditation Certificate Approved and Issued,"Clinical Biochemistry,Haematology,Clinical Pathology,Microbiology & Infectious disease serology",,MC-5701,12/08/2025,31/05/2029,,23/08/2025,Archive Applications,Oct 3 2026 7:30AM
65,M-5148,DDRC AGILUS PATHLABS LIMITED,nabl029445,2022,Medical,Onsite Surveillance,SIMI SADHASIVAN,simi.sadhasivan@agilus.in,8590603345,"PHOENIX TOWER, PRATHIBHA JUNCTION, KADAPPAKKADA",Kerala,Kollam,691008,Accreditation Certificate Approved and Issued,"Clinical Biochemistry,Cytopathology,Haematology,Histopathology,Clinical Pathology",,MC-6922,08/12/2025,16/10/2028,,,Archive Applications,Oct 3 2026 7:30AM
66,M-4600,GENEPATH DIAGNOSTICS INDIA PRIVATE LIMITED,nabl029449,2022,Medical,Renewal of Accreditation,Kavita Khatod,kavita.khatod@genepathdx.com,9552591050,"MANIKCHAND GALLERIA, 7TH FLOOR, WADARWADI, MODEL COLONY, SHIVAJINAGAR",Maharashtra,Pune,411016,Accreditation Certificate Approved and Issued,Molecular Testing,,MC-7687,14/10/2025,13/10/2029,,,Archive Applications,Oct 3 2026 7:30AM
67,M-4427,KUMAR PATHOLOGY CENTRE (A UNIT OF KUMAR HEALTHCARE SOLUTIONS LLP),nabl029469,2022,Medical,NABL 201,SAKET KUMAR,krsaket84@gmail.com,9934184365,"68, PENNAR ROAD, SAKCHI",Jharkhand,Jamshedpur,831001,Accreditation Certificate Approved and Issued,"Clinical Biochemistry,Haematology & Immunohaematology",",--Select Group--",MC-6034,26/07/2026,28/09/2029,,,Archive Applications,Oct 3 2026 7:30AM
68,M-4554,"DEPARTMENT OF LAB MEDICINE, INDUS SUPER SPECIALITY HOSPITAL",nabl029556,2022,Medical,Renewal of Accreditation,APRAJITA CHAUHAN,srqm@indushospitals.com,9418525857,"SECTOR 55, PHASE 1",Punjab,Mohali,160055,Accreditation Certificate Approved and Issued,"Clinical Biochemistry,Haematology",,MC-6168,05/12/2025,04/12/2029,,,Archive Applications,Oct 3 2026 7:30AM
69,M-4487,MEDPLUS DIAGNOSTICS (A UNIT OF MEDPLUS HEALTH SERVICES LIMITED),nabl029595,2022,Medical,Renewal of Accreditation,SP Naga Praphulla,praphulla.s@medplusindia.com,7660860008,"H.NO 11-5-56, SURVEY NO. 257 AND 258/1, 'A' BLOCK FIRST FLOOR MOOSAPET, KUKATPALLY",Telangana,Hyderabad,500037,Accreditation Certificate Approved and Issued,"Clinical Biochemistry,Molecular Testing,Haematology,Clinical Pathology,Microbiology & Infectious disease serology",,MC-6095,26/11/2025,03/11/2029,,10/12/2025,Archive Applications,Oct 3 2026 7:30AM
70,M-4486,ANJNA HOSPITAL AND CLINISEARCH PVT. LTD.,nabl029757,2022,Medical,Renewal of Accreditation,TUSHAR SONAIYA,dr.tushar.80@gmail.com,9825566487,"7-8-9, URBAN VILLE, SEVASI LINK ROAD",Gujarat,Vadodara,391101,Accreditation Certificate Approved and Issued,"Clinical Biochemistry,Haematology,Clinical Pathology,Microbiology & Infectious disease serology",,MC-7495,07/07/2025,06/07/2029,,,Archive Applications,Oct 3 2026 7:30AM
71,M-4440,DISCOVERY DIAGNOSTICS PRIVATE LIMITED,nabl029772,2022,Medical,Scope Extension,SARVESH GUPTA,dr.sarvesh@discoverydiagnostic.com,9136002258,"467, SECTOR E-2,VASANT KUNJ",Delhi,New Delhi,110070,Accreditation Certificate Approved and Issued,"Clinical Biochemistry,Clinical Pathology,Microbiology & Infectious disease serology,Haematology & Immunohaematology",,MC-1017,21/04/2025,20/04/2029,,03/07/2026,Archive Applications,Oct 3 2026 7:30AM
72,M-4460,"CLINICAL INVESTIGATION LABORATORY, TRAUMA CENTRE, IMS, BHU",nabl029780,2022,Medical,Renewal of Accreditation,MANISH KUMAR NIGAM,drmonix@gmail.com,9911854902,"SAMNE GHAT ROAD, LANKA",Uttar Pradesh,Varanasi,221004,Accreditation Certificate Approved and Issued,"Clinical Biochemistry,Clinical Pathology",,MC-5913,23/08/2025,22/08/2029,,,Archive Applications,Oct 3 2026 7:30AM
73,M-4441,HEALTH ACCURATE DIAGNOSTICS (A UNIT OF SCHVIAAN HEALTH SOLUTIONS PVT. LTD.),nabl029791,2022,Medical,NABL 201,MANGESH BOLEGAVE,mangesh.had@gmail.com,9004999066,"52, SATLAJ APARTMENT, PARVATI GAON",Maharashtra,Pune,411009,Accreditation Certificate Approved and Issued,"Clinical Biochemistry,Cytopathology,Molecular Testing,Haematology,Clinical Pathology,Flow Cytometry,Microbiology & Infectious disease serology",,MC-6988,28/11/2024,27/11/2028,,13/01/2026,Shweta Sinha,Oct 3 2026 7:30AM
74,M-4442,SARAL PATHLAB PRIVATE LIMITED,nabl029798,2022,Medical,Renewal of Accreditation,KAMLESH KUMAR,drkamlesh04@gmail.com,7781006895,"CA31, PC COLONY, KANKARBAGH",Bihar,Patna,800020,Accreditation Certificate Approved and Issued,"Clinical Biochemistry,Cytopathology,Molecular Testing,Haematology,Histopathology,Clinical Pathology,Microbiology & Infectious disease serology",,MC-5614,30/12/2024,24/12/2028,,11/01/2025,Archive Applications,Oct 3 2026 7:30AM
75,M-4445,LUPIN DIAGNOSTICS (LUPIN DIAGNOSTICS LIMITED),nabl029806,2022,Medical,Renewal of Accreditation,MANISHA KHANNA,manishakhanna@lupindiagnostics.com,9811775950,"C-533, PAWANE MIDC TTC INDUSTRIAL AREA",Maharashtra,Navi Mumbai,400710,Accreditation Certificate Approved and Issued,"Clinical Biochemistry,Cytopathology,Molecular Testing,Cytogenetics,Haematology,Histopathology,Clinical Pathology,Microbiology & Infectious disease serology",,MC-5498,15/12/2025,14/12/2029,,23/12/2025,Archive Applications,Oct 3 2026 7:30AM
76,M-4447,"BGS GIMS CENTRAL LABORATORY, BGS GLOBAL INSTITUTE OF MEDICAL SCIENCES AND HOSPITAL",nabl029809,2022,Medical,Renewal of Accreditation,Chethana C,centrallab1718@gmail.com,9986739124,"#67 BGS HEALTH AND EDUCATION CITY, UTTARAHALLI ROAD, KENGERI",Karnataka,Bengaluru,560060,Accreditation Certificate Approved and Issued,"Clinical Biochemistry,Cytopathology,Haematology,Histopathology,Clinical Pathology,Microbiology & Infectious disease serology",,MC-7032,16/12/2024,15/12/2028,,,Archive Applications,Oct 3 2026 7:30AM
77,M-4457,ZAINA DIAGNOSTIC & IMAGING CENTRE,nabl029826,2022,Medical,Renewal of Accreditation,Mirza Shabnam,docshabnam1981@gmail.com,8586000836,"C-12 / 202, YAMUNA VIHAR, SHAHDARA",Delhi,Delhi,110053,Accreditation Certificate Approved and Issued,"Clinical Biochemistry,Haematology,Clinical Pathology",,MC-5640,05/05/2025,04/05/2029,,,Archive Applications,Oct 3 2026 7:30AM
78,M-4491,"Department of Pathology and Biochemistry, Govt. Stanley Medical College and Hospital",nabl029839,2022,Medical,Renewal of Accreditation,K VALARMATHI,pathsmc.1@gmail.com,9444642439,"SUPER SPECIALITY BLOCK, 5TH FLOOR, NO.1, OLD JAIL ROAD, ROYAPURAM",Tamil Nadu,Chennai,600001,Accreditation Certificate Approved and Issued,"Clinical Biochemistry,Cytopathology,Haematology,Histopathology,Clinical Pathology",,MC-7710,29/10/2025,28/10/2029,,,Archive Applications,Oct 3 2026 7:30AM
79,M-4653,"HIV TESTING LABORATORY, DEPARTMENT OF MICROBIOLOGY, SV MEDICAL COLLEGE",nabl029862,2022,Medical,Renewal of Accreditation,G. N. Ravi Prakash,svmcsrltirupati@gmail.com,9052601974,"2ND FLOOR, DEPARTMENT OF MICROBIOLOGY, SV MEDICAL COLLEGE",Andhra Pradesh,Tirupati,517507,Accreditation Certificate Approved and Issued,"Molecular Testing,Flow Cytometry,Microbiology & Infectious disease serology",,MC-7903,26/01/2026,25/01/2030,,,Shweta Sinha,Oct 3 2026 7:30AM
80,M-4458,DR. LAL PATHLABS LIMITED,nabl029863,2022,Medical,Renewal of Accreditation,RAVINDRA KUMAR AGRAWAL,ravindra.agrawal@lalpathlabs.com,9958472621,"SCO 06, SEC-16",Haryana,Faridabad,121002,Accreditation Certificate Approved and Issued,"Clinical Biochemistry,Clinical Pathology,Microbiology & Infectious disease serology,Haematology & Immunohaematology",,MC-5792,12/03/2026,11/03/2030,,,Archive Applications,Oct 3 2026 7:30AM
81,M-4614,CRL DIAGNOSTICS PRIVATE LIMITED,nabl029888,2022,Medical,Renewal of Accreditation,PARUL SHARMA,parul@crldiagnostics.com,8860928517,"701 & 702, BALAJI SHOPPING COMPLEX, 7TH FLOOR, MAROL NAKA, ANDHERI EAST",Maharashtra,Mumbai,400069,Accreditation Certificate Approved and Issued,"Clinical Biochemistry,Haematology,Clinical Pathology",,MC-7750,12/11/2025,11/11/2029,,,Archive Applications,Oct 3 2026 7:30AM
82,M-4499,AARNA DIAGNOSTIC CENTRE,nabl029891,2022,Medical,Renewal of Accreditation,Anil Rajput,rajput.anil49@yahoo.com,7409200099,"FIRST FLOOR, 86, ADARSH VIHAR, KARGI PATEL NAGAR",Uttarakhand,Dehradun,248001,Accreditation Certificate Approved and Issued,"Clinical Biochemistry,Haematology",,MC-5831,25/07/2025,24/07/2029,,,Archive Applications,Oct 3 2026 7:30AM
83,M-4461,KMC LABORATORY SERVICES,nabl029897,2022,Medical,Renewal of Accreditation,SHRIKALA BALIGA,SHRIKALA.BALIGA@MANIPAL.EDU,9880049671,"CENTRAL LAB, KASTURBA MEDICAL COLLEGE HOSPITAL, ATTAVAR",Karnataka,Mangaluru,575001,Accreditation Certificate Approved and Issued,"Clinical Biochemistry,Cytopathology,Molecular Diagnostics,Histopathology,Clinical Pathology,Flow Cytometry,Microbiology & Infectious disease serology,Haematology & Immunohaematology",",--Select Group--",MC-8057,27/04/2026,26/04/2030,,,Archive Applications,Oct 3 2026 7:30AM
84,M-4530,IMMUNOPATH DIAGNOSTIC CENTRE,nabl029951,2022,Medical,Renewal of Accreditation,DEBABRATA ACHARYA,immunopathkolkata2016@gmail.com,9830037415,"51/59, HARAKALI COLONY",West Bengal,Kolkata,700074,Accreditation Certificate Approved and Issued,Clinical Biochemistry,,MC-5703,25/06/2025,02/06/2029,,02/07/2025,Archive Applications,Oct 3 2026 7:30AM
85,M-4476,ACSR GOVERNMENT MEDICAL COLLEGE,nabl029963,2022,Medical,Renewal of Accreditation,B HEMANATH,bomman.hemanath@gmail.com,9573743276,"DEPARTMENT OF MICROBIOLOGY, 3RD FLOOR, ACSR GOVERNMENT MEDICAL COLLEGE, AC SUBBAREDDY STADIUM",Andhra Pradesh,Nellore,524004,Accreditation Certificate Approved and Issued,"Molecular Testing,Flow Cytometry,Microbiology & Infectious disease serology",,MC-7665,03/10/2025,02/10/2029,,,Archive Applications,Oct 3 2026 7:30AM
86,M-4802,"DEPARTMENT OF LABORATORY MEDICINE, HCG HOSPITALS",nabl029967,2022,Medical,Scope Extension,Asif Mendajiwala,YANGCHAN.KISHORE@HCGEL.COM,9033965387,"4TH, FLOOR/401, SHUKUN COMPLEX, 1- MAHARASHTRA SOC, MITHAKHALI, ELLISBRIDGE",Gujarat,Ahmedabad,380006,Accreditation Certificate Approved and Issued,"Clinical Biochemistry,Molecular Diagnostics,Clinical Pathology,Microbiology & Infectious disease serology,Haematology & Immunohaematology",",--Select Group--",MC-6110,13/11/2025,12/11/2029,,07/07/2026,Gayathri S,Oct 3 2026 7:30AM
87,M-4477,TRAVANCORE SCANS AND LABORATORY,nabl029976,2022,Medical,Renewal of Accreditation,MANJU V G,travancorescanslab@gmail.com,9496258255,"OOMMENS, PAZHAYA ROAD, MEDICAL COLLEGE (PO)",Kerala,Thiruvananthapuram,695011,Accreditation Certificate Approved and Issued,"Clinical Biochemistry,Haematology,Clinical Pathology",,MC-5791,11/07/2025,10/07/2029,,,Archive Applications,Oct 3 2026 7:30AM
88,M-4480,THYROCARE TECHNOLOGIES LIMITED,nabl029985,2022,Medical,Onsite Surveillance,Poonam Korade,poonam.korade@thyrocare.com,7391821262,"SALUJA TOWER, 2ND FLOOR, PP COMPOUND, CHUTIA",Jharkhand,Ranchi,834001,Accreditation Certificate Approved and Issued,"Clinical Biochemistry,Haematology,Clinical Pathology,Microbiology & Infectious disease serology",,MC-5620,27/04/2025,26/04/2029,,03/09/2025,Archive Applications,Oct 3 2026 7:30AM
89,M-4620,HEALTHIANS LABS (A UNIT OF EXPEDIENT HEALTHCARE MARKETING PRIVATE LIMITED),nabl030005,2022,Medical,Renewal of Accreditation,AMOD GANESH SAWANT,quality.assurance@healthians.com,9833737037,"OFFICE NO-1, GROUND FLOOR, ASCOTT CENTER, SAHAR ROAD, ANDHERI EAST",Maharashtra,Mumbai,400099,Accreditation Certificate Approved and Issued,"Clinical Biochemistry,Haematology,Clinical Pathology,Microbiology & Infectious disease serology",,MC-5949,03/09/2025,01/09/2029,,16/09/2025,Archive Applications,Oct 3 2026 7:30AM
90,M-4603,HEALTHIANS LABS (A UNIT OF EXPEDIENT HEALTHCARE MARKETING PRIVATE LIMITED),nabl030006,2022,Medical,Renewal of Accreditation,Dipti Parashar,quality.assurance@healthians.com,8221908355,"B-1, GROUND FLOOR & 1ST FLOOR, LAWYERS COLONY",Uttar Pradesh,Agra,282005,Accreditation Certificate Approved and Issued,"Clinical Biochemistry,Haematology,Clinical Pathology,Microbiology & Infectious disease serology",,MC-5885,11/08/2025,10/08/2029,,,Archive Applications,Oct 3 2026 7:30AM
91,M-4619,"DR. BALABHAI NANAVATI HOSPITAL, DEPARTMENT OF LABoRATORY MEDICINE",nabl030060,2022,Medical,NABL 201,SUSHMA SHETTY,sushma.shetty@nanavatihospital.org,9920972093,"101-B, PRIME AVENUE BUILDING - A WING, S V ROAD, VILE-PARLE-WEST",Maharashtra,Mumbai,400056,Accreditation Certificate Approved and Issued,"Clinical Biochemistry,Clinical Pathology,Microbiology & Infectious disease serology,Haematology & Immunohaematology",,MC-7671,07/10/2025,06/10/2029,,26/07/2026,Archive Applications,Oct 3 2026 7:30AM
92,M-4561,LABORATORY SERVICES - BRIDGE HEALTH MEDICAL AND DIGITAL SOLUTIONS PRIVATE LIMITED,nabl030064,2022,Medical,Renewal of Accreditation,Anupriya chanda,dr.anupriya@bridgehealthgroup.com,9738226627,"NO.166-167, 21ST MAIN ROAD, 100 FEET RING ROAD",Karnataka,Bengaluru,560078,Accreditation Certificate Approved and Issued,"Clinical Biochemistry,Haematology,Clinical Pathology",,MC-5844,12/08/2025,31/07/2029,,01/09/2025,Archive Applications,Oct 3 2026 7:30AM
93,M-4562,VIJAYA DIAGNOSTIC CENTRE LIMITED,nabl030074,2022,Medical,Renewal of Accreditation,Vijayasree Mathe,vijayasree.mathe@vijayadiagnostic.in,9989701120,"D.NO. 46-21-11, DANAVIPETA, MANASA HOSPITAL ROAD, RAJAMAHENDRAVARAM",Andhra Pradesh,Rajahmundry,533103,Accreditation Certificate Approved and Issued,"Clinical Biochemistry,Cytopathology,Haematology,Clinical Pathology,Microbiology & Infectious disease serology",,MC-5969,08/09/2025,07/09/2029,,09/09/2025,Archive Applications,Oct 3 2026 7:30AM
94,M-4537,DR. KHANNA'S PATHCARE PVT. LTD.,nabl030094,2022,Medical,Renewal of Accreditation,SHERRY KHANNA,sherrypathcareindia@gmail.com,9899099820,"E8A, GROUND FLOOR, HAUZ KHAS",Delhi,New Delhi,110016,Accreditation Certificate Approved and Issued,"Clinical Biochemistry,Haematology,Clinical Pathology,Microbiology & Infectious disease serology",,MC-5632,30/04/2025,29/04/2029,,03/05/2025,Archive Applications,Oct 3 2026 7:30AM
95,M-4534,"DEPARTMENT OF MICROBIOLOGY, COIMBATORE MEDICAL COLLEGE & HOSPITAL",nabl030108,2022,Medical,Renewal of Accreditation,N Bharathisanthose,tosrlcoimbatore@gmail.com,9486111965,"CIVIL AERODROME POST, AVINASHI ROAD, PEELAMEDU",Tamil Nadu,Coimbatore,641014,Accreditation Certificate Approved and Issued,"Molecular Testing,Flow Cytometry,Microbiology & Infectious disease serology",,MC-7810,06/12/2025,05/12/2029,,,Shweta Sinha,Oct 3 2026 7:30AM
96,M-4483,DR. RAGHU DIAGNOSTIC CENTRE,nabl030139,2022,Medical,Renewal of Accreditation,C J RAGHU RAM,quality.rdclab@gmail.com,7799100527,"1ST FLOOR, SAROJ ARCADE",Andhra Pradesh,Vizianagaram,535002,Accreditation Certificate Approved and Issued,Clinical Biochemistry,,MC-7614,13/09/2025,12/09/2029,,,Archive Applications,Oct 3 2026 7:30AM
97,M-4638,AGILUS DIAGNOSTICS LIMITED,nabl030140,2022,Medical,Renewal of Accreditation,Apurba Das,apurbakumar.das@agilus.in,9401660871,"PULSE DIAGNOSTICS, G.S. ROAD, BHANGAGARH",Assam,Guwahati,781005,Accreditation Certificate Approved and Issued,"Clinical Biochemistry,Clinical Pathology,Microbiology & Infectious disease serology,Haematology & Immunohaematology",,MC-6081,23/10/2025,22/10/2029,,,Archive Applications,Oct 3 2026 7:30AM
98,M-4734,NIRAAMAYA DIAGNOSTICS (A UNIT OF STAYFIT MEDICARE LLP),nabl030180,2022,Medical,Renewal of Accreditation,SACHIDANAND SINHA,labpopularhospital@gmail.com,9151000114,"10/60 A2, D.L.W.ROAD, KAKARMATA",Uttar Pradesh,Varanasi,221004,Accreditation Certificate Approved and Issued,"Clinical Biochemistry,Molecular Testing,Haematology,Clinical Pathology,Microbiology & Infectious disease serology",",--Select Group--",MC-7831,19/12/2025,18/12/2029,,,Shweta Sinha,Oct 3 2026 7:30AM
99,M-4560,KONACC DIAGNOSTIC CENTRE (A UNIT OF KONACC DIAGNOSTICS PRIVATE LIMITED),nabl030197,2022,Medical,Renewal of Accreditation,CHALAPATHI PUTREVU,cpteamswork@gmail.com,9866230885,"D.NO.12-12-94, OLD CLUB ROAD",Andhra Pradesh,Guntur,522001,Accreditation Certificate Approved and Issued,"Clinical Biochemistry,Haematology,Clinical Pathology",,MC-7725,31/10/2025,30/10/2029,,,Archive Applications,Oct 3 2026 7:30AM
100,M-4742,HEALTH MAX DIAGNOSTIC PVT. LTD. (DEPARTMENT OF LABORATORY SERVICES),nabl030206,2022,Medical,Onsite Surveillance,MOULINA ADAK,hmdccnts@gmail.com,7980542412,"3, CHOWRINGHEE TERRACE, GOKHALE ROAD",West Bengal,Kolkata,700020,Accreditation Certificate Approved and Issued,Clinical Biochemistry,,MC-6912,30/10/2025,13/10/2028,,,Gayathri S,Oct 3 2026 7:30AM
1,M-4485,MAHAJAN IMAGING & LABS (A UNIT OF MAHAJAN IMAGING PRIVATE LIMITED),nabl030240,2022,Medical,Scope Extension,Shashikant Sharma,shashikant.sharma@mahajandiagnostics.com,9958617351,"C - 6/8, BLOCK C-6, SAFDARJUNG DEVELOPMENT AREA, NEW DELHI",Delhi,Delhi,110016,Accreditation Certificate Approved and Issued,"Clinical Biochemistry,Cytopathology,Molecular Diagnostics,Clinical Pathology,Microbiology & Infectious disease serology,Haematology & Immunohaematology",",--Select Group--",MC-5602,25/10/2025,24/10/2029,,19/08/2026,Archive Applications,Oct 3 2026 7:30AM
2,M-4633,NIRNAYAN HEALTHCARE PRIVATE LIMITED,nabl030246,2022,Medical,Renewal of Accreditation,SAMIM AKTAR MOLLA,samim.akhtar@nirnayan.com,9002720742,"130, RAJARHAT MAIN ROAD",West Bengal,Kolkata,700157,Accreditation Certificate Approved and Issued,"Clinical Biochemistry,Clinical Pathology,Microbiology & Infectious disease serology,Haematology & Immunohaematology",,MC-7992,11/03/2026,10/03/2030,,,Archive Applications,Oct 3 2026 7:30AM
3,M-4522,SANGUINE DIAGNOSTICS (A UNIT OF SANGUINE MEDICAL PRIVATE LIMITED),nabl030310,2022,Medical,Renewal of Accreditation,SUMIT KUMAR MANDAL,sanguinemedical2021@gmail.com,7678095943,"HOLDING NO. N/1, PREMISES NO. H-I/10, DURGA BHAWAN, V.I.P ROAD",West Bengal,Kolkata,700159,Accreditation Certificate Approved and Issued,Clinical Biochemistry,,MC-7654,29/09/2025,28/09/2029,,,Archive Applications,Oct 3 2026 7:30AM
4,M-4528,DRGIRIJAS DIAGNOSTIC LABS AND SCANS LLP,nabl030377,2022,Medical,Renewal of Accreditation,GIRIJA V,girijasnabl@gmail.com,9663917947,"MRI CENTRE, ATTINGAL-AYILAM ROAD",Kerala,Thiruvananthapuram,695101,Accreditation Certificate Approved and Issued,"Cytopathology,Histopathology,Microbiology & Infectious disease serology",,MC-6219,14/12/2025,13/12/2029,,26/12/2025,Shweta Sinha,Oct 3 2026 7:30AM
5,M-4589,SURETEST PATH LABS LLP,nabl030404,2022,Medical,Renewal of Accreditation,GAUTTAM BHATIA,dr.gauttam.bhatia@gmail.com,9634079901,"GROUND FLOOR, FORTUNA TOWER, NEW MUNICIPAL NO: 86, AMRIT KAUR ROAD",Uttarakhand,Dehradun,248001,Accreditation Certificate Approved and Issued,"Clinical Biochemistry,Haematology,Microbiology & Infectious disease serology",,MC-7702,24/10/2025,23/10/2029,,,Archive Applications,Oct 3 2026 7:30AM
6,M-4548,"HIV VIRAL LOAD TESTING LABORATORY, DEPARTMENT OF MICROBIOLOGY, GOVERNMENT MEDICAL COLLEGE, SRIKAKULAM",nabl030454,2022,Medical,Renewal of Accreditation,BSS VIJAYASRI,viralloadlabgmcsrikakulam@gmail.com,9849729113,"HIV VIRAL LOAD TESTING LABORATORY, 1ST FLOOR, ROOM NO. 248",Andhra Pradesh,Srikakulam,532001,Accreditation Certificate Approved and Issued,"Molecular Diagnostics,Flow Cytometry,Microbiology & Infectious disease serology",,MC-8046,18/04/2026,17/04/2030,,,Shweta Sinha,Oct 3 2026 7:30AM
7,M-4551,NIDAN DIAGNOSTIC & RESEARCH CENTRE,nabl030466,2022,Medical,Renewal of Accreditation,SIVA SAUMENDRA SAHOO,pathbbsr@gmail.com,7205091682,"PLOT NO 01, BAPUJI NAGAR, SISHU BHAVAN FLYOVER, KHORDHA",Odisha,Bhubaneswar,751009,Accreditation Certificate Approved and Issued,"Clinical Biochemistry,Cytopathology,Clinical Pathology,Microbiology & Infectious disease serology,Haematology & Immunohaematology",,MC-7969,25/02/2026,24/02/2030,,,Gayathri S,Oct 3 2026 7:30AM
8,M-4536,SANGAI HEALTHCARE & RESEARCH CENTRE (DEPARTMENT OF PATHOLOGY ),nabl030537,2022,Medical,Renewal of Accreditation,L JOYSHANKER,sangaihealthcare15@gmail.com,9856145007,URIPOK BACHASPATI LEIKAI,Manipur,Imphal,795001,Accreditation Certificate Approved and Issued,"Clinical Biochemistry,Clinical Pathology,Haematology & Immunohaematology",,MC-6378,06/03/2026,05/03/2030,,04/04/2026,Gayathri S,Oct 3 2026 7:30AM
9,M-4535,"HIV VIRAL LOAD TESTING LABORATORY, DEPARTMENT OF MICROBIOLOGY, GOVERNMENT MEDICAL COLLEGE",nabl030556,2022,Medical,Renewal of Accreditation,V VIJAYA SWETHA,ongoleviralloadlab@gmail.com,9885149603,"1ST FLOOR, DEPARTMENT OF MICROBIOLOGY, GOVERNMENT MEDICAL COLLEGE",Andhra Pradesh,Ongole,523001,Accreditation Certificate Approved and Issued,"Molecular Testing,Flow Cytometry,Microbiology & Infectious disease serology",,MC-7794,28/11/2025,27/11/2029,,,Archive Applications,Oct 3 2026 7:30AM
10,M-4590,SAI FERTILITY CENTRE & HOSPITAL LABORATORY,nabl030570,2022,Medical,Renewal of Accreditation,G SUDHA,lab@saimultispeciality.com,9551774874,"NO. 43/21, DEVARAJANAR STREET, VEDHACHALAM NAGAR",Tamil Nadu,Chengalpattu,603001,Accreditation Certificate Approved and Issued,"Clinical Biochemistry,Haematology,Clinical Pathology",,MC-5810,20/07/2025,19/07/2029,,,Archive Applications,Oct 3 2026 7:30AM
11,M-4572,ORBIT MEDICAL CENTRE (DEPARTMENT OF LABORATORY SERVICES),nabl030591,2022,Medical,Renewal of Accreditation,SUBHRAJYOTI NAYAK,subhrajyotinayak786@gmail.com,9874308033,"620, DIAMOND HARBOUR ROAD, PLOT NO. K3 & K4, BEHALA INDUSTRIAL ESTATE",West Bengal,Kolkata,700034,Accreditation Certificate Approved and Issued,"Clinical Biochemistry,Haematology & Immunohaematology",,MC-7961,16/02/2026,15/02/2030,,,Archive Applications,Oct 3 2026 7:30AM
12,M-4752,"LABORATORY SERVICES, SVP HOSPITAL AND SMT. NHL MUNICIPAL MEDICAL COLLEGE, AHMEDABAD",nabl030655,2022,Medical,Renewal of Accreditation,Dilip Variya,lab@svphospital.com,9824059870,"C1, C2 WING, 10TH FLOOR, SVP HOSPITAL AND GROUND FLOOR MAIN BUILDING, NHL MEDICAL COLLEGE (LSSVPHNHL), ELLISBRIDGE",Gujarat,Ahmedabad,380006,Accreditation Certificate Approved and Issued,"Clinical Biochemistry,Cytopathology,Molecular Testing,Haematology,Histopathology,Clinical Pathology,Microbiology & Infectious disease serology",,MC-6126,01/12/2025,16/11/2029,,11/12/2025,Archive Applications,Oct 3 2026 7:30AM
13,M-4571,AMMAGENOMICS MOLECULAR TESTING LABORATORY,nabl030684,2022,Medical,Renewal of Accreditation,PRADHEEP CHHALLIYIL,nabl@ammagenomics.com,9361233102,"87, ARCOT ROAD",Tamil Nadu,Chennai,600093,Accreditation Certificate Approved and Issued,"Clinical Biochemistry,Molecular Testing,Molecular Diagnostics",",--Select Group--",MC-7933,05/02/2026,04/02/2030,,,Archive Applications,Oct 3 2026 7:30AM
14,M-4592,RED DROP DIAGNOSTICS PRIVATE LIMITED,nabl030704,2022,Medical,Renewal of Accreditation,Himanshu Tyagi,reddropdiagnostics@gmail.com,9971505728,"487, 3 RD FLOOR, LIC BUILDING, GT ROAD DILSHAD GARDEN",Delhi,Delhi,110095,Accreditation Certificate Approved and Issued,"Clinical Biochemistry,Haematology,Clinical Pathology",,MC-5776,07/07/2025,06/07/2029,,,Archive Applications,Oct 3 2026 7:30AM
15,M-4583,"CLINICAL LABORATORY SERVICES, SUNDARAM MEDICAL FOUNDATION, DR. RANGARAJAN MEMORIAL HOSPITAL",nabl030713,2022,Medical,Renewal of Accreditation,MALINI S,malinis@smfhospital.org,9003679942,"PLOT NO. SP-75, KAMBAR SALAI, VAVIN, MOGAPPAIR WEST, AMBATTUR I.E",Tamil Nadu,Chennai,600037,Accreditation Certificate Approved and Issued,"Clinical Biochemistry,Haematology,Clinical Pathology",,MC-6005,26/09/2025,25/09/2029,,24/10/2025,Archive Applications,Oct 3 2026 7:30AM
16,M-4857,LABORATORY OF GARG HOSPITAL (A UNIT OF GARG HEART CENTRE & NURSING HOME PRIVATE LIMITED),nabl030726,2022,Medical,Renewal of Accreditation,NNEETU MONGA,sarajoshi1979@gmail.com,9899664115,"8-9, A.G.C.R. ENCLAVE",Delhi,Delhi,110092,Accreditation Certificate Approved and Issued,"Clinical Biochemistry,Clinical Pathology,Haematology & Immunohaematology",,NABLM0626DL08130,03/06/2026,02/06/2030,,16/06/2026,Shweta Sinha,Oct 3 2026 7:30AM
17,M-4622,CHITTARANJAN NATIONAL CANCER INSTITUTE (LABORATORY SERVICES),nabl030748,2022,Medical,Renewal of Accreditation,ARPITA DE,arpitad31@gmail.com,9836413725,"STREET NO. 299, PLOT NO. DJ-01, PREMISES NO. 02-0321, ACTION AREA 1D, NEW TOWN, RAJARHAT",West Bengal,Kolkata,700160,Accreditation Certificate Approved and Issued,"Clinical Biochemistry,Cytopathology,Molecular Testing,Haematology,Histopathology,Clinical Pathology,Microbiology & Infectious disease serology",,MC-5889,16/08/2025,15/08/2029,,,Archive Applications,Oct 3 2026 7:30AM
18,M-4623,SPARSH DIAGNOSTICA PriVaTe LimiTeD (DEPARTMENT OF LABORATORY MEDICINE),nabl030753,2022,Medical,Renewal of Accreditation,Kalipada Dutta,kalipada.dutta2013@gmail.com,6289564126,"231/1, NSC BOSE ROAD , BANSDRONI",West Bengal,Kolkata,700047,Accreditation Certificate Approved and Issued,"Clinical Biochemistry,Haematology",,MC-6125,14/11/2025,13/11/2029,,,Archive Applications,Oct 3 2026 7:30AM
19,M-4615,"HIV-1 VIRAL LOAD TESTING LABORATORY, DEPARTMENT OF MICROBIOLOGY, GOVERNMENT GENERAL HOSPITAL",nabl030755,2022,Medical,Renewal of Accreditation,V MANJULA,elurudhvllab@gmail.com,9701139954,"DEPARTMENT OF MICROBIOLOGY, GROUND FLOOR, GOVERNMENT GENERAL HOSPITAL, ASHOK NAGAR",Andhra Pradesh,Eluru,534006,Accreditation Certificate Approved and Issued,"Molecular Diagnostics,Flow Cytometry,Microbiology & Infectious disease serology",,MC-8062,28/04/2026,27/04/2030,,,Shweta Sinha,Oct 3 2026 7:30AM
20,M-4597,MANOBIKSHAN PATHOLOGY (DEPARTMENT OF PATHOLOGY),nabl030757,2022,Medical,Renewal of Accreditation,RUDRA PRASAD CHAKRABORTY,manobikshanpathology@gmail.com,7477799510,"102/2, PILKHANA ROAD, RANIBAGAN, BERHAMPORE",West Bengal,Murshidabad,742101,Accreditation Certificate Approved and Issued,Clinical Biochemistry,,MC-8052,23/04/2026,22/04/2030,,,Gayathri S,Oct 3 2026 7:30AM
21,M-4552,NKPC DIAGNOSTICS [A UNIT OF SOLORO TECH PRIVATE LIMITED] (DEPARTMENT OF LABORATORY SERVICES),nabl030762,2022,Medical,Renewal of Accreditation,SONALI MUKHERJEE,nkpcnabh99@gmail.com,9831734671,"C/10, BAGHAJATIN MORE",West Bengal,Kolkata,700092,Accreditation Certificate Approved and Issued,"Clinical Biochemistry,Clinical Pathology",,MC-7836,23/12/2025,22/12/2029,,,Archive Applications,Oct 3 2026 7:30AM
22,M-4807,PRIYA DIAGNOSTIC AND ULTRASOUND CENTRE PRIVATE LIMITED,nabl030798,2022,Medical,Renewal of Accreditation,K SHIVA PRASHANTH,prashanth@priyadiagnostics.in,9710316078,"29, 1ST AVENUE, SHASTRI NAGAR, ADYAR",Tamil Nadu,Chennai,600020,Accreditation Certificate Approved and Issued,"Clinical Biochemistry,Haematology,Clinical Pathology",,MC-6234,04/01/2026,03/01/2030,,09/01/2026,Shweta Sinha,Oct 3 2026 7:30AM
23,M-4627,TRN MEDICAL SERVICES LLP,nabl030823,2022,Medical,Scope Extension,NIPA DHORDA,trnmedicalcentrenabl01@gmail.com,9867186880,"BUILDING NO 1, FLAT NO 2, SHER E PUNJAB CHSL, JIJAMATA ROAD",Maharashtra,Mumbai,400093,Accreditation Certificate Approved and Issued,"Clinical Biochemistry,Microbiology & Infectious disease serology,Haematology & Immunohaematology",,MC-7829,18/12/2025,17/12/2029,,16/03/2026,Gayathri S,Oct 3 2026 7:30AM
24,M-4616,ASTHA DIAGNOSTIC CENTRE,nabl030844,2022,Medical,Renewal of Accreditation,SUJOY PARAMANIK,astha.astha.arambagh@gmail.com,9732088012,"WARD NO. 06, BLOCK PARA , ARAMBAGH PANCHAYAT SAMITY, COMPLEX MARKET",West Bengal,Arambagh,712601,Accreditation Certificate Approved and Issued,Clinical Biochemistry,,MC-7755,14/11/2025,13/11/2029,,,Archive Applications,Oct 3 2026 7:30AM
25,M-4730,LUPIN DIAGNOSTICS (LUPIN DIAGNOSTICS LIMITED),nabl030906,2022,Medical,Renewal of Accreditation,Hiranya Deka,hiranyadeka@lupindiagnostics.com,7577888142,"1ST FLOOR, SILVER DESIRE BUILDING, MD SHAH ROAD, PALTAN BAZAR, KAMRUP METRO",Assam,Guwahati,781008,Accreditation Certificate Approved and Issued,"Clinical Biochemistry,Haematology,Clinical Pathology,Microbiology & Infectious disease serology",,MC-6176,30/11/2025,29/11/2029,,,Archive Applications,Oct 3 2026 7:30AM
26,M-4617,ASR HOSPITALS (INDIA) PRIVATE LIMITED (DEPARTMENT OF LABORATORY SERVICES),nabl030920,2022,Medical,Renewal of Accreditation,A CHAITANYA KUMAR,asrprojectcoordinator@gmail.com,9533740674,"MEDICAL COLONY, DISTRICT HOSPITAL",Arunachal Pradesh,Namsai,792103,Accreditation Certificate Approved and Issued,"Clinical Biochemistry,Haematology",,MC-5898,22/08/2025,20/08/2029,,06/09/2025,Archive Applications,Oct 3 2026 7:30AM
27,M-4618,ASR HOSPITALS (INDIA) PRIVATE LIMITED (DEPARTMENT OF LABORATORY SERVICES),nabl030924,2022,Medical,Renewal of Accreditation,A CHAITANYA KUMAR,asrprojectcoordinator@gmail.com,9533740674,ZONAL GENERAL HOSPITAL,Arunachal Pradesh,Tezu,792001,Accreditation Certificate Approved and Issued,"Clinical Biochemistry,Haematology",,MC-5947,03/09/2025,29/08/2029,,13/09/2025,Archive Applications,Oct 3 2026 7:30AM
28,M-4569,X-VISION DIAGNOSTIC CENTRE (A UNIT OF DR KADAM DIAGNOSTIC CENTRE PVT LTD),nabl030937,2022,Medical,Renewal of Accreditation,AMOL WADILE,dramol0703@gmail.com,7757006733,"GROUND FLOOR PATIL PLAZA, MITRA MANDAL CHOWK",Maharashtra,Pune,411009,Accreditation Certificate Approved and Issued,"Clinical Biochemistry,Haematology,Clinical Pathology",,MC-5946,29/08/2025,28/08/2029,,16/09/2025,Archive Applications,Oct 3 2026 7:30AM
29,M-4644,LUCID MEDICAL DIAGNOSTICS PRIVATE LIMITED,nabl031010,2022,Medical,Renewal of Accreditation,ABDUL NABI,qualitycell@luciddiagnostics.com,9133355144,"PLOT NO: 1299-E, ROAD NO. 68, JUBILEE HILLS",Telangana,Secunderabad,500033,Accreditation Certificate Approved and Issued,"Clinical Biochemistry,Cytopathology,Molecular Testing,Haematology,Clinical Pathology,Microbiology & Infectious disease serology",,MC-6021,29/09/2025,28/09/2029,,09/10/2025,Archive Applications,Oct 3 2026 7:30AM
30,M-4721,DR LAL PATHLABS LTD.,nabl031048,2022,Medical,Renewal of Accreditation,Mohit Sharma,mohit.sharma1@lalpathlabs.com,9914017070,"PLOT NO. 17, GROUND FLOOR, INDUSTRIAL AREA, PHASE-1",Chandigarh,Chandigarh,160002,Accreditation Certificate Approved and Issued,"Clinical Biochemistry,Haematology,Clinical Pathology,Microbiology & Infectious disease serology",,MC-6097,04/11/2025,03/11/2029,,,Archive Applications,Oct 3 2026 7:30AM
31,M-4575,METROPOLIS HEALTHCARE LIMITED,nabl031070,2022,Medical,Scope Extension,MONA JETHWA,mona.micron@metropolisindia.com,9167016110,"125/A2, INDIRA COMPLEX",Maharashtra,Panvel,410206,Accreditation Certificate Approved and Issued,"Clinical Biochemistry,Cytopathology,Clinical Pathology,Microbiology & Infectious disease serology,Haematology & Immunohaematology",,MC-5669,09/09/2025,08/09/2029,,16/06/2026,Archive Applications,Oct 3 2026 7:30AM
32,M-4585,TENET DIAGNOSTICS PRIVATE LIMITED,nabl031103,2022,Medical,Renewal of Accreditation,GEETHA T,quality_radiology@tenetmedcorp.com,8892551685,"NO. 46, 27TH CROSS, 3RD MAIN ROAD, 7TH BLOCK, JAYANAGAR",Karnataka,Bengaluru,560011,Accreditation Certificate Approved and Issued,"MI CAB - CT,MI CAB - MRI,MI CAB - Ultrasound and Color Doppler,MI CAB - Projectional Radiography and Fluoroscopy",,MC-6128,13/11/2025,12/11/2029,,,Archive Applications,Oct 3 2026 7:30AM
33,M-4639,PARMS DIAGNOSTIC AND RESEARCH LAB PRIVATE LIMITED,nabl031104,2022,Medical,Renewal of Accreditation,BRINDA,parmslab@rediffmail.com,8608895115,"NO.166, M.T.H ROAD, VILLIVAKKAM, THIRUVALLUR",Tamil Nadu,Chennai,600049,Accreditation Certificate Approved and Issued,"Clinical Biochemistry,Haematology & Immunohaematology",,MC-8020,01/04/2026,31/03/2030,,,Shweta Sinha,Oct 3 2026 7:30AM
34,M-4849,THYROCARE TECHNOLOGIES LIMITED,nabl031113,2022,Medical,Renewal of Accreditation,Syed Ali Mohamed,syed.mohamed@thyrocare.com,9597953223,"36/1531 A, THEKKADATHCOMPLEX, AMRITHAHOSPITALROAD, AIMS POST, PONEKKARA, KOCHI, ERNAKULAM",Kerala,Kochi,682041,Accreditation Certificate Approved and Issued,"Clinical Biochemistry,Haematology,Clinical Pathology,Microbiology & Infectious disease serology",,MC-6267,18/01/2026,17/01/2030,,,Archive Applications,Oct 3 2026 7:30AM
35,M-4577,HARSHA DIAGNOSTICS,nabl031134,2022,Medical,NABL 201,CH SREE HARSHA VARMA,skraju66@gmail.com,8374612823,"D. No: 27-12-10/H, Second Floor, Srirampuram",Andhra Pradesh,Bhimavaram,534202,Accreditation Certificate Approved and Issued,Clinical Biochemistry,,MC-5660,13/07/2026,16/09/2029,,,Archive Applications,Oct 3 2026 7:30AM
36,M-4736,"DEPARTMENT OF LABORATORY MEDICINE, ZYDUS HOSPITALS & HEALTHCARE RESEARCH PVT. LTD. AHMEDABAD",nabl031136,2022,Medical,Renewal of Accreditation,SHETAL SHAH,oncolab@zydushospitals.com,9909104677,"ZYDUS CANCER CENTRE, NO. 221-222, TPS-38, HEBATPUR, OFF S.G. HIGHWAY, THALTEJ",Gujarat,Ahmedabad,380054,Accreditation Certificate Approved and Issued,"Clinical Biochemistry,Cytopathology,Haematology,Histopathology,Clinical Pathology",,MC-6062,13/10/2025,12/10/2029,,17/10/2025,Archive Applications,Oct 3 2026 7:30AM
37,M-4605,KRSNAA DIAGNOSTICS LIMITED,nabl031172,2022,Medical,Renewal of Accreditation,VINOD LONKAR,quality.pune@krsnaa.in,9822945055,"SHRI. LAL BHADUR SHASTRI GOVT. MEDICAL COLLEGE, NH. 154.PO. BHANGROTU",Himachal Pradesh,Mandi,175021,Accreditation Certificate Approved and Issued,"Clinical Biochemistry,Haematology,Clinical Pathology,Microbiology & Infectious disease serology,Haematology & Immunohaematology",,MC-6256,13/01/2026,12/01/2030,,19/01/2026,Archive Applications,Oct 3 2026 7:30AM
38,M-4578,STERLING ACCURIS PATHOLOGY LABORATORY,nabl031190,2022,Medical,Renewal of Accreditation,Anjul Vadhar,anjul.vadhar@sterlingaccuris.com,9726415232,"203, MANEK CENTRE, P.N. MARG",Gujarat,Jamnagar,361008,Accreditation Certificate Approved and Issued,"Clinical Biochemistry,Haematology,Clinical Pathology",,MC-5643,07/11/2024,06/11/2026,,,Archive Applications,Oct 3 2026 7:30AM
39,M-4581,STERLING ACCURIS PATHOLOGY LABORATORY,nabl031195,2022,Medical,NABL 201,Krupal Hapani,krupal.hapani@sterlingaccuris.com,9725102595,"2-3, Ground Floor, 112-113, First Floor, Samved Complex, Jail Road",Gujarat,Bhavnagar,364001,Accreditation Certificate Approved and Issued,"Clinical Biochemistry,Molecular Diagnostics,Clinical Pathology,Haematology & Immunohaematology",",--Select Group--",MC-7216,10/03/2025,09/03/2029,,17/05/2026,Shweta Sinha,Oct 3 2026 7:30AM
40,M-4630,HEALIA DIAGNOSTICS PRIVATE LIMITED,nabl031365,2022,Medical,Renewal of Accreditation,A THANGARAJ,lab@healia.in,9500922363,"25/12, RAMANATHAN STREET",Tamil Nadu,Chennai,600010,Accreditation Certificate Approved and Issued,"Clinical Biochemistry,Haematology,Clinical Pathology,Microbiology & Infectious disease serology",,MC-5809,20/07/2025,19/07/2029,,23/07/2025,Archive Applications,Oct 3 2026 7:30AM
41,M-4607,WELLCARE DIAGNOSTIC CLINIC,nabl031377,2022,Medical,Renewal of Accreditation,MOHD NAYYAR KHAN,drnayyarkhan@gmail.com,9167741253,"K-101&102 B, 1ST FLOOR, NASHEMAN, KAUSA, MUMBRA",Maharashtra,Thane,400612,Accreditation Certificate Approved and Issued,"Clinical Biochemistry,Haematology,Clinical Pathology,Microbiology & Infectious disease serology",,MC-5971,29/03/2025,28/03/2029,,,Archive Applications,Oct 3 2026 7:30AM
42,M-4658,AROMA DIAGNOSTICS,nabl031386,2022,Medical,Renewal of Accreditation,MD MUDASSAR IQBAL LODHI,mudassar_lodi2003@yahoo.co.in,9674935040,"73, PHEARS LANE",West Bengal,Kolkata,700073,Accreditation Certificate Approved and Issued,"Clinical Biochemistry,Haematology,Clinical Pathology,Microbiology & Infectious disease serology",,MC-5911,23/08/2025,22/08/2029,,,Archive Applications,Oct 3 2026 7:30AM
43,M-4640,GOALBERT DIAGNOSTICS PRIVATE LIMITED,nabl031433,2022,Medical,Renewal of Accreditation,NAMITA CHOWDHURY,drnamita720@gmail.com,9993150174,"A1-2, KWALITY SILVER CREST COLONY, MAIN KOLAR ROAD",Madhya Pradesh,Bhopal,462016,Accreditation Certificate Approved and Issued,"Clinical Biochemistry,Haematology,Clinical Pathology",,MC-6099,04/11/2025,03/11/2029,,08/11/2025,Archive Applications,Oct 3 2026 7:30AM
44,M-4629,NA-WIN HEALTHCARE PVT. LTD. STETHCARE DIAGNOSTICS AND CLINIC,nabl031441,2022,Medical,Renewal of Accreditation,DR ABHIGNANA,abhignana94@gmail.com,8971587277,"NO 1590, NANDI, 1ST FLOOR, SRI SRI SRI TIRUCHI MAHASWAMIJI ROAD, 1ST PHASE, 5TH STAGE, BEML LAYOUT, RAJESHWARI NAGAR",Karnataka,Bengaluru,560098,Accreditation Certificate Approved and Issued,"Clinical Biochemistry,Microbiology & Infectious disease serology",,MC-6144,23/11/2025,22/11/2029,,24/11/2025,Archive Applications,Oct 3 2026 7:30AM
45,M-4625,MANAPPURAM HEALTH CARE LIMITED (MACARE SUPER SPECIALITY CLINIC),nabl031449,2022,Medical,Renewal of Accreditation,SARATH S,nablmacare@gmail.com,9633998095,"DOOR NUMBER - V/537, HIGH SCHOOL JUNCTION",Kerala,Chavakkad,680567,Accreditation Certificate Approved and Issued,Clinical Biochemistry,,MC-6098,04/11/2025,03/11/2029,,20/11/2025,Archive Applications,Oct 3 2026 7:30AM
46,M-4669,PATKAR LABORATORY MOLECULAR DIVISION,nabl031450,2022,Medical,Renewal of Accreditation,KSHITIJA PATKAR,kshitijasw@hotmail.com,9892078851,"OFFICE NO.16, MAHAVIR CENTRE, SECTOR-17, VASHI",Maharashtra,Navi Mumbai,400703,Accreditation Certificate Approved and Issued,Molecular Testing,,MC-5994,13/10/2025,21/09/2029,,17/10/2025,Archive Applications,Oct 3 2026 7:30AM
47,M-4660,"DEPARTMENT OF MICROBIOLOGY, GAJRA RAJA MEDICAL COLLEGE",nabl031475,2022,Medical,Renewal of Accreditation,K P RANJAN,drkpranjan@gmail.com,9009021907,PALACE ROAD,Madhya Pradesh,Gwalior,474009,Accreditation Certificate Approved and Issued,"Molecular Testing,Microbiology & Infectious disease serology",,MC-5874,22/08/2025,07/08/2029,,03/09/2025,Archive Applications,Oct 3 2026 7:30AM
48,M-4703,NM MEDICAL CENTRE - LABORATORY (A UNIT OF N. MOHANLAL AND COMPANY PRIVATE LIMITED),nabl031489,2022,Medical,Renewal of Accreditation,Sujata Mallikarjuna Kalashetty,nmpath@gmail.com,9164652999,"CORPORATE TOWER, # 150 BLOCK A, OLD AIRPORT ROAD, DIAMOND DISTRICT",Karnataka,Bengaluru,560008,Accreditation Certificate Approved and Issued,"Clinical Biochemistry,Haematology,Clinical Pathology",",--Select Group--",MC-6213,26/12/2025,25/12/2029,,21/01/2026,Archive Applications,Oct 3 2026 7:30AM
49,M-4686,"CENTRAL LABORATORY, UTTAR PRADESH UNIVERSITY OF MEDICAL SCIENCES",nabl031497,2022,Medical,Renewal of Accreditation,ROOPAK AGGARWAL,clupums@gmail.com,9871663366,SAIFAI,Uttar Pradesh,Etawah,206130,Accreditation Certificate Approved and Issued,"Clinical Biochemistry,Haematology",,MC-7837,23/12/2025,22/12/2029,,,Archive Applications,Oct 3 2026 7:30AM
50,M-4632,DR LAL PATHLABS LTD,nabl031532,2022,Medical,Renewal of Accreditation,RUCHA DESAI,rucha.desai@lalpathlabs.com,9712960535,"GF-02 & FF-101, 102, BLOCK-I, TITANIUM CITY CENTER (MALL), 100FT ROAD, SATELLITE",Gujarat,Ahmedabad,380015,Accreditation Certificate Approved and Issued,"Clinical Biochemistry,Clinical Pathology,Microbiology & Infectious disease serology,Haematology & Immunohaematology",,MC-6379,12/03/2026,11/03/2030,,,Gayathri S,Oct 3 2026 7:30AM
51,M-4656,KRSNAA DIAGNOSTICS LIMITED,nabl031565,2022,Medical,Renewal of Accreditation,VINOD LONKAR,quality.pune@krsnaa.in,9822945055,"DR. RAJENDRA PRASAD GOVT. MEDICAL HOSPITAL, PUSHP VIHAR COLONY, TANDA",Himachal Pradesh,Kangra,176001,Accreditation Certificate Approved and Issued,"Clinical Biochemistry,Haematology,Clinical Pathology,Microbiology & Infectious disease serology",,MC-6082,26/10/2025,25/10/2029,,,Archive Applications,Oct 3 2026 7:30AM
52,M-4677,"DEPARTMENT OF LABORATORY SERVICES, MANIPAL HOSPITALS PRIVATE LIMITED",nabl031589,2022,Medical,Renewal of Accreditation,Jyoti Goswami,jyoti.g@manipalhospitals.com,9990083053,"BLOCK F, GOL CHAKKAR, PALAM VIHAR",Haryana,Gurgaon,122017,Accreditation Certificate Approved and Issued,"Clinical Biochemistry,Cytopathology,Haematology,Histopathology,Clinical Pathology,Microbiology & Infectious disease serology",,MC-6075,12/10/2025,11/10/2029,,13/11/2025,Archive Applications,Oct 3 2026 7:30AM
53,M-4707,KRSNAA DIAGNOSTICS Limited,nabl031661,2022,Medical,Renewal of Accreditation,VINOD LONKAR,quality.pune@krsnaa.in,9822945055,"BHOTTA CHOWK, AGRICULTURE COLONY ROOM NO 222, DR. RADHAKRISHNAN GOVT. MEDICAL COLLEGE",Himachal Pradesh,Hamirpur,177001,Accreditation Certificate Approved and Issued,"Clinical Biochemistry,Clinical Pathology,Microbiology & Infectious disease serology,Haematology & Immunohaematology",",--Select Group--",MC-6334,26/02/2026,25/02/2030,,23/03/2026,Shweta Sinha,Oct 3 2026 7:30AM
54,M-4646,STERLING ACCURIS PATHOLOGY LABORATORY,nabl031662,2022,Medical,Renewal of Accreditation,Jyoti Kadu,pathlab.baroda@sterlingaccuris.com,9327920415,"STERLING HOSPITAL, PHASE II, 1ST FLOOR, RACE COURSE CIRCLE WEST",Gujarat,Vadodara,390007,Accreditation Certificate Approved and Issued,"Clinical Biochemistry,Clinical Pathology,Microbiology & Infectious disease serology,Haematology & Immunohaematology",,MC-5729,27/03/2026,26/03/2030,,,Shweta Sinha,Oct 3 2026 7:30AM
55,M-4795,"DEPARTMENT OF MICROBIOLOGY, AIIMS, BHUBANESWAR",nabl031679,2022,Medical,Renewal of Accreditation,SRUJANA MOHANTY,micro_srujana@aiimsbhubaneswar.edu.in,9438884124,"AT/PO SIJUA, PATRAPADA",Odisha,Bhubaneswar,751019,Accreditation Certificate Approved and Issued,"Molecular Testing,Microbiology & Infectious disease serology",,MC-6186,02/12/2025,01/12/2029,,11/12/2025,Archive Applications,Oct 3 2026 7:30AM
56,M-4711,NEELAM HOSPITAL DEPARTMENT OF LABORATORY,nabl031694,2022,Medical,Renewal of Accreditation,SANDEEP WATTS,neelamhospitalnabh@gmail.com,7527023301,"NH - 64, RAJPURA-CHANDIGARH HIGHWAY, FATEHPUR GARHI",Punjab,Rajpura,140401,Accreditation Certificate Approved and Issued,"Clinical Biochemistry,Haematology,Microbiology & Infectious disease serology",",--Select Group--",MC-6159,30/11/2025,29/11/2029,,,Archive Applications,Oct 3 2026 7:30AM
57,M-4676,"HIV TESTING LABORATORY, DEPARTMENT OF MICROBIOLOGY, GOVT. THOOTHUKUDI MEDICAL COLLEGE AND HOSPITAL",nabl031701,2022,Medical,Renewal of Accreditation,T JEYAMURUGAN,srlthoothukudi@gmail.com,9443325409,PALAYAMKOTTAI ROAD,Tamil Nadu,Tuticorin,628003,Accreditation Certificate Approved and Issued,Microbiology & Infectious disease serology,,MC-6053,12/10/2025,11/10/2029,,,Archive Applications,Oct 3 2026 7:30AM
58,M-5107,BIJAY DIAGNOSTICS PRIVATE LIMITED,nabl031725,2022,Medical,Onsite Surveillance,KRIPANSHU BHARDWAJ,bdpl.begusarai@gmail.com,9972150173,"HOUSE NO. 335, WARD NO-20, KALISTHAN",Bihar,Begusarai,851101,Accreditation Certificate Approved and Issued,"Clinical Biochemistry,Haematology,Clinical Pathology",",--Select Group--",MC-7103,24/07/2025,16/01/2029,,09/03/2026,Shweta Sinha,Oct 3 2026 7:30AM
59,M-4762,AARTHI SCANS PRIVATE LIMITED,nabl031750,2022,Medical,Renewal of Accreditation,KOTESWARA REDDY,labparel@gmail.com,7603999984,"OFFICE NO. B-1A, UPPER GROUND FLOOR, BHAVYA SUPREME COMMERCIAL PREMISES CS LIMITED, ACHARYA DONDE MARG, G.D AMBEDKAR MARG, PAREL",Maharashtra,Mumbai,400012,Accreditation Certificate Approved and Issued,"Clinical Biochemistry,Clinical Pathology,Haematology & Immunohaematology",,MC-6390,16/03/2026,15/03/2030,,31/03/2026,Shweta Sinha,Oct 3 2026 7:30AM
60,M-4667,MAYA DIAGNOSTIC (DEPARTMENT OF PATHOLOGY),nabl031773,2022,Medical,Renewal of Accreditation,Souvik Chakraborty,mayadiagnosticslg@gmail.com,6290114244,"H/812/24/94, NAZRUL SARANI, ASHRAMPARA",West Bengal,Siliguri,734001,Accreditation Certificate Approved and Issued,Clinical Biochemistry,",--Select Group--",MC-7762,15/11/2025,14/11/2029,,,Gayathri S,Oct 3 2026 7:30AM
61,M-4988,SHRI CLINICAL LABORATORY - UNIT OF SCK HEALTHCARE (OPC) PRIVATE LIMITED,nabl031786,2022,Medical,Renewal of Accreditation,SHRIDHAR CHANDRAKANT KATKAR,shriclinicallaboratory@gmail.com,9764765737,"SHOP NO.8, GROUND FLOOR, PALMAR APARTMENT, FEIRA ALTA",Goa,Mapusa,403507,Accreditation Certificate Approved and Issued,"Clinical Biochemistry,Clinical Pathology,Microbiology & Infectious disease serology,Haematology & Immunohaematology",,MC-6512,08/05/2026,07/05/2030,,09/05/2026,Archive Applications,Oct 3 2026 7:30AM
62,M-4824,RIKH PATHLAB PRIVATE LIMITED,nabl031809,2022,Medical,Renewal of Accreditation,ARISHA NOORI,arisha.noori@gmail.com,8447379335,"HOUSE NUMBER 99/4, BLOCK G & H, GROUND FLOOR, SHOP NO. 04, SHAHEEN BAGH",Delhi,New Delhi,110025,Accreditation Certificate Approved and Issued,"Clinical Biochemistry,Haematology & Immunohaematology",,MC-8019,30/03/2026,29/03/2030,,,Shweta Sinha,Oct 3 2026 7:30AM
63,M-4783,NEUBERG EHRLICH LABORATORY PRIVATE LIMITED,nabl031836,2022,Medical,Renewal of Accreditation,JAYASREE VENKATRAMAN,jayasree@neubergdiagnostics.com,9444960734,"NO 7, RAJIV GANDHI SALAI, PERUNGUDI",Tamil Nadu,Chennai,600096,Accreditation Certificate Approved and Issued,"Clinical Biochemistry,Cytopathology,Molecular Testing,Haematology,Histopathology,Clinical Pathology,Microbiology & Infectious disease serology",",--Select Group--",MC-5972,13/09/2025,12/09/2029,,24/09/2025,Archive Applications,Oct 3 2026 7:30AM
64,M-4741,"CENTRAL LABORATORY, HOSPITAL NATIONAL INSTITUTE OF AYURVEDA",nabl031884,2022,Medical,Renewal of Accreditation,B K SEVATKAR,niacentrallab@gmail.com,9352311105,"GROUND FLOOR, NIA HOSPITAL WING, LABORATORY BUILDING, JORAWAR SINGH GATE, AMER ROAD",Rajasthan,Jaipur,302002,Accreditation Certificate Approved and Issued,"Clinical Biochemistry,Haematology,Clinical Pathology",,MC-6166,02/12/2025,01/12/2029,,,Archive Applications,Oct 3 2026 7:30AM
65,M-4671,"DEPARTMENT OF LAB SERVICES, NORTH EAST HEALTH CARE PRIVATE LIMITED",nabl031889,2022,Medical,Renewal of Accreditation,Meenakshi Mannem,mannem.meenakshi@marengoasia.com,9911181707,"GOLF COURSE EXTENSION ROAD, SECTOR- 56, SUSHANT LOK - II",Haryana,Gurgaon,122011,Accreditation Certificate Approved and Issued,"Clinical Biochemistry,Clinical Pathology,Microbiology & Infectious disease serology,Haematology & Immunohaematology",,MC-6422,26/03/2026,25/03/2030,,,Shweta Sinha,Oct 3 2026 7:30AM
66,M-4673,METROPOLIS HEALTHCARE LIMITED,nabl031894,2022,Medical,Renewal of Accreditation,BINU K A,binu.ei@metropolisindia.com,9496366739,"THAIKKATTIL BUILDING, ASWINI JUNCTION",Kerala,Thrissur,680022,Accreditation Certificate Approved and Issued,"Clinical Biochemistry,Cytopathology,Histopathology,Clinical Pathology,Haematology & Immunohaematology",,MC-8040,15/04/2026,14/04/2030,,,Archive Applications,Oct 3 2026 7:30AM
67,M-4716,"CENTRAL CLINICAL LABORATORY, SCHOOL OF MEDICAL SCIENCES, SSSUTMS",nabl031915,2022,Medical,Renewal of Accreditation,DR NEELESH CHAUBEY,info@sssutms.co.in,7000664232,"SH-18 BHOPAL-INDORE ROAD, PACHAMA",Madhya Pradesh,Sehore,466001,Accreditation Certificate Approved and Issued,Molecular Diagnostics,,MC-8076,05/05/2026,04/05/2030,,,Shweta Sinha,Oct 3 2026 7:30AM
68,M-4675,AGILUS DIAGNOSTICS LIMITED,nabl031920,2022,Medical,Renewal of Accreditation,SURENDRA KUMAR GUPTA,surendrag@agilus.in,7738612911,"PRIME SQUARE BUILDING, PLOT NO. 1, GAIWADI INDUSTRIAL ESTATE, S V ROAD, GOREGAON (W)",Maharashtra,Mumbai,400062,Accreditation Certificate Approved and Issued,"Clinical Biochemistry,Cytopathology,Cytogenetics,Molecular Diagnostics,Histopathology,Clinical Pathology,Flow Cytometry,Microbiology & Infectious disease serology,Haematology & Immunohaematology",",--Select Group--",MC-5718,06/05/2026,05/05/2030,,14/05/2026,Archive Applications,Oct 3 2026 7:30AM
69,M-4680,AGILUS DIAGNOSTICS LIMITED,nabl031974,2022,Medical,Renewal of Accreditation,ASHWINI,ashwini.n@agilus.in,9483445681,"FORTIS HOSPITAL, 4TH FLOOR, NO. 14, CUNNINGHAM ROAD",Karnataka,Bengaluru,560052,Accreditation Certificate Approved and Issued,"Clinical Biochemistry,Haematology,Clinical Pathology,Microbiology & Infectious disease serology",",--Select Group--",MC-7716,30/10/2025,29/10/2029,,,Archive Applications,Oct 3 2026 7:30AM
70,M-4687,AGILUS DIAGNOSTICS LIMITED,nabl031976,2022,Medical,Renewal of Accreditation,Archa Rajagopal,archa.rajagopal@agilus.in,9096220819,"BHOOMI TOWER, 1ST FLOOR, HALL NO 1, PLOT NO 28, SECTOR 4, KHARGHAR",Maharashtra,Navi Mumbai,410210,Accreditation Certificate Approved and Issued,"Clinical Biochemistry,Haematology,Clinical Pathology,Microbiology & Infectious disease serology",",--Select Group--",MC-7149,03/02/2025,02/02/2029,,,Archive Applications,Oct 3 2026 7:30AM
71,M-4688,AGILUS DIAGNOSTICS LIMITED,nabl031977,2022,Medical,Renewal of Accreditation,Punitha Shorey,punitha.shorey@agilus.in,9780698869,"FORTIS ESCORTS HOSPITAL, MAJITHA VERKA BYPASS",Punjab,Amritsar,143004,Accreditation Certificate Approved and Issued,"Clinical Biochemistry,Haematology,Clinical Pathology,Microbiology & Infectious disease serology",,MC-5747,04/04/2025,03/04/2029,,,Archive Applications,Oct 3 2026 7:30AM
72,M-4691,AGILUS DIAGNOSTICS LIMITED,nabl031980,2022,Medical,Renewal of Accreditation,ANJALEE CHHETRI,anjalee.chhetri@agilus.in,9560031896,"FORTIS HOSPITAL, NEELAM BATA ROAD, NIT",Haryana,Faridabad,121001,Accreditation Certificate Approved and Issued,"Clinical Biochemistry,Cytopathology,Molecular Diagnostics,Histopathology,Clinical Pathology,Microbiology & Infectious disease serology,Haematology & Immunohaematology",,MC-5766,20/04/2026,19/04/2030,,05/05/2026,Archive Applications,Oct 3 2026 7:30AM
73,M-4693,AGILUS DIAGNOSTICS LIMITED,nabl031984,2022,Medical,Renewal of Accreditation,Monalisa Dash,monalisa.dash@agilus.in,8763354208,"PLOT NO - 339, VIVEKANANDA MARG, GOUTAM NAGAR",Odisha,Bhubaneswar,751014,Accreditation Certificate Approved and Issued,"Clinical Biochemistry,Haematology,Clinical Pathology,Microbiology & Infectious disease serology",",--Select Group--",MC-5725,15/11/2024,14/11/2028,,24/11/2024,Archive Applications,Oct 3 2026 7:30AM
74,M-4697,AGILUS DIAGNOSTICS LIMITED,nabl031987,2022,Medical,Renewal of Accreditation,AMIT MASIH,amit.masih@agilus.in,9990629755,"FORTIS ESCORTS HEART INSTITUTE, OKHLA ROAD, OKHLA",Delhi,New Delhi,110025,Accreditation Certificate Approved and Issued,"Clinical Biochemistry,Cytopathology,Histopathology,Clinical Pathology,Microbiology & Infectious disease serology,Haematology & Immunohaematology",,MC-5765,18/04/2026,17/04/2030,,,Archive Applications,Oct 3 2026 7:30AM
75,M-4698,AGILUS DIAGNOSTICS LIMITED,nabl031990,2022,Medical,Renewal of Accreditation,JASDEEP SINGH,jasdeep.singh@srl.in,9915066548,"636 L UPPER GROUND FLOOR, MODEL TOWN",Punjab,Ludhiana,141002,Accreditation Certificate Approved and Issued,Molecular Testing,,MC-5734,18/01/2025,17/01/2029,,,Archive Applications,Oct 3 2026 7:30AM
76,M-4702,AGILUS DIAGNOSTICS LIMITED,nabl032031,2022,Medical,Renewal of Accreditation,Suneet Kaur,suneet.hora@agilus.in,9071056906,"FORTIS HOSPITALS, 154/9, BANNERGHATTA MAIN ROAD",Karnataka,Bengaluru,560076,Accreditation Certificate Approved and Issued,"Clinical Biochemistry,Cytopathology,Molecular Diagnostics,Histopathology,Clinical Pathology,Flow Cytometry,Microbiology & Infectious disease serology,Haematology & Immunohaematology,Histocompatibility & Immunogenetics",",--Select Group--",MC-6515,22/04/2026,21/04/2030,,06/05/2026,Archive Applications,Oct 3 2026 7:30AM
77,M-4804,LUPIN DIAGNOSTICS (LUPIN DIAGNOSTICS LIMITED),nabl032064,2022,Medical,NABL 201,Kanchan Mundhe,kanchanmundhe@lupindiagnostics.com,7276799096,"Kitkat Co-Operative Housing Society, Plot no. 41/F, CTS NO.175, 175/1-4, Kasturba Road No.1, Village- Kanheri, Borivali",Maharashtra,Mumbai,400066,Accreditation Certificate Approved and Issued,"Clinical Biochemistry,Clinical Pathology,Haematology & Immunohaematology",,MC-6113,30/06/2026,13/11/2029,,,Archive Applications,Oct 3 2026 7:30AM
78,M-4713,AGILUS DIAGNOSTICS LIMITED,nabl032098,2022,Medical,Renewal of Accreditation,MAITRAYEE SAHA,sandip.barman@fortishealthcare.com,8902550606,"FORTIS HOSPITALS, 730, ANANDAPUR, E.M. BYPASS ROAD",West Bengal,Kolkata,700107,Accreditation Certificate Approved and Issued,"Clinical Biochemistry,Cytopathology,Molecular Diagnostics,Histopathology,Clinical Pathology,Microbiology & Infectious disease serology,Haematology & Immunohaematology",,MC-5731,14/02/2026,13/02/2030,,,Archive Applications,Oct 3 2026 7:30AM
79,M-4715,AGILUS DIAGNOSTICS LIMITED,nabl032128,2022,Medical,Renewal of Accreditation,RICHA JOSHI,richa.joshi@agilus.in,9818889794,"FORTIS MEMORIAL RESEARCH INSTITUTE, SECTOR-44",Haryana,Gurgaon,122002,Accreditation Certificate Approved and Issued,"Clinical Biochemistry,Cytopathology,Molecular Diagnostics,Histopathology,Clinical Pathology,Flow Cytometry,Microbiology & Infectious disease serology,Haematology & Immunohaematology",,MC-5732,29/05/2026,28/05/2030,,,Archive Applications,Oct 3 2026 7:30AM
80,M-4880,SARVODAYA HOSPITAL (A UNIT OF ANSHU HOSPITALS LIMITED),nabl032155,2022,Medical,Renewal of Accreditation,MR SHAHRUKH KHAN,labqualitygrenow@sarvodayahospital.com,9540786761,"PLOT NO. POCKET 2, GH 03, SECTOR 16C, GAUR CITY 2, GAUTAM BUDDHA NAGAR",Uttar Pradesh,Greater Noida,201318,Accreditation Certificate Approved and Issued,"Clinical Biochemistry,Clinical Pathology,Microbiology & Infectious disease serology,Haematology & Immunohaematology",",--Select Group--",MC-6320,13/02/2026,12/02/2030,,,Archive Applications,Oct 3 2026 7:30AM
81,M-4788,THYROCARE TECHNOLOGIES LIMITED,nabl032156,2022,Medical,Renewal of Accreditation,Niraj Kumar,niraj.k@thyrocare.com,7209964314,"D-79, 3RD FLOOR, SECTOR-63",Uttar Pradesh,Noida,201307,Accreditation Certificate Approved and Issued,"Clinical Biochemistry,Clinical Pathology,Microbiology & Infectious disease serology,Haematology & Immunohaematology",,MC-6252,10/01/2026,09/01/2030,,12/01/2026,Archive Applications,Oct 3 2026 7:30AM
82,M-4743,PARK CLINIC (PARK MEDICAL RESEARCH AND WELFARE SOCIETY),nabl032158,2022,Medical,Renewal of Accreditation,SUBRATA MAITI,subrata_494@yahoo.com,9433106630,"4,GORKY TERRACE",West Bengal,Kolkata,700017,Accreditation Certificate Approved and Issued,"Clinical Biochemistry,Haematology & Immunohaematology",,MC-7950,11/02/2026,10/02/2030,,,Archive Applications,Oct 3 2026 7:30AM
83,M-4718,AGILUS DIAGNOSTICS LIMITED,nabl032162,2022,Medical,Renewal of Accreditation,NEELU K BHOJANI,neelu.bhojani@agilus.in,9619172007,"FORTIS HOSPITAL, CTS NO.681/A{pt}, 681/A1, A2, A3, MULUND GOREGAON LINK ROAD, BHANDUP (W), MULUND WEST",Maharashtra,Mumbai,400078,Accreditation Certificate Approved and Issued,"Clinical Biochemistry,Cytopathology,Molecular Testing,Haematology,Clinical Pathology,Microbiology & Infectious disease serology",,MC-5751,29/12/2025,28/12/2029,,31/12/2025,Archive Applications,Oct 3 2026 7:30AM
84,M-4885,LUPIN DIAGNOSTICS (LUPIN DIAGNOSTICS LIMITED),nabl032170,2022,Medical,Onsite Surveillance,DILBHARAN SINGH,dilbharansingh@lupindiagnostics.com,9097342770,"Shree Sunita Complex, Hirak Ring Road, Kusum Vihar, Koylan Nagar",Jharkhand,Dhanbad,826005,Accreditation Certificate Approved and Issued,"Clinical Biochemistry,Clinical Pathology,Haematology & Immunohaematology",",--Select Group--",MC-7024,06/08/2026,08/12/2028,,,Shweta Sinha,Oct 3 2026 7:30AM
85,M-4947,THYROCARE TECHNOLOGIES LIMITED,nabl032174,2022,Medical,Renewal of Accreditation,Pooja Sawant,pooja.sawant@thyrocare.com,9892718137,"OFFICE SPACE NO. 402, 4TH FLOOR, DIDWANIA SQUARE, HOUSE NO. D-63/9-A, TULSIPUR, MEHMOORGANJ",Uttar Pradesh,Varanasi,221010,Accreditation Certificate Approved and Issued,"Clinical Biochemistry,Clinical Pathology,Microbiology & Infectious disease serology,Haematology & Immunohaematology",,MC-6388,14/03/2026,13/03/2030,,,Archive Applications,Oct 3 2026 7:30AM
86,M-5141,GLORIA DIAGNOSTIC CENTRE,nabl032193,2022,Medical,NABL 201,RUPLEKHA CHAKRAVARTY,gloriadiagnostic.nabl@gmail.com,9435119484,"23, MANIRAM DEWAN ROAD, BAMUNIMAIDAN, KAMRUP METRO",Assam,Guwahati,781021,Accreditation Certificate Approved and Issued,Clinical Biochemistry,,MC-7076,03/01/2025,02/01/2029,,01/09/2025,Archive Applications,Oct 3 2026 7:30AM
87,M-4777,SODL LIFECARE LLP,nabl032195,2022,Medical,Renewal of Accreditation,SURAJ SHRIVASTAV,shivasiGlobal@gmail.com,9910087845,"421, POCKET 9, SECTOR-21, ROHINI",Delhi,New Delhi,110086,Accreditation Certificate Approved and Issued,"Clinical Biochemistry,Haematology,Clinical Pathology",,MC-7809,05/12/2025,04/12/2029,,,Archive Applications,Oct 3 2026 7:30AM
88,M-4958,YATHARTH DIAGNOSTICS CENTER LLP,nabl032233,2022,Medical,Renewal of Accreditation,NAMDEV GAIKWAD,labs@yatharthgroups.com,9090509191,"SHUBHAM C.H.S. SHOP NO.1, PLOT NO. 77",Maharashtra,Navi Mumbai,400709,Accreditation Certificate Approved and Issued,"Clinical Biochemistry,Clinical Pathology,Microbiology & Infectious disease serology,Haematology & Immunohaematology",,MC-6535,20/05/2026,19/05/2030,,22/05/2026,Archive Applications,Oct 3 2026 7:30AM
89,M-4789,CENTRAL LABORATORY SREE MULLAPUDI VENKATARAMANAMMA MEMORIAL HOSPITAL,nabl032244,2022,Medical,Renewal of Accreditation,HARICHANDRA PRASAD MULLAPUDI,medicaldirector@smvrmhospital.com,9618133234,"D.NO 37-9-270, VENKATARAYAPURAM,TANUKU MANDAL",Andhra Pradesh,Tanuku,534211,Accreditation Certificate Approved and Issued,"Clinical Biochemistry,Clinical Pathology,Microbiology & Infectious disease serology,Haematology & Immunohaematology",,MC-8021,01/04/2026,31/03/2030,,,Shweta Sinha,Oct 3 2026 7:30AM
90,M-4806,CLINICAL PATHOLOGY LAB (A UNIT OF ALTIMATE DIAGNOSTIC PRIVATE LIMITED),nabl032267,2022,Medical,Renewal of Accreditation,SWARNIMA GUPTA,swar_1@yahoo.co.in,8755173475,"241, NEW AGRA BY PASS ROAD",Uttar Pradesh,Agra,282004,Accreditation Certificate Approved and Issued,"Clinical Biochemistry,Clinical Pathology,Haematology & Immunohaematology",,MC-6402,21/03/2026,20/03/2030,,18/04/2026,Gayathri S,Oct 3 2026 7:30AM
91,M-4737,AGILUS DIAGNOSTICS LIMITED,nabl032314,2022,Medical,Renewal of Accreditation,Gayathri,gayathri.k@agilus.in,9840039917,"NO: 22/97, VEDA RANGHAA NIVAS, 4TH AVENUE, DR, AMBETHKAR ROAD, ASHOK NAGAR MAIN ROAD",Tamil Nadu,Chennai,600083,Accreditation Certificate Approved and Issued,"Clinical Biochemistry,Molecular Testing,Haematology,Clinical Pathology",,MC-7023,09/12/2024,08/12/2028,,,Archive Applications,Oct 3 2026 7:30AM
92,M-4740,AGILUS DIAGNOSTICS LIMITED,nabl032364,2022,Medical,Renewal of Accreditation,DASHRATH TAILOR,dashrath.tailor@agilus.in,9887391105,FORTIS HOSPITAL JLN MARG,Rajasthan,Jaipur,302017,Accreditation Certificate Approved and Issued,"Clinical Biochemistry,Cytopathology,Haematology,Histopathology,Clinical Pathology,Microbiology & Infectious disease serology",,MC-6061,13/10/2025,12/10/2029,,24/10/2025,Archive Applications,Oct 3 2026 7:30AM
93,M-4878,AGILUS DIAGNOSTICS LIMITED,nabl032386,2022,Medical,Renewal of Accreditation,Ajit Pandey,ajitkumar.pandey@agilus.in,9415617880,"C-3/282, VIPUL KHAND, RAFI AHMED KIDWAI NAGAR, GOMTI NAGAR",Uttar Pradesh,Lucknow,226010,Accreditation Certificate Approved and Issued,"Clinical Biochemistry,Cytopathology,Clinical Pathology,Microbiology & Infectious disease serology,Haematology & Immunohaematology",,MC-6469,20/04/2026,19/04/2030,,,Archive Applications,Oct 3 2026 7:30AM
94,M-4864,TRUEMEDIX LIFE SCIENCES PRIVATE LIMITED,nabl032387,2022,Medical,Renewal of Accreditation,SHILPASHREE,quality@truemedix.in,9060305405,"#38/411/217/9-B, KODIGEHALLI VILLAGE, THINDLU MAIN ROAD, SAHAKARANAGARA POST",Karnataka,Bengaluru,560092,Accreditation Certificate Approved and Issued,"Clinical Biochemistry,Cytopathology,Molecular Diagnostics,Histopathology,Clinical Pathology,Microbiology & Infectious disease serology,Haematology & Immunohaematology",,MC-8079,06/05/2026,05/05/2030,,,Shweta Sinha,Oct 3 2026 7:30AM
95,M-5039,AGILUS DIAGNOSTICS LIMITED,nabl032392,2022,Medical,NABL 201,NARENDRA PRATAP SHUKLA,narendra.shukla@agilus.in,9827201026,"GATE NO. 02, RESIDENCY AREA",Madhya Pradesh,Indore,452001,Accreditation Certificate Approved and Issued,"Clinical Biochemistry,Haematology,Clinical Pathology,Microbiology & Infectious disease serology",,MC-7066,04/06/2025,31/12/2028,,,Archive Applications,Oct 3 2026 7:30AM
96,M-4747,PATHCORE MOLECULAR LABS PRIVATE LIMITED,nabl032411,2022,Medical,Renewal of Accreditation,MANOJ KUMAR SHARMA,Pathcoremolecularlabs@gmail.com,9810834352,"DSS NO 15, SECTOR 10",Haryana,Gurgaon,122001,Accreditation Certificate Approved and Issued,"Haematology,Clinical Pathology",,MC-6051,12/10/2025,11/10/2029,,,Archive Applications,Oct 3 2026 7:30AM
97,M-4811,GENERAL DIAGNOSTICS INTERNATIONAL PRIVATE LIMITED,nabl032430,2022,Medical,Renewal of Accreditation,ANSHOUMAN ROY,patna.nabl@gd-lab.com,8433900209,"PILLAR-38, SHASHI COMPLEX, RAJA BAZAR",Bihar,Patna,800014,Accreditation Certificate Approved and Issued,"Clinical Biochemistry,Clinical Pathology,Haematology & Immunohaematology",",--Select Group--",MC-6346,01/03/2026,28/02/2030,,,Shweta Sinha,Oct 3 2026 7:30AM
98,M-4816,ENDOCRINE AND ALLERGY LABORATORY PRIVATE LIMITED,nabl032459,2022,Medical,Renewal of Accreditation,KAUSHAL PATEL,kaushalpatel512@gmail.com,9879009980,"108, WESTFACE, THALTEJ",Gujarat,Ahmedabad,380059,Accreditation Certificate Approved and Issued,"Clinical Biochemistry,Cytopathology,Molecular Diagnostics,Clinical Pathology,Microbiology & Infectious disease serology,Haematology & Immunohaematology",,MC-6314,13/02/2026,12/02/2030,,24/02/2026,Archive Applications,Oct 3 2026 7:30AM
99,M-4814,ORANGE HEALTH - A UNIT OF ORCHARD HEALTHCARE PRIVATE LIMITED,nabl032528,2022,Medical,Renewal of Accreditation,Srinitha,"nidhisharma@orangehealth.in,srinitha.palapu@orange",7732853909,"3RD FLOOR, 7-1-71/H, DK ROAD",Telangana,Hyderabad,500016,Accreditation Certificate Approved and Issued,"Clinical Biochemistry,Clinical Pathology,Microbiology & Infectious disease serology,Haematology & Immunohaematology",,MC-6403,21/03/2026,20/03/2030,,23/03/2026,Shweta Sinha,Oct 3 2026 7:30AM
100,M-4876,METROPOLIS HEALTHCARE LIMITED,nabl032529,2022,Medical,Renewal of Accreditation,MILI MOHANDAS,milim.ei@metropolisindia.com,8089480200,"BUILDING NO-43/1680 A2, METROPOLIS TOWER, PIPELINE JUNCTION, NH BYPASS ROAD, PALARIVATTAM",Kerala,Ernakulam,682025,Accreditation Certificate Approved and Issued,"Clinical Biochemistry,Molecular Diagnostics,Clinical Pathology,Microbiology & Infectious disease serology,Haematology & Immunohaematology",,MC-6286,30/01/2026,29/01/2030,,11/03/2026,Archive Applications,Oct 3 2026 7:30AM
1,M-4776,"ROTARY TTK HLA LAB, BANGALORE MEDICAL SERVICES TRUST",nabl032534,2022,Medical,Renewal of Accreditation,Santanu Chakraborty,qco@bmstindia.org,9008962315,NEW THIPPASANDRA MAIN ROAD,Karnataka,Bengaluru,560075,Accreditation Certificate Approved and Issued,Histocompatibility & Immunogenetics,,MC-6401,20/03/2026,19/03/2030,,,Shweta Sinha,Oct 3 2026 7:30AM
2,M-4792,DEPARTMENT OF PATHOLOGY NEIGRIHMS (DPN),nabl032536,2022,Medical,Renewal of Accreditation,EVARISALIN MARBANIANG,evarisalinmarbaniang@yahoo.com,8794160748,"MAWDIANGDIANG, NEIGRIHMS",Meghalaya,Shillong,793018,Accreditation Certificate Approved and Issued,"Cytopathology,Haematology,Histopathology,Clinical Pathology",,MC-6124,14/11/2025,13/11/2029,,19/11/2025,Archive Applications,Oct 3 2026 7:30AM
3,M-5097,MAHI DIAGNOSTICS,nabl032546,2022,Medical,Onsite Surveillance,ALI AHMAD SIDDIQUI,alimritech@gmail.com,8573813600,"CHANAKYAPURI, KANPUR ROAD",Uttar Pradesh,Lucknow,226005,Accreditation Certificate Approved and Issued,"MI CAB - CT,MI CAB - MRI,MI CAB - Ultrasound and Color Doppler,MI CAB - Projectional Radiography and Fluoroscopy",,MC-7205,07/08/2025,02/03/2029,,29/04/2026,Shweta Sinha,Oct 3 2026 7:30AM
4,M-4821,CRESCENT INDIA MEDICAL EDUCATION TRUST'S (CIMET'S) INAMDAR MULTISPECIALITY HOSPITAL'S DEPARTMENT OF PATHOLOGY & MICROBIOLOGY,nabl032561,2022,Medical,Renewal of Accreditation,NEELAM TILEKAR,nabl.imhdp2023@gmail.com,9545600972,"S NO 15, FATIMA NAGAR, WANWADI",Maharashtra,Pune,411040,Accreditation Certificate Approved and Issued,"Clinical Biochemistry,Clinical Pathology,Microbiology & Infectious disease serology,Haematology & Immunohaematology",,MC-6235,04/01/2026,03/01/2030,,22/01/2026,Archive Applications,Oct 3 2026 7:30AM
5,M-4765,AGILUS DIAGNOSTICS LIMITED,nabl032562,2022,Medical,Renewal of Accreditation,Vijay Prasad Sahu,vijay.sahu@agilus.in,8878100056,"SHOP NO. 25-26, GROUND FLOOR, KRISHNA COMPLEX, JAIL ROAD, KATCHERY CHOWK",Chhattisgarh,Raipur,492001,Accreditation Certificate Approved and Issued,"Clinical Biochemistry,Clinical Pathology,Haematology & Immunohaematology",,NABLM0626CG08137,21/06/2026,20/06/2030,,,Archive Applications,Oct 3 2026 7:30AM
6,M-4767,AGILUS DIAGNOSTICS LIMITED,nabl032573,2022,Medical,Renewal of Accreditation,SPANDAN SARMAH,spandan.sarmah@agilus.in,9706033941,"2ND FLOOR, DOLPHIN GALAXY, G.S. ROAD",Assam,Guwahati,781007,Accreditation Certificate Approved and Issued,"Clinical Biochemistry,Molecular Testing,Clinical Pathology,Microbiology & Infectious disease serology,Haematology & Immunohaematology",,MC-6001,28/03/2026,27/03/2030,,30/03/2026,Archive Applications,Oct 3 2026 7:30AM
7,M-4818,ORANGE HEALTH LABS (A UNIT OF ORCHARD HEALTH CARE PRIVATE LIMITED),nabl032599,2022,Medical,Renewal of Accreditation,Shivani Tiwari,nidhi.sharma@orangehealth.in,7732853909,"INDUSTRIAL PROPERTY NO. 96, BLOCK-C, SECTOR 65, GAUTAM BUDDHA NAGAR",Uttar Pradesh,Noida,201301,Accreditation Certificate Approved and Issued,"Clinical Biochemistry,Clinical Pathology,Microbiology & Infectious disease serology,Haematology & Immunohaematology",,MC-6357,01/03/2026,28/02/2030,,,Shweta Sinha,Oct 3 2026 7:30AM
8,M-4812,GREAT EASTERN MEDICAL SCHOOL AND HOSPITAL CENTRAL LABORATORY (A UNIT OF ADITYA EDUCATIONAL SOCIETY),nabl032601,2022,Medical,Renewal of Accreditation,Ch Venkatesh,nabl@gems.edu.in,9160934069,"D.NO. 3-351, GUDEM ROAD, RAGOLU",Andhra Pradesh,Srikakulam,532484,Accreditation Certificate Approved and Issued,"Clinical Biochemistry,Haematology,Clinical Pathology,Microbiology & Infectious disease serology",,MC-7855,31/12/2025,30/12/2029,,,Archive Applications,Oct 3 2026 7:30AM
9,M-4825,VIJAYA DIAGNOSTIC CENTRE LIMITED,nabl032636,2022,Medical,Renewal of Accreditation,Vijaya Sree Mathe,vijayasree.mathe@vijayadiagnostic.in,9989701120,"D.NO.10-14-575/D, TILAK ROAD, REDDY AND REDDY'S COLONY",Andhra Pradesh,Tirupati,517501,Accreditation Certificate Approved and Issued,"Clinical Biochemistry,Cytopathology,Clinical Pathology,Microbiology & Infectious disease serology,Haematology & Immunohaematology",,MC-6283,25/01/2026,24/01/2030,,20/04/2026,Archive Applications,Oct 3 2026 7:30AM
10,M-4790,MEDICAYAR PATHOLOGICAL LABORATORY (OPC) PRIVATE LIMITED,nabl032638,2022,Medical,Renewal of Accreditation,RAJENDRAN MENON,medicarenabl2023@gmail.com,9820979731,"TUKARAM NIWAS BUILDING, KDMC HOSPITAL, SHASTRI NAGAR, KOPAR CROSS ROAD, DOMBIVLI",Maharashtra,Thane,421202,Accreditation Certificate Approved and Issued,"Clinical Biochemistry,Haematology & Immunohaematology",,MC-7874,14/01/2026,13/01/2030,,,Archive Applications,Oct 3 2026 7:30AM
11,M-4779,AGILUS DIAGNOSTICS LIMITED,nabl032665,2022,Medical,Renewal of Accreditation,KAMLESH KUMAR,kamlesh.kumar-tp@fortishealthcare.com,9910403643,"FORTIS FLT. LT. RAJAN DHALL HOSPITAL, B-1, ARUNA ASAF ALI MARG",Delhi,New Delhi,110070,Accreditation Certificate Approved and Issued,"Clinical Biochemistry,Cytopathology,Haematology,Histopathology,Clinical Pathology,Microbiology & Infectious disease serology",",--Select Group--",MC-5836,28/12/2024,27/12/2028,,,Archive Applications,Oct 3 2026 7:30AM
12,M-4842,THYROCARE TECHNOLOGIES LIMITED,nabl032670,2022,Medical,Renewal of Accreditation,Abhijit Das,das.abhijit@thyrocare.com,8617789411,"2ND FLOOR, SHOWROOM NO 201, COMMERCE SIX COMPLEX, T.P.S NO 19, F.P NO 265, METRO ROAD, NAVRANGPURA",Gujarat,Ahmedabad,380009,Accreditation Certificate Approved and Issued,"Clinical Biochemistry,Haematology,Clinical Pathology,Microbiology & Infectious disease serology",,MC-6227,04/01/2026,03/01/2030,,,Archive Applications,Oct 3 2026 7:30AM
13,M-4780,AGILUS DIAGNOSTICS LIMITED,nabl032675,2022,Medical,Renewal of Accreditation,Bindu Jadeja,bindu.jadeja@agilus.in,7405720601,"5TH FLOOR, HIRANANDANI HOSPITAL (A FORTIS NETWORK HOSPITAL), MINI SEA SHORE ROAD, SECTOR-10A, VASHI",Maharashtra,Navi Mumbai,400703,Accreditation Certificate Approved and Issued,"Clinical Biochemistry,Cytopathology,Haematology,Clinical Pathology,Microbiology & Infectious disease serology",,MC-5837,26/06/2025,25/06/2029,,,Archive Applications,Oct 3 2026 7:30AM
14,M-4782,METROPOLIS HEALTHCARE LIMITED,nabl032686,2022,Medical,Scope Extension,RAVI KUMAR H N,drravikumar@metropolisindia.com,9845038356,"NO.76/10,4TH MAIN,15TH CROSS, MALLESHWARAM",Karnataka,Bengaluru,560003,Accreditation Certificate Approved and Issued,"Clinical Biochemistry,Cytopathology,Molecular Diagnostics,Histopathology,Clinical Pathology,Microbiology & Infectious disease serology,Haematology & Immunohaematology",,MC-5857,01/05/2026,30/04/2030,,31/07/2026,Archive Applications,Oct 3 2026 7:30AM
15,M-4888,CENTROMED LABS PRIVATE LIMITED,nabl032702,2022,Medical,Renewal of Accreditation,RAJI NAIR,qualitybangalore@centromedlabs.com,9148696078,"302, SWASTIK HOUSE, GROUND FLOOR, AMARJYOTHI LAYOUT, DOMLUR, BENGALURU URBAN",Karnataka,Bengaluru,560071,Accreditation Certificate Approved and Issued,"Clinical Biochemistry,Clinical Pathology,Haematology & Immunohaematology",,MC-6380,12/03/2026,11/03/2030,,,Archive Applications,Oct 3 2026 7:30AM
16,M-4827,"DEPT. OF LABORATORY MEDICINE, MGM HEALTHCARE PRIVATE LIMITED",nabl032717,2022,Medical,Renewal of Accreditation,ANNABEL DSOUZA SEKAR,annabel.s@mgmhealthcare.in,9894044989,"72, NELSON MANICKAM ROAD, AMINJIKARAI",Tamil Nadu,Chennai,600029,Accreditation Certificate Approved and Issued,"Clinical Biochemistry,Cytopathology,Molecular Testing,Haematology,Histopathology,Clinical Pathology,Microbiology & Infectious disease serology",,MC-6264,15/01/2026,14/01/2030,,,Archive Applications,Oct 3 2026 7:30AM
17,M-4856,"DEPARTMENT OF MOLECULAR BIOLOGY AND GENETICS, KRISHNA VISHWA VIDYAPEETH (DEEMED TO BE UNIVERSITY) KARAD",nabl032730,2022,Medical,Renewal of Accreditation,Satish R Patil,hodgeneticslab@kvv.edu.in,9423033060,"DEPARTMENT OF MOLECULAR BIOLOGY AND GENETICS, GROUND FLOOR, MEDICAL COLLEGE BUILDING, KRISHNA VISHWA VIDYAPEETH (DEEMED TO BE UNIVERSITY), MALKAPUR",Maharashtra,Karad,415539,Accreditation Certificate Approved and Issued,"Cytogenetics,Molecular Diagnostics",,NABLM0626MH08106,06/06/2026,05/06/2030,,,Shweta Sinha,Oct 3 2026 7:30AM
18,M-4899,PROLIFE DIAGNOSTICS (A UNIT OF BALAJI MEDISCANS PRIVATE LIMITED),nabl032741,2022,Medical,Renewal of Accreditation,MANAS BAISAKH,drmbaisakh@gmail.com,7205050560,"PLOT NO-361/3074, AIIMS NAGAR, PATRAPADA",Odisha,Bhubaneswar,751019,Accreditation Certificate Approved and Issued,"Clinical Biochemistry,Cytopathology,MI CAB - Interventional Radiology,MI CAB - MRI,MI CAB - Ultrasound and Color Doppler,MI CAB - Projectional Radiography and Fluoroscopy,Histopathology,Clinical Pathology,Microbiology & Infectious disease serology,Haematology & Immunohaematology",,MC-6591,13/06/2026,12/06/2030,,,Shweta Sinha,Oct 3 2026 7:30AM
19,M-4851,SIRONA DIAGNOSTICS PRIVATE LIMITED,nabl032764,2022,Medical,Scope Extension,Faisal Ansari,nablsirona2023@gmail.com,9820640724,"GROUND FLOOR, MANOJ CHS, SHANKAR GHANEKAR ROAD, PRABHADEVI",Maharashtra,Mumbai,400025,Accreditation Certificate Approved and Issued,"Clinical Biochemistry,Haematology,Haematology & Immunohaematology",,MC-6198,15/12/2025,14/12/2029,,24/08/2026,Archive Applications,Oct 3 2026 7:30AM
20,M-4871,MADAN HOSPITAL (DEPARTMENT OF LABORATORY) A UNIT OF DESHRAJ JAN KALYAN SAMITI,nabl032779,2022,Medical,Renewal of Accreditation,SHASHI SHEKAR TRIPATHI,pathologylab@madanhospital.com,9458408640,KANDHANI,Uttar Pradesh,Etawah,206001,Accreditation Certificate Approved and Issued,Clinical Biochemistry,,MC-8010,23/03/2026,22/03/2030,,,Shweta Sinha,Oct 3 2026 7:30AM
21,M-4830,"SAHYADRI HOSPITALS Private Limited, SAHYADRI SPECIALITY LABS",nabl032823,2022,Medical,Renewal of Accreditation,RUPA SHARMA,pathologists.ngr@manipalhospitals.com,8149902712,"HERMES HERITAGE PHASE II, SHASTRI NAGAR, YERAWADA",Maharashtra,Pune,411006,Accreditation Certificate Approved and Issued,"Clinical Biochemistry,Clinical Pathology,Haematology & Immunohaematology",,MC-6416,22/03/2026,21/03/2030,,,Archive Applications,Oct 3 2026 7:30AM
22,M-4831,"SAHYADRI HOSPITALS PRIVATE LIMITED, SAHYADRI SPECIALITY LABS",nabl032831,2022,Medical,Renewal of Accreditation,NIMMIE MARAK,pathologists.lab@manipalhospitals.com,7755922216,"S.NO.163A/1A/26A, 5, 21, BHOSALE GARDEN, PUNE-SOLAPUR ROAD, HADAPSAR",Maharashtra,Pune,411028,Accreditation Certificate Approved and Issued,"Clinical Biochemistry,Clinical Pathology,Haematology & Immunohaematology",,MC-6347,27/02/2026,26/02/2030,,,Archive Applications,Oct 3 2026 7:30AM
23,M-4799,DEPARTMENT OF PATHOLOGY AND LABORATORY MEDICINE JAGJIVANRAM HOSPITAL WESTERN RAILWAY,nabl032858,2022,Medical,Renewal of Accreditation,YOGANAND V. PATIL,MRUNALKESARI@GMAIL.COM,9004490521,MARATHA MANDIR MARG,Maharashtra,Mumbai,400008,Accreditation Certificate Approved and Issued,"Clinical Biochemistry,Cytopathology,Molecular Testing,Haematology,Histopathology,Clinical Pathology,Microbiology & Infectious disease serology",,MC-7222,12/03/2025,11/03/2029,,,Archive Applications,Oct 3 2026 7:30AM
24,M-4832,QUADRA MEDICAL SERVICES PRIVATE LIMITED,nabl032872,2022,Medical,Renewal of Accreditation,Saikat Mondal,quadramicrobiology41@gmail.com,9830108209,"41, HAZRA ROAD",West Bengal,Kolkata,700019,Accreditation Certificate Approved and Issued,"Molecular Testing,Microbiology & Infectious disease serology",,MC-6185,02/12/2025,01/12/2029,,12/12/2025,Archive Applications,Oct 3 2026 7:30AM
25,M-4801,"DEPARTMENT OF LABORATORY MEDICINE, ASHWINI SAHAKARI RUGNALAYA ANI SANSHODHAN KENDRA NIYAMIT",nabl032908,2022,Medical,Renewal of Accreditation,PRASHANT RENAKE,ashwinimicro83@gmail.com,9890176460,"SURVEY NO. 3123, TANK PLOT NO. 3, NORTH SADAR BAZAR",Maharashtra,Solapur,413003,Accreditation Certificate Approved and Issued,"Clinical Biochemistry,Molecular Testing,Haematology,Microbiology & Infectious disease serology",,MC-7310,12/04/2025,11/04/2029,,,Archive Applications,Oct 3 2026 7:30AM
26,M-4829,INTENSE DIAGNOSTICS LLP,nabl032913,2022,Medical,Renewal of Accreditation,RAVINDRA MOTE,mote.ravindra@gmail.com,8888884024,"SHOP NO. 21, BUILDING NO. 37, SHANTI PLAZA CHS LTD, SECTOR VI",Maharashtra,Mira Bhayandar,401107,Accreditation Certificate Approved and Issued,"Clinical Biochemistry,Haematology,Clinical Pathology",,MC-6093,17/11/2025,31/10/2029,,22/11/2025,Archive Applications,Oct 3 2026 7:30AM
27,M-4805,AGILUS PATHLABS - DR. PHADKE LABS (AGILUS PATHLABS PRIVATE LIMITED),nabl032932,2022,Medical,Renewal of Accreditation,SANDEEP S SHARMA,sandeep.sharma@agilus.in,9820790143,"UDYAM, 1ST FLOOR, SENAPATI BAPAT SQUARE, RANADE ROAD, SHIVAJI PARK, DADAR (WEST)",Maharashtra,Mumbai,400028,Accreditation Certificate Approved and Issued,Clinical Pathology,,MC-5875,28/03/2025,27/03/2029,,,Archive Applications,Oct 3 2026 7:30AM
28,M-5476,"HOMI BHABHA CANCER HOSPITAL & RESEARCH CENTRE, DIAGNOSTIC SERVICES",nabl032941,2022,Medical,First Accreditation,Rahul Ravi,nablhbchrcv@gmail.com,6207561635,AGANAMPUDI,Andhra Pradesh,Visakhapatnam,530046,Accreditation Certificate Approved and Issued,"Clinical Biochemistry,Cytopathology,Haematology,Histopathology,Clinical Pathology,Microbiology & Infectious disease serology",,MC-7308,11/04/2025,10/04/2029,,,Archive Applications,Oct 3 2026 7:30AM
29,M-4925,KAILASH DEEPAK HOSPITAL,nabl032954,2022,Medical,Renewal of Accreditation,SANGITA SINGH,LAB@KAILASHDEEPAKHOSPITAL.COM,9871240719,"5, INSTITUTIONAL AREA, VIKAS MARG EXTN-II",Delhi,Delhi,110092,Accreditation Certificate Approved and Issued,"Clinical Biochemistry,Clinical Pathology,Haematology & Immunohaematology",,MC-6344,27/02/2026,26/02/2030,,,Shweta Sinha,Oct 3 2026 7:30AM
30,M-4848,"REGIONAL VIROLOGY LABORATORY, AIIMS BHOPAL",nabl032962,2022,Medical,Renewal of Accreditation,Dr. Debasis Biswas,debasis.microbiology@aiimsbhopal.edu.in,7747010312,SAKET NAGAR,Madhya Pradesh,Bhopal,462020,Accreditation Certificate Approved and Issued,"Molecular Testing,Microbiology & Infectious disease serology",,MC-6151,28/11/2025,27/11/2029,,23/12/2025,Archive Applications,Oct 3 2026 7:30AM
31,M-4822,DDRC AGILUS PATHLABS LIMITED,nabl033011,2022,Medical,Renewal of Accreditation,SONI GEORGE,soni.george@agilus.in,9778968016,"G 131, DDRC AGILUS TOWER, PANAMPILLY NAGAR",Kerala,Ernakulam,682036,Accreditation Certificate Approved and Issued,"Clinical Biochemistry,Cytopathology,Molecular Testing,Cytogenetics,Haematology,Histopathology,Clinical Pathology,Microbiology & Infectious disease serology",",--Select Group--",MC-7005,03/12/2024,02/12/2028,,,Archive Applications,Oct 3 2026 7:30AM
32,M-5765,JAY CT SCAN CENTRE,nabl033053,2022,Medical,First Accreditation,NAMAN SHARMA,lab.jayctscan@gmail.com,9928365484,"VINAYAK NAGAR, HOUSING BOARD ROAD, ALANPUR",Rajasthan,Sawai Madhopur,322021,Accreditation Certificate Approved and Issued,Clinical Biochemistry,,MC-7792,28/11/2025,27/11/2029,,,Archive Applications,Oct 3 2026 7:30AM
33,M-4941,"HIV DIAGNOSTIC LABORATORY, DEPARTMENT OF MICROBIOLOGY, GOVERNMENT MEDICAL COLLEGE, AKOLA",nabl033073,2022,Medical,Renewal of Accreditation,Jagdish G.Morey,srltoakola@mahasacs.org,8668934417,"DEPARTMENT OF MICROBIOLOGY, GOVERNMENT MEDICAL COLLEGE, COLLECTOR OFFICE ROAD",Maharashtra,Akola,444001,Accreditation Certificate Approved and Issued,Microbiology & Infectious disease serology,,MC-6483,24/04/2026,23/04/2030,,13/05/2026,Shweta Sinha,Oct 3 2026 7:30AM
34,M-4823,GAGAN PATHOLOGY AND IMAGING PRIVATE LIMITED,nabl033095,2022,Medical,Renewal of Accreditation,ANKUR GARG,gaganlab@yahoo.com,9899265855,"D-14/152-153, 2ND FLOOR, 154-155, SECTOR 3, ROHINI",Delhi,New Delhi,110085,Accreditation Certificate Approved and Issued,"Clinical Biochemistry,Molecular Testing,Haematology,Clinical Pathology,Microbiology & Infectious disease serology",,MC-6091,30/01/2025,29/01/2029,,,Archive Applications,Oct 3 2026 7:30AM
35,M-4852,GANESH HOSPITAL PRIVATE LIMITED-LABORATORY,nabl033116,2022,Medical,Renewal of Accreditation,PRATEEK SHARMA,prateek.healthcare@gmail.com,9599633766,"II-C/3, NEHRU NAGAR",Uttar Pradesh,Ghaziabad,201001,Accreditation Certificate Approved and Issued,"Clinical Biochemistry,Haematology & Immunohaematology",,MC-6362,06/03/2026,05/03/2030,,,Shweta Sinha,Oct 3 2026 7:30AM
36,M-4889,LABORATORY-EMS MEMORIAL CO-OPERATIVE HOSPITAL AND RESEARCH CENTRE LIMITED,nabl033162,2022,Medical,Renewal of Accreditation,JASMINE PT,drjassyed@gmail.com,9947701565,"FIRST FLOOR, MAIN BLOCK LABORATORY-EMS MEMORIAL CO-OPERATIVE HOSPITAL AND RESEARCH CENTRE LIMITED, PERINTHALMANNA",Kerala,Malappuram,679322,Accreditation Certificate Approved and Issued,"Clinical Biochemistry,Molecular Diagnostics,Clinical Pathology,Microbiology & Infectious disease serology,Haematology & Immunohaematology",",--Select Group--",MC-6318,13/02/2026,12/02/2030,,02/03/2026,Shweta Sinha,Oct 3 2026 7:30AM
37,M-4858,"DEPARTMENT OF HISTOPATHOLOGY & CYTOPATHOLOGY, GOVT. KILPAUK MEDICAL COLLEGE & HOSPITAL",nabl033211,2022,Medical,Renewal of Accreditation,A JAMILA,drjamilarose@yahoo.com,9841066329,"822, POONAMALLEE HIGH RD, KILPAUK",Tamil Nadu,Chennai,600010,Accreditation Certificate Approved and Issued,"Cytopathology,Histopathology",,MC-6245,03/01/2026,02/01/2030,,,Archive Applications,Oct 3 2026 7:30AM
38,M-5289,SHRI VINAYAGA DIAGNOSTICS,nabl033294,2022,Medical,NABL 201,DHANDAPANI,dhandapani@svscan.com,9894664095,"NO. 190, WEST KAMARAJAPURAM STREET, SENGUNTHAPURAM",Tamil Nadu,Karur,639002,Accreditation Certificate Approved and Issued,"Clinical Biochemistry,Haematology",,MC-7092,18/07/2025,15/01/2029,,,Archive Applications,Oct 3 2026 7:30AM
39,M-4872,"ZYNOVA HOSPITALS PRIVATE LIMITED, PATHOLOGY DEPARTMENT",nabl033302,2022,Medical,Renewal of Accreditation,MANASVI BABAN KAMBLE,pathology@zynovahospitals.com,8928517486,"PLOT NO 8B, AMBIKA ASHISH, 1896, 1897, 1898, 1899, VILLAGE GHATKOPAR, KIROL, LBS MARG, GANDHI NAGAR, GHATKOPAR WEST",Maharashtra,Mumbai,400086,Accreditation Certificate Approved and Issued,"Clinical Biochemistry,Microbiology & Infectious disease serology,Haematology & Immunohaematology",",--Select Group--",MC-8053,23/04/2026,22/04/2030,,,Archive Applications,Oct 3 2026 7:30AM
40,M-5169,ATMIYA PATHOLOGY LABORATORY,nabl033306,2022,Medical,Onsite Surveillance,MITESHKUMAR B SHAH,atmiyalabs@gmail.com,9898027431,"1, RAAG DUPLEX, SUBHANPURA",Gujarat,Vadodara,390023,Accreditation Certificate Approved and Issued,Clinical Biochemistry,,MC-6886,30/12/2025,02/10/2028,,,Shweta Sinha,Oct 3 2026 7:30AM
41,M-4882,METROPOLIS HEALTHCARE LIMITED,nabl033467,2022,Medical,Scope Extension,SUREKHA MAHALE,surekhamahale.nk@metropolisindia.com,8237077803,"PLOT NO-1, SURVEY NO-733/1/2/1, UNITED LEGEND BUILDING, 2ND FLOOR, MAHATMA NAGAR ROAD, PARIJAT NAGAR",Maharashtra,Nashik,422005,Accreditation Certificate Approved and Issued,"Clinical Biochemistry,Cytopathology,Haematology,Clinical Pathology,Microbiology & Infectious disease serology,Haematology & Immunohaematology",",--Select Group--",MC-6143,27/02/2026,26/02/2030,,30/06/2026,Shweta Sinha,Oct 3 2026 7:30AM
42,M-4865,"ZYDUS LIFESCIENCES LIMITED, ZYDUS RESEARCH CENTRE, CLINICAL PATHOLOGY LABORATORY",nabl033477,2022,Medical,Scope Extension,KALPESH GANDHI,KALPESHGANDHI@ZYDUSCADILA.COM,9898258355,"SURVEY NO 396/403, SARKHEJ - BAVLA NH NO. 8A, MORAIYA",Gujarat,Ahmedabad,382210,Accreditation Certificate Approved and Issued,"Clinical Biochemistry,Clinical Pathology,Microbiology & Infectious disease serology,Haematology & Immunohaematology",",--Select Group--,--No Data--",MC-6011,27/12/2025,26/12/2029,,18/06/2026,Gayathri S,Oct 3 2026 7:30AM
43,M-4859,RDPL ROYAL DIAGNOSTICS PRIVATE LIMITED,nabl033573,2022,Medical,Renewal of Accreditation,RAJENDER SINGH KULHARI,nablrdpl@gmail.com,8696411119,"SHOP-17,18,19, VIDYUT NAGAR, DCM",Rajasthan,Jaipur,302021,Accreditation Certificate Approved and Issued,"Clinical Biochemistry,Haematology,Clinical Pathology",,MC-6274,18/01/2026,17/01/2030,,,Archive Applications,Oct 3 2026 7:30AM
44,M-4875,DR. RAJEEV ULTRASOUND LAB PRIVATE LIMITED,nabl033588,2022,Medical,Renewal of Accreditation,Rakesh Dixit,rakeshdixit007@yahoo.com,8285108072,"B15, GROUND AND FIRST FLOOR, SHANKAR GARDEN,VIKASPURI",Delhi,New Delhi,110018,Accreditation Certificate Approved and Issued,"Clinical Biochemistry,Clinical Pathology,Haematology & Immunohaematology",,MC-8074,05/05/2026,04/05/2030,,,Shweta Sinha,Oct 3 2026 7:30AM
45,M-4914,"LABORATORY SERVICES, SMT. SMS MULTISPECIALITY HOSPITAL, (DR. MKSMCRC)",nabl033637,2022,Medical,Renewal of Accreditation,FALGUNI PATEL,hod_pathology@mkshahmcrc.org,9714690746,"1ST FLOOR, BLOCK A B, VISAT-GANDHINAGAR HIGHWAY, MOTERA",Gujarat,Ahmedabad,382424,Accreditation Certificate Approved and Issued,"Clinical Biochemistry,Clinical Pathology,Microbiology & Infectious disease serology,Haematology & Immunohaematology",,MC-6462,17/04/2026,16/04/2030,,,Shweta Sinha,Oct 3 2026 7:30AM
46,M-4890,REDCLIFFE LIFETECH PRIVATE LIMITED,nabl033649,2022,Medical,Renewal of Accreditation,Pradeep Kumar,pradeep.chaudhary@redcliffelabs.com,8979891946,"BUILDING NO. 168, FIRST FLOOR, SARATHY, 9TH MAIN, SECTOR 6, HSR LAYOUT",Karnataka,Bengaluru,560102,Accreditation Certificate Approved and Issued,"Clinical Biochemistry,Clinical Pathology,Haematology & Immunohaematology",,MC-6353,01/03/2026,28/02/2030,,11/03/2026,Archive Applications,Oct 3 2026 7:30AM
47,M-4949,"DEPARTMENT OF LABORATORY MEDICINE, MANIPAL HOSPITAL",nabl033669,2022,Medical,Renewal of Accreditation,M. ANUPAMA,anupama.k@manipalhospitals.com,9989166555,"NH5, NEAR VARADHI",Andhra Pradesh,Tadepalle,522501,Accreditation Certificate Approved and Issued,"Clinical Biochemistry,Cytopathology,Molecular Diagnostics,Histopathology,Clinical Pathology,Microbiology & Infectious disease serology,Haematology & Immunohaematology",,MC-6209,27/02/2026,26/02/2030,,,Archive Applications,Oct 3 2026 7:30AM
48,M-4989,PATHKIND DIAGNOSTICS PRIVATE LIMITED,nabl033850,2022,Medical,Renewal of Accreditation,LONA MOHAPATRA,lona.mohapatra@pathkindlabs.com,9958415656,"PLOT NO. C-256, UDYAN MARG, FOREST PARK",Odisha,Bhubaneswar,751009,Accreditation Certificate Approved and Issued,"Clinical Biochemistry,Molecular Diagnostics,Clinical Pathology,Microbiology & Infectious disease serology,Haematology & Immunohaematology",,MC-6463,17/04/2026,16/04/2030,,,Archive Applications,Oct 3 2026 7:30AM
49,M-4869,"CENTER FOR CLINICAL INVESTIGATIONS (CCI), SIR SUNDERLAL HOSPITAL, INSTITUTE OF MEDICAL SCIENCES, BANARAS HINDU UNIVERSITY",nabl033886,2022,Medical,Renewal of Accreditation,SURENDRA PRATAP MISHRA,ccilabbhu@gmail.com,9453172674,BANARAS HINDU UNIVERSITY (BHU),Uttar Pradesh,Varanasi,221005,Accreditation Certificate Approved and Issued,Clinical Biochemistry,,MC-7907,27/01/2026,26/01/2030,,,Shweta Sinha,Oct 3 2026 7:30AM
50,M-5016,ENDOCRINE LABORATORY AND RESEARCH CENTRE PRIVATE LIMITED,nabl034031,2022,Medical,Onsite Surveillance,DINESH SONI,endocrinelaboratory9@gmail.com,9827437123,"100- JAORA COMPOUND, M.Y. HOSPITAL",Madhya Pradesh,Indore,452001,Accreditation Certificate Approved and Issued,"Clinical Biochemistry,Clinical Pathology,Microbiology & Infectious disease serology,Haematology & Immunohaematology",,MC-6997,29/11/2024,28/11/2028,,22/01/2026,Shweta Sinha,Oct 3 2026 7:30AM
51,M-4886,"ASIAN INSTITUTE OF MEDICAL SCIENCES (AIMS HOSPITAL), LABORATORY MEDICINE DEPARTMENT",nabl034103,2022,Medical,Renewal of Accreditation,Pooja Maurya,labquality@aimshospital.co.in,8879854959,"PLOT P-72, MILAP NAGAR, MIDC, DOMBIVLI EAST",Maharashtra,Dombivli,421203,Accreditation Certificate Approved and Issued,"Clinical Biochemistry,Clinical Pathology,Microbiology & Infectious disease serology,Haematology & Immunohaematology",,MC-6603,18/06/2026,17/06/2030,,,Archive Applications,Oct 3 2026 7:30AM
52,M-4908,MUSKANUMANG HEALTHCARE LLP (DEPARTMENT OF LABORATORY MEDICINE),nabl034112,2022,Medical,Renewal of Accreditation,BARNALI SAMANTA,clinicapollo1905@gmail.com,9330582158,"289, DIAMOND HARBOUR ROAD",West Bengal,Kolkata,700063,Accreditation Certificate Approved and Issued,"Clinical Biochemistry,Clinical Pathology,Haematology & Immunohaematology",,MC-6498,03/05/2026,02/05/2030,,11/05/2026,Gayathri S,Oct 3 2026 7:30AM
53,M-4877,INDRA DIAGNOSTIC CENTER,nabl034217,2022,Medical,Renewal of Accreditation,Chandrashekhar Verma,indralabs.vns@gmail.com,8169375288,"NH-2 ROAD, AKHARI BYPASS CROSSING",Uttar Pradesh,Varanasi,221011,Accreditation Certificate Approved and Issued,"Clinical Biochemistry,Molecular Diagnostics,Clinical Pathology,Haematology & Immunohaematology",",--Select Group--,--No Data--",MC-6332,22/02/2026,21/02/2030,,12/03/2026,Archive Applications,Oct 3 2026 7:30AM
54,M-5043,Genexplore Diagnostics and ResearcH Center Private Limited,nabl034271,2022,Medical,Renewal of Accreditation,SHIVA SHANKARAN CHETTIAR,info@genexplore.co.in,9586022557,"1201-1210, 12TH FLOOR, ICONIC SHYAMAL, SHYAMAL CROSS ROAD,132 FEET RING ROAD",Gujarat,Ahmedabad,380015,Accreditation Certificate Approved and Issued,"Molecular Testing,Cytogenetics",,MC-6924,21/10/2024,20/10/2028,,,Archive Applications,Oct 3 2026 7:30AM
55,M-4950,RP MEDHELIX DIAGNOSTICS PRIVATE LIMITED,nabl034464,2022,Medical,Renewal of Accreditation,RAGHUNATH N UNNI,pathquality1@gmail.com,9946142899,"44/1823 (35/3097 B), FIRST FLOOR, POMONA ANNEXE, THAMMANAM ROAD, PALARIVATTOM",Kerala,Kochi,682025,Accreditation Certificate Approved and Issued,"Cytopathology,Histopathology",,MC-6424,22/03/2026,21/03/2030,,,Shweta Sinha,Oct 3 2026 7:30AM
56,M-4898,VIJAYA DIAGNOSTIC CENTRE LIMITED,nabl034516,2022,Medical,Renewal of Accreditation,VIJAYASREE MATHE,vijayasree.mathe@vijayadiagnostic.in,9989701120,"D NO. 173/4/5, MANGALGANTI, NAZRUL ISLAM SARANI (VIP ROAD), 24 PARAGANAS NORTH",West Bengal,Kolkata,700052,Accreditation Certificate Approved and Issued,"Clinical Biochemistry,Cytopathology,Histopathology,Clinical Pathology,Microbiology & Infectious disease serology,Haematology & Immunohaematology",",--Select Group--",MC-6404,21/03/2026,20/03/2030,,30/03/2026,Archive Applications,Oct 3 2026 7:30AM
57,M-4916,SRIKAMATCHI MEDICAL CENTRE (A UNIT OF SRI VASUDEVAPERUMAL HEALTHCARE PRIVATE LIMITED),nabl034588,2022,Medical,Renewal of Accreditation,DR. ANUSHYA A,labhead@smclife.in,8189800610,"37, TRICHY MAIN ROAD",Tamil Nadu,Thanjavur,613005,Accreditation Certificate Approved and Issued,"Clinical Biochemistry,Cytopathology,Molecular Diagnostics,Histopathology,Clinical Pathology,Microbiology & Infectious disease serology,Haematology & Immunohaematology",",--Select Group--",MC-6468,20/04/2026,19/04/2030,,13/05/2026,Archive Applications,Oct 3 2026 7:30AM
58,M-4927,OCEANITE MEDICAL SERVICES PRIVATE LIMITED (DEPARTMENT OF LABORATORY SERVICES),nabl034623,2022,Medical,Renewal of Accreditation,SHOMADRITA BISWAS,operations@oceanite.in,9831770817,"32/1, K.P ROY LANE, SAHID NAGAR",West Bengal,Kolkata,700031,Accreditation Certificate Approved and Issued,"Clinical Biochemistry,Clinical Pathology,Haematology & Immunohaematology",,MC-8033,10/04/2026,09/04/2030,,,Gayathri S,Oct 3 2026 7:30AM
59,M-4891,CHENNAI RAJMEDICARE LAB Private Limited,nabl034669,2022,Medical,Renewal of Accreditation,T RAMESH KUMAR,rameshkumar4v@yahoo.co.in,9841074668,"OLD NO: 24, NEW NO.26, NANDHI LOOP STREET, (WEST CIT NAGAR), NANDANAM",Tamil Nadu,Chennai,600035,Accreditation Certificate Approved and Issued,"Clinical Biochemistry,Molecular Testing,Haematology,Clinical Pathology,Microbiology & Infectious disease serology",,MC-6288,30/01/2026,29/01/2030,,,Shweta Sinha,Oct 3 2026 7:30AM
60,M-4884,NEUBERG ANAND REFERENCE LABORATORY - A UNIT OF NEUBERG DIAGNOSTICS PRIVATE LIMITED,nabl034723,2022,Medical,Scope Extension,Sheela ashok,sheela@neubergdiagnostics.com,9449866260,"ANAND TOWER, #54, BOWRING HOSPITAL ROAD, SHIVAJINAGAR",Karnataka,Bengaluru,560001,Accreditation Certificate Approved and Issued,"Clinical Biochemistry,Cytopathology,Cytogenetics,MI CAB - Ultrasound and Color Doppler,Molecular Diagnostics,MI CAB - Projectional Radiography and Fluoroscopy,Histopathology,Clinical Pathology,Flow Cytometry,Microbiology & Infectious disease serology,Haematology & Immunohaematology",",--Select Group--",MC-6072,22/06/2025,21/06/2029,,14/05/2026,Archive Applications,Oct 3 2026 7:30AM
61,M-4967,MARINE MEDICAL SERVICES,nabl034772,2022,Medical,Renewal of Accreditation,ASHISH CHAUDHARI,mmsnabl1999@gmail.com,9820189028,"703, SAMARPAN COMPLEX, CHAKALA ANDHERI EAST",Maharashtra,Mumbai,400099,Accreditation Certificate Approved and Issued,"Clinical Biochemistry,Microbiology & Infectious disease serology,Haematology & Immunohaematology",,MC-6417,21/03/2026,20/03/2030,,,Archive Applications,Oct 3 2026 7:30AM
62,M-4940,RAINBOW DIAGNOSTICS UNIT OF VIRAJ DIAGNOSTICS PRIVATE LIMITED,nabl034833,2022,Medical,Renewal of Accreditation,VIJAY KUMAR,kvijayrainbow1@gmail.com,9810990496,"SC-45, SHALIMAR GARDEN, SAHIBABAD",Uttar Pradesh,Ghaziabad,201005,Accreditation Certificate Approved and Issued,"Clinical Biochemistry,MI CAB - Ultrasound and Color Doppler,MI CAB - Projectional Radiography and Fluoroscopy,Clinical Pathology,Microbiology & Infectious disease serology,Haematology & Immunohaematology",,MC-6490,01/05/2026,30/04/2030,,,Archive Applications,Oct 3 2026 7:30AM
63,M-4892,PROGNOSIS LABORATORIES A SUBSIDIARY OF MEDGENOME,nabl034856,2022,Medical,Scope Extension,SHIVANI RAWAT,quality@prlworld.com,8285475028,"515-516, SECTOR-19, DWARKA",Delhi,New Delhi,110075,Accreditation Certificate Approved and Issued,"Clinical Biochemistry,Cytopathology,Molecular Testing,Haematology,Histopathology,Clinical Pathology,Microbiology & Infectious disease serology",,MC-6188,29/08/2025,28/08/2029,,09/06/2026,Archive Applications,Oct 3 2026 7:30AM
64,M-4994,VIJAYA DIAGNOSTIC CENTRE LIMITED,nabl034862,2022,Medical,Renewal of Accreditation,Vijaya Sree Mathe,vijayasree.mathe@vijayadiagnostic.in,9989701120,"SY.NO.15, 16/1, 15/2, 11, 11/2, 12, 13, 14, PAIKI&14, HABSIGUDA, KAKATIYA NAGAR",Telangana,Hyderabad,500007,Accreditation Certificate Approved and Issued,"Clinical Biochemistry,Cytopathology,Clinical Pathology,Microbiology & Infectious disease serology,Haematology & Immunohaematology",",--Select Group--",MC-8078,06/05/2026,05/05/2030,,,Archive Applications,Oct 3 2026 7:30AM
65,M-4995,VIJAYA DIAGNOSTIC CENTRE LIMITED,nabl034863,2022,Medical,Scope Extension,VIJAYA SREE MATHE,vijayasree.mathe@vijayadiagnostic.in,9989701120,"16-11-741/CC & C/C1, C/C2, C3, C/CA TO B,C, CD 7 ON PLOT NO.3A, SY.NO.316/1-2,16-11-74/C/4, GADDIANNARAM, DILSUKHNAGAR",Telangana,Hyderabad,500036,Accreditation Certificate Approved and Issued,"Clinical Biochemistry,Cytopathology,Clinical Pathology,Microbiology & Infectious disease serology,Haematology & Immunohaematology",",--Select Group--",MC-8070,30/04/2026,29/04/2030,,09/09/2026,Shweta Sinha,Oct 3 2026 7:30AM
66,M-4893,LIFENITY HEALTH LIMITED,nabl034884,2022,Medical,Renewal of Accreditation,SUNIL K SINGH,quality.lp@lifenitywellness.com,7977214776,"12TH FLOOR, D WING, TRADE WORLD, KAMALA MILLS COMPOUND, SENAPATI BAPAT ROAD, LOWER PAREL(W)",Maharashtra,Mumbai,400013,Accreditation Certificate Approved and Issued,"Clinical Biochemistry,Haematology,Clinical Pathology,Microbiology & Infectious disease serology",,MC-6118,02/01/2025,21/12/2028,,14/01/2025,Archive Applications,Oct 3 2026 7:30AM
67,M-5019,LUPIN DIAGNOSTICS (LUPIN DIAGNOSTICS LIMITED),nabl034907,2022,Medical,Renewal of Accreditation,Krishna Kumar Yadav,krishnayadav4@lupindiagnostics.com,7004232894,"GROUND FLOOR AND FIRST FLOOR, DEOKI COMMERCIAL COMPLEX, DS-11, LOHIA NAGAR, DOCTORS COLONY, KANKARBAGH, P.S: AGAMKUAN.",Bihar,Patna,800020,Accreditation Certificate Approved and Issued,"Clinical Biochemistry,Clinical Pathology,Haematology & Immunohaematology",,MC-6576,03/06/2026,02/06/2030,,,Shweta Sinha,Oct 3 2026 7:30AM
68,M-4896,AGILUS DIAGNOSTICS LIMITED,nabl034910,2022,Medical,Renewal of Accreditation,Geetha B S,Path.Nab@fortishealthcare.com,9886779236,"#23, GURUKRUPA LAYOUT, 80 FEET RAOD, NAGARBHAVI 2ND STAGE",Karnataka,Bengaluru,560072,Accreditation Certificate Approved and Issued,"Clinical Biochemistry,Haematology,Clinical Pathology,Microbiology & Infectious disease serology",,MC-6106,12/05/2025,11/05/2029,,,Archive Applications,Oct 3 2026 7:30AM
69,M-4910,PREDLABS PRIVATE LIMITED,nabl034924,2022,Medical,Renewal of Accreditation,Niharika Sharma,quality@predlabs.in,8955641143,"SREE SAI PADMA ARCADE, PREDLABS, 2ND AND 3RD FLOOR, WHITEFIELD",Karnataka,Bengaluru,560066,Accreditation Certificate Approved and Issued,"Clinical Biochemistry,Clinical Pathology,Haematology & Immunohaematology",",--Select Group--",MC-6384,14/03/2026,13/03/2030,,17/03/2026,Archive Applications,Oct 3 2026 7:30AM
70,M-4900,"METROPOLIS HEALTHCARE LIMITED, SURAT",nabl034970,2022,Medical,Renewal of Accreditation,GARGI PATEL,gargi.patel@metropolisindia.com,9825499636,"1ST, 2ND, 5TH, 6TH & 7TH FLOOR, MAHER PARK-A, J P ROAD, ATHWAGATE",Gujarat,Surat,395001,Accreditation Certificate Approved and Issued,"Clinical Biochemistry,Cytopathology,Molecular Diagnostics,Histopathology,Clinical Pathology,Microbiology & Infectious disease serology,Haematology & Immunohaematology",",--Select Group--",NABLM0626GJ08114,31/05/2026,30/05/2030,,10/06/2026,Gayathri S,Oct 3 2026 7:30AM
71,M-4903,AGILUS DIAGNOSTICS LIMITED,nabl035011,2022,Medical,First Accreditation,AMIT AGGARWAL,AMIT.AGGARWAL@SRL.IN,9888080701,"FORTIS HOSPITAL, MUNDIAN KALAN, CHANDIGARH ROAD",Punjab,Ludhiana,141015,Accreditation Certificate Approved and Issued,"Clinical Biochemistry,Cytopathology,Clinical Pathology,Microbiology & Infectious disease serology,Haematology & Immunohaematology",,MC-6104,10/03/2026,11/08/2029,,,Shweta Sinha,Oct 3 2026 7:30AM
72,M-5246,MACARE DIAGNOSTICS AND CLINIC,nabl035155,2022,Medical,First Accreditation,BIJU T C,bhmacarethrissur@manappuramfoundation.org,9645501183,"V/696/ 1 TO 3 GROUND FLOOR, KRISHNA TOWER, ASWANI JN, TUDA ROAD",Kerala,Thrissur,680020,Accreditation Certificate Approved and Issued,"Clinical Biochemistry,Haematology",,MC-7255,21/03/2025,20/03/2029,,,Archive Applications,Oct 3 2026 7:30AM
73,M-4915,NEUBERG SUPRATECH REFERENCE LABORATORIES (A UNIT OF NEUBERG DIAGNOSTICS PRIVATE LIMITED),nabl035167,2022,Medical,Scope Extension,PRASHANT M PARIKH,drpmparikh@rediff.com,9898022832,"GF/FF, FF/10 KEDAR 2, BRAHMIN MITRA MANDAL SOCIETY, PARIMAL CROSSING ROAD, ELLISBRIDGE",Gujarat,Ahmedabad,380006,Accreditation Certificate Approved and Issued,"Clinical Biochemistry,Cytopathology,Molecular Testing,Haematology,Histopathology,Clinical Pathology,Flow Cytometry,Microbiology & Infectious disease serology",",--Select Group--",MC-6136,09/11/2024,08/11/2028,,17/09/2025,Archive Applications,Oct 3 2026 7:30AM
74,M-4919,"NEUBERG CENTER FOR GENOMIC MEDICINE, A UNIT OF NEUBERG DIAGNOSTICS PVT LTD",nabl035242,2022,Medical,Renewal of Accreditation,USHMA SOLANKI,quality.ncgm@neubergdiagnostics.com,9227505026,SINDHU BHAVAN ROAD,Gujarat,Ahmedabad,380054,Accreditation Certificate Approved and Issued,"Molecular Testing,Cytogenetics",,MC-6200,08/12/2024,07/12/2028,,,Archive Applications,Oct 3 2026 7:30AM
75,M-4979,"CLINICAL BIOCHEMISTRY LABORATORY, AIIMS NAGPUR",nabl035345,2022,Medical,Renewal of Accreditation,Yogesh Pawade,clinibiochemlab@aiimsnagpur.edu.in,7506036750,"ROOM NO: 11, LABORATORY BLOCK, GROUND FLOOR, IPD BLOCK PLOT NO. 2, SECTOR 20",Maharashtra,Nagpur,441108,Accreditation Certificate Approved and Issued,Clinical Biochemistry,,MC-6514,08/05/2026,07/05/2030,,09/05/2026,Shweta Sinha,Oct 3 2026 7:30AM
76,M-4934,"ORANGE HEALTH LABS, A UNIT OF ORCHARD HEALTHCARE PRIVATE LIMITED",nabl035354,2022,Medical,Renewal of Accreditation,Rajini K V,rajini@orangehealth.in,9916663055,"#912, 2ND FLOOR, VENKAPPA GARDEN, GKR TOWER, KORAMANGALA, BENGALURU URBAN",Karnataka,Bengaluru,560095,Accreditation Certificate Approved and Issued,"Clinical Biochemistry,Clinical Pathology,Microbiology & Infectious disease serology,Haematology & Immunohaematology",,MC-6367,06/03/2026,05/03/2030,,11/03/2026,Archive Applications,Oct 3 2026 7:30AM
77,M-4931,HYBRINOMICS LIFE SCIENCE AND DIAGNOSTICS LLP,nabl035365,2022,Medical,Renewal of Accreditation,PRABHU MEGANATHAN,prabmeg@hybrinomics.com,9986526050,"SITE NO. 50, 2ND MAIN, MARUTHI TOWNSHIP, B. HANUMANTHANAGAR, BILESHIVALE, DODDAGUBBI POST",Karnataka,Bengaluru,560077,Accreditation Certificate Approved and Issued,Histopathology,,MC-8015,25/03/2026,24/03/2030,,,Archive Applications,Oct 3 2026 7:30AM
78,M-4990,DR. HARESH SAHIJWALA'S MEDICAL CENTRE LLP,nabl035401,2022,Medical,Renewal of Accreditation,ISMAIL KARBARI,pemekalina@drharesh.com,9819984646,"G-236, ZILLION, LBS MARG, CST ROAD JUNCTION, KURLA WEST",Maharashtra,Mumbai,400070,Accreditation Certificate Approved and Issued,Clinical Biochemistry,,MC-6447,08/04/2026,07/04/2030,,,Shweta Sinha,Oct 3 2026 7:30AM
79,M-4943,SERVICEBRIGHT PATHOLOGY AND WELLNESS LLP,nabl035425,2022,Medical,Renewal of Accreditation,SUVRA GAYEN,lab@apolloballygunge.com,8478892585,"56, LEELA ROY SARANI",West Bengal,Kolkata,700019,Accreditation Certificate Approved and Issued,"Clinical Biochemistry,Haematology & Immunohaematology",,MC-6566,31/05/2026,30/05/2030,,,Shweta Sinha,Oct 3 2026 7:30AM
80,M-5014,IHPL GLOBAL LLP,nabl035452,2022,Medical,Renewal of Accreditation,Seema Gurnani,medlab@ihplglobal.com,9769657712,"206 B, 2ND FLOOR, ANDHERI ROAD, KANAKIA WALL STREET, CHAKALA, ANDHERI EAST",Maharashtra,Mumbai,400093,Accreditation Certificate Approved and Issued,"Clinical Biochemistry,Clinical Pathology,Microbiology & Infectious disease serology,Haematology & Immunohaematology",",--Select Group--",MC-6517,10/05/2026,09/05/2030,,14/05/2026,Shweta Sinha,Oct 3 2026 7:30AM
81,M-4939,AAYUSH NRI LEPL HEALTHCARE PRIVATE LIMITED,nabl035456,2022,Medical,Renewal of Accreditation,Kalyan Koti,qaaayush@gmail.com,8498061184,"#48-13-3 & 3A, RING ROAD, SRI RAMACHANDRA NAGAR",Andhra Pradesh,Vijayawada,520008,Accreditation Certificate Approved and Issued,"Clinical Biochemistry,Cytopathology,Clinical Pathology,Haematology & Immunohaematology",,NABLM0626AD08131,26/06/2026,25/06/2030,,,Shweta Sinha,Oct 3 2026 7:30AM
82,M-4930,REVVITY HEALTH SCIENCES PRIVATE LIMITED,nabl035470,2022,Medical,Renewal of Accreditation,Durgadatta Tosh,durgadatta.tosh@revvity.com,9176625757,"BLOCK NO. 702-704, 7TH FLOOR, TICEL BIO PARK, PHASE II, CSIR RD, THARAMANI",Tamil Nadu,Chennai,600113,Accreditation Certificate Approved and Issued,"Clinical Biochemistry,Molecular Testing,Cytogenetics",,MC-6167,23/11/2025,22/11/2029,,,Archive Applications,Oct 3 2026 7:30AM
83,M-4974,LUPIN DIAGNOSTICS (LUPIN DIAGNOSTICS LIMITED),nabl035510,2022,Medical,Renewal of Accreditation,Monal Dixit,monaldixit@lupindiagnostics.com,9630607967,"NO G-5, FORTUNE AMBIENCE, 4/2, SOUTH TUKOGANJ",Madhya Pradesh,Indore,452001,Accreditation Certificate Approved and Issued,"Clinical Biochemistry,Clinical Pathology,Haematology & Immunohaematology",,MC-6479,24/04/2026,23/04/2030,,,Shweta Sinha,Oct 3 2026 7:30AM
84,M-4964,THYROCARE TECHNOLOGIES LIMITED,nabl035521,2022,Medical,Renewal of Accreditation,Poonam Korade,poonam.korade@thyrocare.com,7391821262,"PLOT NO. 420 C, 2ND FLOOR GARGI AURA, IDA SCHEME 114 PART 1, AB ROAD, DEWAS NAKA",Madhya Pradesh,Indore,452010,Accreditation Certificate Approved and Issued,"Clinical Biochemistry,Haematology,Clinical Pathology,Microbiology & Infectious disease serology",,MC-6368,06/03/2026,05/03/2030,,,Archive Applications,Oct 3 2026 7:30AM
85,M-4965,THYROCARE TECHNOLOGIES LIMITED,nabl035526,2022,Medical,Renewal of Accreditation,Niraj Kumar,niraj.k@thyrocare.com,7209964314,"THE CHAND MALL, 1ST FLOOR, FATEHGARH CHURIAN ROAD",Punjab,Amritsar,143001,Accreditation Certificate Approved and Issued,"Clinical Biochemistry,Clinical Pathology,Microbiology & Infectious disease serology,Haematology & Immunohaematology",,MC-6410,22/03/2026,21/03/2030,,10/04/2026,Archive Applications,Oct 3 2026 7:30AM
86,M-5023,(DEPARTMENT OF LABORATORY MEDICINE) SEN DIAGNOSTICS PRIVATE LIMITED,nabl035543,2022,Medical,Renewal of Accreditation,INDRONEEL SEN,senindro@gmail.com,9955770976,"BUDH MARG, MAURYA LOK",Bihar,Patna,800001,Accreditation Certificate Approved and Issued,"Clinical Biochemistry,Haematology & Immunohaematology",,MC-6584,07/06/2026,06/06/2030,,,Archive Applications,Oct 3 2026 7:30AM
87,M-5124,R B DIAGNOSTIC PRIVATE LIMITED,nabl035607,2022,Medical,Scope Extension,Mansi Gulati,lab@rbdiagnostics.com,9330023598,"P-846, BLOCK-A, LAKE TOWN",West Bengal,Kolkata,700089,Accreditation Certificate Approved and Issued,"Clinical Biochemistry,Molecular Testing,Haematology,Clinical Pathology,Microbiology & Infectious disease serology",,MC-7108,17/01/2025,16/01/2029,,27/04/2026,Archive Applications,Oct 3 2026 7:30AM
88,M-4969,THYROCARE TECHNOLOGIES LIMITED,nabl035628,2022,Medical,Renewal of Accreditation,Mohammad Tahzeeb,mohammad.tahzeeb@thyrocare.com,9923291803,"BLOCK 101, 102, 103, 116, FIRST FLOOR, MAITRI WILLOWS, SIR BENOZI MEHTA ROAD",Maharashtra,Nagpur,440018,Accreditation Certificate Approved and Issued,"Clinical Biochemistry,Clinical Pathology,Microbiology & Infectious disease serology,Haematology & Immunohaematology",,MC-6408,21/03/2026,20/03/2030,,,Archive Applications,Oct 3 2026 7:30AM
89,M-5560,HOMI BHABHA CANCER HOSPITAL & RESEARCH CENTRE - MEDICAL LABORATORIES (A UNIT OF TATA MEMORIAL CENTRE),nabl035644,2022,Medical,First Accreditation,PUNEET PUNDIR,quality.m@hbchrcm.tmc.gov.in,9876959245,"PLOT NO.1, MEDICITY, NEW CHANDIGARH, S.A.S. NAGAR, MOHALI",Punjab,Mullanpur Garibdas,140901,Accreditation Certificate Approved and Issued,"Clinical Biochemistry,Cytopathology,Molecular Testing,Haematology,Histopathology,Clinical Pathology,Microbiology & Infectious disease serology",",--Select Group--",MC-7358,14/05/2025,13/05/2029,,,Archive Applications,Oct 3 2026 7:30AM
90,M-5134,"""POLY LAB"" UNIT OF LEO CLINICAL DIAGNOSTIC CENTRE LLP",nabl035656,2022,Medical,Onsite Surveillance,Kiran K,quality@leolabs.in,9037986105,"45/4050, A.V.K. NAIR ROAD",Kerala,Thalassery,670101,Accreditation Certificate Approved and Issued,Clinical Biochemistry,,MC-6940,04/12/2025,31/10/2028,,,Archive Applications,Oct 3 2026 7:30AM
91,M-4962,THYROCARE TECHNOLOGIES LIMITED,nabl035738,2022,Medical,Renewal of Accreditation,Poonam Korade,poonam.korade@thyrocare.com,7391821262,"SHOP NO 4-11A, 1ST FLOOR, UNIQUE DESTINATION (0138), TONK ROAD",Rajasthan,Jaipur,302015,Accreditation Certificate Approved and Issued,"Clinical Biochemistry,Clinical Pathology,Microbiology & Infectious disease serology,Haematology & Immunohaematology",,MC-6369,08/03/2026,07/03/2030,,,Archive Applications,Oct 3 2026 7:30AM
92,M-5186,HIV DIAGNOSTIC LABORATORY,nabl035774,2022,Medical,Onsite Surveillance,AJEYA SINGH,viralloadlabpmc@gmail.com,9546638009,"DEPARTMENT OF MICROBIOLOGY, PATNA MEDICAL COLLEGE, ASHOK RAJPATH",Bihar,Patna,800004,Accreditation Certificate Approved and Issued,"Molecular Testing,Microbiology & Infectious disease serology",,MC-6902,20/08/2025,07/10/2028,,,Shweta Sinha,Oct 3 2026 7:30AM
93,M-5051,DR. LAL PATHLABS LIMITED,nabl035781,2022,Medical,NABL 201,GARIMA GUPTA,garima.gupta@lalpathlabs.com,9099007708,"AADHAR HOSPITAL, SOUTH BYPASS CROSSING, NH-10",Haryana,Hisar,125001,Accreditation Certificate Approved and Issued,"Clinical Biochemistry,Clinical Pathology,Microbiology & Infectious disease serology,Haematology & Immunohaematology",,NABLM0626HR08126,03/06/2026,02/06/2030,,21/08/2026,Shweta Sinha,Oct 3 2026 7:30AM
94,M-4999,ANDERSON DIAGNOSTICS AND LABS (A UNIT OF ANDERSON DIAGNOSTIC SERVICES PRIVATE LIMITED),nabl035829,2022,Medical,Renewal of Accreditation,ELANGOVAN,lab-in-charge@andersondiagnostics.com,9962595013,"26 RAJARATHINAM STREET, KILPAUK",Tamil Nadu,Chennai,600010,Accreditation Certificate Approved and Issued,"Cytogenetics,Molecular Diagnostics,Histocompatibility & Immunogenetics",,MC-6558,29/05/2026,28/05/2030,,02/06/2026,Shweta Sinha,Oct 3 2026 7:30AM
95,M-5003,"DEPARTMENT OF PATHOLOGY AND LABORATORY MEDICINE, JAY PRABHA MEDANTA SUPER SPECIALTY HOSPITAL",nabl035840,2022,Medical,First Accreditation,IMRANUL HAQUE,imranul.haque@medanta.org,9693425376,"HOUSING BOARD COLONY, KANKARBAGH, PATRAKAR NAGAR",Bihar,Patna,800020,Accreditation Certificate Approved and Issued,"Clinical Biochemistry,Cytopathology,Haematology,Histopathology,Clinical Pathology,Microbiology & Infectious disease serology",,MC-6925,22/10/2024,21/10/2028,,,Archive Applications,Oct 3 2026 7:30AM
96,M-4970,BAUNTHIYAL PATH LABS AND IMAGING CENTRE PRIVATE LIMITED,nabl035853,2022,Medical,Renewal of Accreditation,ABHISHEK BAUNTHIYAL,abhishekbaunthiyal83@gmail.com,9758120453,"LANE C-8, TURNER ROAD",Uttarakhand,Dehradun,248002,Accreditation Certificate Approved and Issued,"Clinical Biochemistry,Molecular Testing,Haematology,Clinical Pathology,Microbiology & Infectious disease serology",,MC-6296,16/05/2025,15/05/2029,,,Archive Applications,Oct 3 2026 7:30AM
97,M-5251,"INSTITUTE OF HUMAN BEHAVIOUR AND ALLIED SCIENCES, DEPARTMENT OF PATHOLOGY",nabl035879,2022,Medical,Onsite Surveillance,shikha,pathologyihbas@gmail.com,9958650567,"DILSHAD GARDEN, EAST DELHI",Delhi,Delhi,110095,Accreditation Certificate Approved and Issued,"Cytopathology,Histopathology,Clinical Pathology,Haematology & Immunohaematology",",--Select Group--",MC-7256,22/03/2025,21/03/2029,,15/07/2026,Haribabu Aennampalli,Oct 3 2026 7:30AM
98,M-4997,IQ DIAGNOSTICS PRIVATE LIMITED,nabl035960,2022,Medical,Renewal of Accreditation,ANKITA SINGHAL,director@iqdiagnostics.in,6398667493,"BLK-003/004, SECTOR 121, GAUTAM BUDDHA NAGAR",Uttar Pradesh,Noida,201307,Accreditation Certificate Approved and Issued,"Clinical Biochemistry,Molecular Diagnostics,Haematology,Clinical Pathology,Microbiology & Infectious disease serology,Haematology & Immunohaematology",,MC-6470,20/04/2026,19/04/2030,,11/05/2026,Shweta Sinha,Oct 3 2026 7:30AM
99,M-4981,IMMUNO DIAGNOSTICS PRIVATE LIMITED,nabl035979,2022,Medical,Renewal of Accreditation,AJAY KUMAR,itsnirmal@rediffmail.com,9654228102,"B 17, POCKET B, OKHLA PHASE II, OKHLA INDUSTRIAL ESTATE",Delhi,New Delhi,110020,Accreditation Certificate Approved and Issued,"Clinical Biochemistry,Molecular Diagnostics,Clinical Pathology,Microbiology & Infectious disease serology,Haematology & Immunohaematology",",--Select Group--",MC-6428,28/03/2026,27/03/2030,,,Shweta Sinha,Oct 3 2026 7:30AM
100,M-5238,DRX LABS,nabl035980,2022,Medical,NABL 201,Amit Verma,amit.verma@drxlabs.co.in,9871172498,"PLOT NO. 3&4, AMBERHAI, SECTOR-19, DWARKA",Delhi,New Delhi,110075,Accreditation Certificate Approved and Issued,"Clinical Biochemistry,Molecular Testing,Haematology,Microbiology & Infectious disease serology",,MC-6975,15/09/2025,20/11/2028,,,Archive Applications,Oct 3 2026 7:30AM
